Name,Closet Image,Storage Image,Variation,DIY,Buy,Sell,HHA Base Points,Color 1,Color 2,Size,Exchange Price,Exchange Currency,Source,Source Notes,Season/Event,Season/Event Exclusive,Seasonal Availability,Seasonality,Mannequin Season,Gender,Villager Gender,Style 1,Style 2,Sort Order,Label Themes,Type,Villager Equippable,Catalog,Version Added,Unlocked?,Filename,ClothGroup ID,Internal ID,Unique Entry ID,Internal ID as hex
3D glasses,,,White,No,490,122,51,White,Colorful,1x1,440.0,Poki,Able Sisters,Available from Able Sisters shop only,,,All Year,All Year,,Free,Free,Active,Active,1,party,AccessoryEye,Yes,For sale,1.0.0,Yes,AccessoryGlassThreed0,386,4463,FNxEraBTeWRiCvtFu,116F
3D glasses,,,Black,No,490,122,51,Black,Colorful,1x1,440.0,Poki,Able Sisters,Available from Able Sisters shop only,,,All Year,All Year,,Free,Free,Active,Active,2,party,AccessoryEye,Yes,For sale,1.0.0,Yes,AccessoryGlassThreed1,386,11020,mM9SXPCcGPfPJAmtm,2B0C
animal nose,,,,No,560,140,51,Black,Black,1x1,500.0,Poki,Able Sisters,Available from either Mabel's temporary shop or Able Sisters shop,Halloween (days before); Halloween,No,All Year,All Year,,Free,Free,Cute,Cute,1,fairy tale; goth; party,AccessoryMouthInvisibleNose,Yes,For sale,1.5.0,Yes,AccessoryMouthHalloween0,1271,13018,6RJgfodWEebvmWTN9,32DA
ballroom mask,,,White,No,1040,260,51,White,White,1x1,940.0,Poki,Able Sisters,Available from Able Sisters shop only,Prom,Yes,All Year,All Year,,Free,Free,Elegant,Elegant,1,fairy tale; party; theatrical,AccessoryEye,Yes,For sale,1.9.0,Yes,AccessoryGlassDance0,441,4561,aejA2rbAuzwNyPHFZ,11D1
ballroom mask,,,Black,No,1040,260,51,Black,Black,1x1,940.0,Poki,Able Sisters,Available from Able Sisters shop only,Prom,Yes,All Year,All Year,,Free,Free,Elegant,Elegant,2,fairy tale; party; theatrical,AccessoryEye,Yes,For sale,1.9.0,Yes,AccessoryGlassDance1,441,11159,bQ6ZyNH4876dxpspJ,2B97
bandage,,,,No,140,35,51,Beige,White,1x1,130.0,Poki,Able Sisters,Available from either Mabel's temporary shop or Able Sisters shop,,,All Year,All Year,All Year,Free,Free,Active,Simple,1,outdoorsy; comfy; sporty,AccessoryMouth,No,For sale,1.0.0,Yes,AccessoryMouthBandageSkin,503,4677,2qFT5iPkk8bREvpkj,1245
beak,,,,No,490,122,51,Yellow,Yellow,1x1,440.0,Poki,Able Sisters,Available from either Mabel's temporary shop or Able Sisters shop,,,All Year,All Year,All Year,Free,Free,Cute,Cute,1,fairy tale; party; theatrical,AccessoryMouthInvisibleNose,No,For sale,1.0.0,Yes,AccessoryMouthBeakYellow,184,3549,T5CpsJi4xBSachNL5,0DDD
birthday shades,,,Red,No,NFS,620,573,Red,Pink,1x1,,,Birthday,,Birthday,Yes,All Year,All Year,,Free,Free,Gorgeous,Gorgeous,1,party,AccessoryEye,Yes,Not for sale,1.0.0,Yes,AccessoryGlassBirthday2,415,11218,ojXoAAj8Bs2XgRiWB,2BD2
birthday shades,,,Pink,No,NFS,620,573,Pink,Pink,1x1,,,Birthday,,Birthday,Yes,All Year,All Year,,Free,Free,Gorgeous,Gorgeous,2,party,AccessoryEye,Yes,Not for sale,1.0.0,Yes,AccessoryGlassBirthday1,415,11217,g3MPcmAKM4z5h8KYX,2BD1
birthday shades,,,Yellow,No,NFS,620,573,Yellow,Red,1x1,,,Birthday,,Birthday,Yes,All Year,All Year,,Free,Free,Gorgeous,Gorgeous,3,party,AccessoryEye,Yes,Not for sale,1.0.0,Yes,AccessoryGlassBirthday0,415,4510,S6CiB9ZvzBTMhEnDz,119E
birthday shades,,,Blue,No,NFS,620,573,Aqua,Green,1x1,,,Birthday,,Birthday,Yes,All Year,All Year,,Free,Free,Gorgeous,Gorgeous,4,party,AccessoryEye,Yes,Not for sale,1.0.0,Yes,AccessoryGlassBirthday3,415,11219,Yr9mRJaZM44554oTS,2BD3
bottom-rimmed glasses,,,Black,No,1100,275,51,Black,Black,1x1,990.0,Poki,Able Sisters,Available from Able Sisters shop only,,,All Year,All Year,,Free,Free,Simple,Simple,1,everyday; comfy; work,AccessoryEye,Yes,For sale,1.0.0,Yes,AccessoryGlassLoose6,463,11086,eT6KLntq43nCGFvB9,2B4E
bottom-rimmed glasses,,,Red,No,1100,275,51,Red,Red,1x1,990.0,Poki,Able Sisters,Available from Able Sisters shop only,,,All Year,All Year,,Free,Free,Simple,Simple,2,everyday; comfy; work,AccessoryEye,Yes,For sale,1.0.0,Yes,AccessoryGlassLoose0,463,4597,ZHqtvcoqqDpJLf9Pc,11F5
bottom-rimmed glasses,,,Pink,No,1100,275,51,Pink,Pink,1x1,990.0,Poki,Able Sisters,Available from Able Sisters shop only,,,All Year,All Year,All Year,Free,Free,Simple,Simple,3,everyday; comfy; work,AccessoryEye,Yes,For sale,1.0.0,Yes,AccessoryGlassLoose5,463,11085,zpzD4NjApEyazKyKt,2B4D
bottom-rimmed glasses,,,Yellow,No,1100,275,51,Yellow,Yellow,1x1,990.0,Poki,Able Sisters,Available from Able Sisters shop only,,,All Year,All Year,Summer; Winter,Free,Free,Simple,Simple,4,everyday; comfy; work,AccessoryEye,Yes,For sale,1.0.0,Yes,AccessoryGlassLoose4,463,11084,w7bEbAGSQTvur6D6f,2B4C
bottom-rimmed glasses,,,Green,No,1100,275,51,Green,Green,1x1,990.0,Poki,Able Sisters,Available from Able Sisters shop only,,,All Year,All Year,,Free,Free,Simple,Simple,5,everyday; comfy; work,AccessoryEye,Yes,For sale,1.0.0,Yes,AccessoryGlassLoose2,463,11082,EtxJZDCgnqjWkETqK,2B4A
bottom-rimmed glasses,,,Blue,No,1100,275,51,Blue,Blue,1x1,990.0,Poki,Able Sisters,Available from Able Sisters shop only,,,All Year,All Year,,Free,Free,Simple,Simple,6,everyday; comfy; work,AccessoryEye,Yes,For sale,1.0.0,Yes,AccessoryGlassLoose3,463,11083,LEbiXtkHoiEMEtjWK,2B4B
bottom-rimmed glasses,,,Purple,No,1100,275,51,Purple,Purple,1x1,990.0,Poki,Able Sisters,Available from Able Sisters shop only,,,All Year,All Year,,Free,Free,Simple,Simple,7,everyday; comfy; work,AccessoryEye,Yes,For sale,1.0.0,Yes,AccessoryGlassLoose1,463,11081,akRhFD3qeJEPM7WiD,2B49
browline glasses,,,Gray,No,1040,260,51,Gray,Yellow,1x1,940.0,Poki,Able Sisters,Available from Able Sisters shop only,,,All Year,All Year,,Free,Free,Simple,Cool,1,everyday; formal; work,AccessoryEye,Yes,For sale,1.0.0,Yes,AccessoryGlassThurmont3,260,11071,R9rDoMEzPcBw75hLE,2B3F
browline glasses,,,Black,No,1040,260,51,Black,Yellow,1x1,940.0,Poki,Able Sisters,Available from Able Sisters shop only,,,All Year,All Year,Summer; Winter,Free,Free,Simple,Cool,2,everyday; formal; work,AccessoryEye,Yes,For sale,1.0.0,Yes,AccessoryGlassThurmont0,260,4238,gHxascFKEJNrLCtD9,108E
browline glasses,,,Green,No,1040,260,51,Green,Gray,1x1,940.0,Poki,Able Sisters,Available from Able Sisters shop only,,,All Year,All Year,,Free,Free,Simple,Cool,3,everyday; formal; work,AccessoryEye,Yes,For sale,1.0.0,Yes,AccessoryGlassThurmont2,260,11070,f6h8aqEufzizYBWiH,2B3E
browline glasses,,,Brown,No,1040,260,51,Brown,Yellow,1x1,940.0,Poki,Able Sisters,Available from Able Sisters shop only,,,All Year,All Year,All Year,Free,Free,Simple,Cool,4,everyday; formal; work,AccessoryEye,Yes,For sale,1.0.0,Yes,AccessoryGlassThurmont1,260,11069,9iqmzMJiAeQMBN3pk,2B3D
bubblegum,,,White,No,140,35,51,White,White,1x1,130.0,Poki,Able Sisters,Available from either Mabel's temporary shop or Able Sisters shop,,,All Year,All Year,,Free,Free,Simple,Cool,1,comfy,AccessoryMouth,No,For sale,1.0.0,Yes,AccessoryMouthBubblegum4,856,11030,r9N2a2TYhvXBKiihn,2B16
bubblegum,,,Pink,No,140,35,51,Pink,Pink,1x1,130.0,Poki,Able Sisters,Available from either Mabel's temporary shop or Able Sisters shop,,,All Year,All Year,,Free,Free,Simple,Cool,2,comfy,AccessoryMouth,No,For sale,1.0.0,Yes,AccessoryMouthBubblegum0,856,5738,4SLmXuCkS4eBjPbLn,166A
bubblegum,,,Yellow,No,140,35,51,Yellow,Yellow,1x1,130.0,Poki,Able Sisters,Available from either Mabel's temporary shop or Able Sisters shop,,,All Year,All Year,All Year,Free,Free,Simple,Cool,3,comfy,AccessoryMouth,No,For sale,1.0.0,Yes,AccessoryMouthBubblegum2,856,11028,79zoWzHvMBJYcwuAy,2B14
bubblegum,,,Green,No,140,35,51,Green,Green,1x1,130.0,Poki,Able Sisters,Available from either Mabel's temporary shop or Able Sisters shop,,,All Year,All Year,,Free,Free,Simple,Cool,4,comfy,AccessoryMouth,No,For sale,1.0.0,Yes,AccessoryMouthBubblegum3,856,11029,F3PoMop5MGyaxtKjZ,2B15
bubblegum,,,Blue,No,140,35,51,Aqua,Aqua,1x1,130.0,Poki,Able Sisters,Available from either Mabel's temporary shop or Able Sisters shop,,,All Year,All Year,,Free,Free,Simple,Cool,5,comfy,AccessoryMouth,No,For sale,1.0.0,Yes,AccessoryMouthBubblegum1,856,11027,9wWYKTtMdo9pWqfsM,2B13
bunny nose,,,White,No,560,140,51,White,Red,1x1,500.0,Poki,Able Sisters,Available from Able Sisters shop only,,,All Year,All Year,,Free,Free,Cute,Cute,1,fairy tale; party; theatrical,AccessoryMouthInvisibleNose,No,For sale,1.0.0,Yes,AccessoryMouthRabbit2,466,11024,ci8RKqDmqS5wD3W5k,2B10
bunny nose,,,Pink,No,560,140,51,Pink,Pink,1x1,500.0,Poki,Able Sisters,Available from Able Sisters shop only,,,All Year,All Year,,Free,Free,Cute,Cute,2,fairy tale; party; theatrical,AccessoryMouthInvisibleNose,No,For sale,1.0.0,Yes,AccessoryMouthRabbit0,466,4600,bxWYgcp2YKCdKe8Cr,11F8
bunny nose,,,Yellow,No,560,140,51,Yellow,Orange,1x1,500.0,Poki,Able Sisters,Available from Able Sisters shop only,,,All Year,All Year,,Free,Free,Cute,Cute,3,fairy tale; party; theatrical,AccessoryMouthInvisibleNose,No,For sale,1.0.0,Yes,AccessoryMouthRabbit1,466,11023,y6Dp62aNQn5ixvkwf,2B0F
butterfly shades,,,Blue,No,1040,260,51,Black,Blue,1x1,940.0,Poki,Able Sisters,Available from either Mabel's temporary shop or Able Sisters shop,,,All Year,All Year,All Year,Free,Free,Cool,Active,1,outdoorsy,AccessoryEye,Yes,For sale,1.0.0,Yes,AccessoryGlassButterfly0,474,4608,WjbaLp9JbBGYRrb6K,1200
butterfly shades,,,Red,No,1040,260,51,Red,Brown,1x1,940.0,Poki,Able Sisters,Available from either Mabel's temporary shop or Able Sisters shop,,,All Year,All Year,Summer,Free,Free,Cool,Active,2,outdoorsy,AccessoryEye,Yes,For sale,1.0.0,Yes,AccessoryGlassButterfly1,474,11503,AZrrNvHghPTHobKL4,2CEF
butterfly shades,,,Brown,No,1040,260,51,Brown,Brown,1x1,940.0,Poki,Able Sisters,Available from either Mabel's temporary shop or Able Sisters shop,,,All Year,All Year,,Free,Free,Cool,Active,3,outdoorsy,AccessoryEye,Yes,For sale,1.0.0,Yes,AccessoryGlassButterfly2,474,11504,rz3Pgs5XGNiQFa3t4,2CF0
candy-skull mask,,,Orange,No,NFS,800,451,White,Orange,1x1,,,Gulliver,,,,All Year,Autumn,,Free,Free,Gorgeous,Gorgeous,1,formal; party; theatrical,AccessoryEyeMouthInvisibleNose,No,Not for sale,1.0.0,Yes,AccessoryGlassmouthCatrina1,819,11169,xyQdqFuAkXkNs9qQ5,2BA1
candy-skull mask,,,Blue,No,NFS,800,451,White,Aqua,1x1,,,Gulliver,,,,All Year,Autumn,,Free,Free,Gorgeous,Gorgeous,2,formal; party; theatrical,AccessoryEyeMouthInvisibleNose,No,Not for sale,1.0.0,Yes,AccessoryGlassmouthCatrina2,819,11170,fev4af8sNdggceyW9,2BA2
candy-skull mask,,,Purple,No,NFS,800,451,White,Purple,1x1,,,Gulliver,,,,All Year,Autumn,,Free,Free,Gorgeous,Gorgeous,3,formal; party; theatrical,AccessoryEyeMouthInvisibleNose,No,Not for sale,1.0.0,Yes,AccessoryGlassmouthCatrina0,819,5666,GT3LzQZKg29riohcP,1622
cat nose,,,White,No,560,140,51,White,Pink,1x1,500.0,Poki,Able Sisters,Available from Able Sisters shop only,,,All Year,All Year,,Free,Free,Cute,Cute,1,fairy tale; party; theatrical,AccessoryMouthInvisibleNose,No,For sale,1.0.0,Yes,AccessoryMouthCat0,397,4483,45Muns9ig4dqrsFF7,1183
cat nose,,,Navy blue,No,560,140,51,Blue,Black,1x1,500.0,Poki,Able Sisters,Available from Able Sisters shop only,,,All Year,All Year,,Free,Free,Cute,Cute,2,fairy tale; party; theatrical,AccessoryMouthInvisibleNose,No,For sale,1.0.0,Yes,AccessoryMouthCat2,397,11022,ywdWXRcwKJNMMxDyj,2B0E
cat nose,,,Brown,No,560,140,51,Brown,Beige,1x1,500.0,Poki,Able Sisters,Available from Able Sisters shop only,,,All Year,All Year,,Free,Free,Cute,Cute,3,fairy tale; party; theatrical,AccessoryMouthInvisibleNose,No,For sale,1.0.0,Yes,AccessoryMouthCat1,397,11021,CXDCEFzBdv8DwkCyM,2B0D
cucumber pack,,,,No,490,122,51,Green,Green,1x1,440.0,Poki,Able Sisters,Available from either Mabel's temporary shop or Able Sisters shop,,,All Year,All Year,All Year,Free,Free,Simple,Cute,1,comfy,AccessoryMouth,No,For sale,1.0.0,Yes,AccessoryMouthCucumber,405,4491,MhbCBrYX5fHxZWDuA,118B
curly mustache,,,,No,700,175,51,Colorful,Colorful,1x1,630.0,Poki,Able Sisters,Available from Able Sisters shop only,,,All Year,All Year,,Free,Free,Simple,Gorgeous,1,fairy tale; formal; party,AccessoryMouthEarJaw,No,For sale,1.0.0,Yes,AccessoryMouthRollingmustacheBlack,498,4672,9tyCrNPeibcu5NLo8,1240
cyber shades,,,Silver,No,1300,325,51,Gray,Black,1x1,1200.0,Poki,Able Sisters,Available from Able Sisters shop only,,,All Year,All Year,,Free,Free,Active,Active,1,party; theatrical,AccessoryEye,Yes,For sale,1.0.0,Yes,AccessoryGlassCyber2,433,11499,AKakpCweRnd5hAsRB,2CEB
cyber shades,,,Black,No,1300,325,51,Black,Black,1x1,1200.0,Poki,Able Sisters,Available from Able Sisters shop only,,,All Year,All Year,,Free,Free,Active,Active,2,party; theatrical,AccessoryEye,Yes,For sale,1.0.0,Yes,AccessoryGlassCyber1,433,11498,67BAc4y8aADafp9Xk,2CEA
cyber shades,,,Red,No,1300,325,51,Red,Black,1x1,1200.0,Poki,Able Sisters,Available from Able Sisters shop only,,,All Year,All Year,,Free,Free,Active,Active,3,party; theatrical,AccessoryEye,Yes,For sale,1.0.0,Yes,AccessoryGlassCyber0,433,4552,3YPuxxPLkzwwNQMQd,11C8
cyber shades,,,Yellow,No,1300,325,51,Yellow,Black,1x1,1200.0,Poki,Able Sisters,Available from Able Sisters shop only,,,All Year,All Year,,Free,Free,Active,Active,4,party; theatrical,AccessoryEye,Yes,For sale,1.0.0,Yes,AccessoryGlassCyber5,433,11502,5pk9ZMDGsEzLqp24L,2CEE
cyber shades,,,Green,No,1300,325,51,Green,Black,1x1,1200.0,Poki,Able Sisters,Available from Able Sisters shop only,,,All Year,All Year,,Free,Free,Active,Active,5,party; theatrical,AccessoryEye,Yes,For sale,1.0.0,Yes,AccessoryGlassCyber4,433,11501,9izTCDGHSpqWrQp6T,2CED
cyber shades,,,Purple,No,1300,325,51,Purple,Black,1x1,1200.0,Poki,Able Sisters,Available from Able Sisters shop only,,,All Year,All Year,,Free,Free,Active,Active,6,party; theatrical,AccessoryEye,Yes,For sale,1.0.0,Yes,AccessoryGlassCyber3,433,11500,y2svNHScnr8cNZe86,2CEC
DAL eye mask,,,,No,NFS,1010,251,Blue,Blue,1x1,,,Dodo Airlines,Received in mail from DAL after 15 flights,,,All Year,All Year,,Free,Free,Simple,Cute,1,comfy; vacation,AccessoryEye,Yes,Not for sale,1.0.0,Yes,AccessoryGlassDalmask0,1182,12128,sbkqQrHpJWMEEZLSR,2F60
DAL sunglasses,,,,No,NFS,1010,251,Yellow,Blue,1x1,,,Dodo Airlines,Received in mail from DAL after 75 flights,,,All Year,All Year,,Free,Free,Gorgeous,Simple,1,comfy; vacation,AccessoryEye,Yes,Not for sale,1.0.0,Yes,AccessoryGlassDalglass0,1183,12129,zRnkH9B3rYNMLpiTP,2F61
doctor's mask,,,,No,140,35,51,White,White,1x1,130.0,Poki,Able Sisters,Available from either Mabel's temporary shop or Able Sisters shop,,,All Year,All Year,,Free,Free,Simple,Simple,1,everyday; goth; comfy,AccessoryMouthEarJaw,No,For sale,1.0.0,Yes,AccessoryMouthMaskWhite,375,4451,vZDsrDRdgrbbiwi8N,1163
dog nose,,,White,No,560,140,51,White,Black,1x1,500.0,Poki,Able Sisters,Available from Able Sisters shop only,,,All Year,All Year,,Free,Free,Cute,Cute,1,fairy tale; party; theatrical,AccessoryMouthInvisibleNose,No,For sale,1.0.0,Yes,AccessoryMouthDog0,630,5244,moGRcnkQihHbN89Kc,147C
dog nose,,,Black,No,560,140,51,Black,Black,1x1,500.0,Poki,Able Sisters,Available from Able Sisters shop only,,,All Year,All Year,,Free,Free,Cute,Cute,2,fairy tale; party; theatrical,AccessoryMouthInvisibleNose,No,For sale,1.0.0,Yes,AccessoryMouthDog2,630,11026,9JGbmWtDA3rmjf8Kc,2B12
dog nose,,,Beige,No,560,140,51,Orange,Black,1x1,500.0,Poki,Able Sisters,Available from Able Sisters shop only,,,All Year,All Year,,Free,Free,Cute,Cute,3,fairy tale; party; theatrical,AccessoryMouthInvisibleNose,No,For sale,1.0.0,Yes,AccessoryMouthDog1,630,11025,zCQqXy8HLE7rDfrQf,2B11
double nose tissues,,,,No,140,35,51,White,White,1x1,130.0,Poki,Able Sisters,,,,All Year,All Year,,Free,Free,Simple,Simple,1,everyday; fairy tale; outdoorsy; comfy,AccessoryMouth,No,For sale,2.0.0,Yes,AccessoryMouthTissuedouble0,1356,14247,E6i9gRTa99JmeGi7y,37A7
double-bridge glasses,,,Silver,No,1100,275,51,Gray,Gray,1x1,990.0,Poki,Able Sisters,Available from Able Sisters shop only,,,All Year,All Year,Summer,Free,Free,Elegant,Simple,1,comfy; vacation; work,AccessoryEye,Yes,For sale,1.0.0,Yes,AccessoryGlassDoublebridge2,277,11077,CLPEzZqr3vut85Ja4,2B45
double-bridge glasses,,,Gold,No,1100,275,51,Yellow,Yellow,1x1,990.0,Poki,Able Sisters,Available from Able Sisters shop only,,,All Year,All Year,,Free,Free,Elegant,Simple,2,comfy; vacation; work,AccessoryEye,Yes,For sale,1.0.0,Yes,AccessoryGlassDoublebridge0,277,4263,8QCnzjXY8KEyqf7Wa,10A7
double-bridge glasses,,,Blue,No,1100,275,51,Blue,Blue,1x1,990.0,Poki,Able Sisters,Available from Able Sisters shop only,,,All Year,All Year,,Free,Free,Elegant,Simple,3,comfy; vacation; work,AccessoryEye,Yes,For sale,1.0.0,Yes,AccessoryGlassDoublebridge3,277,11078,fD5pteAQtC8CMhq2v,2B46
double-bridge glasses,,,Purple,No,1100,275,51,Purple,Purple,1x1,990.0,Poki,Able Sisters,Available from Able Sisters shop only,,,All Year,All Year,Winter,Free,Free,Elegant,Simple,4,comfy; vacation; work,AccessoryEye,Yes,For sale,1.0.0,Yes,AccessoryGlassDoublebridge1,277,11076,guPGRuhMyqdWYKh8d,2B44
drinking-straw glasses,,,White,No,560,140,51,White,White,1x1,500.0,Poki,Able Sisters,Available from either Mabel's temporary shop or Able Sisters shop,,,All Year,All Year,,Free,Free,Active,Simple,1,party,AcceEyeMouth,No,For sale,1.0.0,Yes,AccessoryGlassmouthStraw3,865,11012,bQ67Xe7cQZ4PcXnNe,2B04
drinking-straw glasses,,,Pink,No,560,140,51,Pink,Pink,1x1,500.0,Poki,Able Sisters,Available from either Mabel's temporary shop or Able Sisters shop,,,All Year,All Year,,Free,Free,Active,Simple,2,party,AcceEyeMouth,No,For sale,1.0.0,Yes,AccessoryGlassmouthStraw2,865,11011,b4G7SFYMTs5YWJ4i5,2B03
drinking-straw glasses,,,Green,No,560,140,51,Green,Green,1x1,500.0,Poki,Able Sisters,Available from either Mabel's temporary shop or Able Sisters shop,,,All Year,All Year,,Free,Free,Active,Simple,3,party,AcceEyeMouth,No,For sale,1.0.0,Yes,AccessoryGlassmouthStraw0,865,5773,hMiEGoaE2jYb6kY4e,168D
drinking-straw glasses,,,Blue,No,560,140,51,Aqua,Aqua,1x1,500.0,Poki,Able Sisters,Available from either Mabel's temporary shop or Able Sisters shop,,,All Year,All Year,,Free,Free,Active,Simple,4,party,AcceEyeMouth,No,For sale,1.0.0,Yes,AccessoryGlassmouthStraw1,865,11010,DNij9RhiMW39MtKWF,2B02
elegant masquerade mask,,,Red,No,1040,260,51,Red,White,1x1,940.0,Poki,Able Sisters,Available from Able Sisters shop only,Prom,Yes,All Year,All Year,,Free,Free,Elegant,Gorgeous,1,fairy tale; party; theatrical,AccessoryEye,Yes,For sale,1.9.0,Yes,AccessoryGlassMasquerade0,937,6057,48Ao7rDAaG7MPK8wm,17A9
elegant masquerade mask,,,Blue,No,1040,260,51,Blue,White,1x1,940.0,Poki,Able Sisters,Available from Able Sisters shop only,Prom,Yes,All Year,All Year,,Free,Free,Elegant,Gorgeous,2,fairy tale; party; theatrical,AccessoryEye,Yes,For sale,1.9.0,Yes,AccessoryGlassMasquerade1,937,11175,ZfcPkSRN7NXkrEZH9,2BA7
eye gauze,,,,No,140,35,51,White,White,1x1,130.0,Poki,Able Sisters,,,,All Year,All Year,,Free,Free,Simple,Simple,1,goth; comfy,AccessoryOneEye,Yes,For sale,2.0.0,Yes,AccessoryGlassGauze0,1254,12975,jEvMDCmwP5ebW7gh6,32AF
eye mask,,,Gray,No,560,140,51,Gray,Black,1x1,500.0,Poki,Able Sisters,Available from either Mabel's temporary shop or Able Sisters shop,,,All Year,All Year,,Free,Free,Simple,Simple,1,comfy,AccessoryEye,Yes,For sale,1.0.0,Yes,AccessoryGlassMask2,358,11155,FFAmL82w7xmtQyj49,2B93
eye mask,,,Red,No,560,140,51,Red,Black,1x1,500.0,Poki,Able Sisters,Available from either Mabel's temporary shop or Able Sisters shop,,,All Year,All Year,,Free,Free,Simple,Simple,2,comfy,AccessoryEye,Yes,For sale,1.0.0,Yes,AccessoryGlassMask5,358,11158,DN9e9e3kPAvftJL7X,2B96
eye mask,,,Pink,No,560,140,51,Pink,Black,1x1,500.0,Poki,Able Sisters,Available from either Mabel's temporary shop or Able Sisters shop,,,All Year,All Year,,Free,Free,Simple,Simple,3,comfy,AccessoryEye,Yes,For sale,1.0.0,Yes,AccessoryGlassMask1,358,11154,Ck7jeovxpJEQa9BXB,2B92
eye mask,,,Orange,No,560,140,51,Orange,Black,1x1,500.0,Poki,Able Sisters,Available from either Mabel's temporary shop or Able Sisters shop,,,All Year,All Year,,Free,Free,Simple,Simple,4,comfy,AccessoryEye,Yes,For sale,1.0.0,Yes,AccessoryGlassMask4,358,11157,Gy2FEnpkD9KrRshtd,2B95
eye mask,,,Green,No,560,140,51,Green,Black,1x1,500.0,Poki,Able Sisters,Available from either Mabel's temporary shop or Able Sisters shop,,,All Year,All Year,,Free,Free,Simple,Simple,5,comfy,AccessoryEye,Yes,For sale,1.0.0,Yes,AccessoryGlassMask3,358,11156,csWKsYtw2k9ADBQpT,2B94
eye mask,,,Blue,No,560,140,51,Blue,Black,1x1,500.0,Poki,Able Sisters,Available from either Mabel's temporary shop or Able Sisters shop,,,All Year,All Year,,Free,Free,Simple,Simple,6,comfy,AccessoryEye,Yes,For sale,1.0.0,Yes,AccessoryGlassMask0,358,4425,68oXMszxbRtGoe9tH,1149
eye patch,,,,No,140,35,51,Black,Black,1x1,130.0,Poki,Able Sisters,Available from Able Sisters shop only,,,All Year,All Year,,Free,Free,Cool,Cool,1,fairy tale; goth,AccessoryOneEye,Yes,For sale,1.0.0,Yes,AccessoryGlassPatchBlack,380,4457,iZoTNGb8htGE8JWEw,1169
facial mask,,,,No,560,140,51,White,White,1x1,500.0,Poki,Able Sisters,Available from Able Sisters shop only,,,All Year,All Year,,Free,Free,Simple,Simple,1,goth; comfy,AcceEyeMouth,No,For sale,1.0.0,Yes,AccessoryGlassmouthPackWhite,417,4512,KzBY9kLtwTHhHGzR3,11A0
fake nose,,,,No,490,122,51,Red,Red,1x1,440.0,Poki,Able Sisters,Available from Able Sisters shop only,,,All Year,All Year,,Free,Free,Cute,Cute,1,fairy tale; party; theatrical,AccessoryEyeMouthInvisibleNose,No,For sale,1.0.0,Yes,AccessoryGlassmouthNoseRed,407,4496,chP2wAyDtdSTS3XrF,1190
flower sunglasses,,,Red,No,770,192,51,Red,Black,1x1,690.0,Poki,Able Sisters,Available from either Mabel's temporary shop or Able Sisters shop,,,All Year,All Year,,Free,Free,Cute,Active,1,party; vacation,AccessoryEye,Yes,For sale,1.0.0,Yes,AccessoryGlassFlower0,857,5739,iJsQqLTdb4gcPwekJ,166B
flower sunglasses,,,Orange,No,770,192,51,Orange,Black,1x1,690.0,Poki,Able Sisters,Available from either Mabel's temporary shop or Able Sisters shop,,,All Year,All Year,Summer,Free,Free,Cute,Active,2,party; vacation,AccessoryEye,Yes,For sale,1.0.0,Yes,AccessoryGlassFlower1,857,11228,6TygyrRpgFEJRtYAD,2BDC
flower sunglasses,,,Green,No,770,192,51,Green,Black,1x1,690.0,Poki,Able Sisters,Available from either Mabel's temporary shop or Able Sisters shop,,,All Year,All Year,All Year,Free,Free,Cute,Active,3,party; vacation,AccessoryEye,Yes,For sale,1.0.0,Yes,AccessoryGlassFlower4,857,11231,vnNLfafLRpv9vrESq,2BDF
flower sunglasses,,,Blue,No,770,192,51,Blue,Black,1x1,690.0,Poki,Able Sisters,Available from either Mabel's temporary shop or Able Sisters shop,,,All Year,All Year,,Free,Free,Cute,Active,4,party; vacation,AccessoryEye,Yes,For sale,1.0.0,Yes,AccessoryGlassFlower2,857,11229,g4jdQJuTAwEgGWsyH,2BDD
flower sunglasses,,,Purple,No,770,192,51,Purple,Black,1x1,690.0,Poki,Able Sisters,Available from either Mabel's temporary shop or Able Sisters shop,,,All Year,All Year,,Free,Free,Cute,Active,5,party; vacation,AccessoryEye,Yes,For sale,1.0.0,Yes,AccessoryGlassFlower3,857,11230,hN8mRmSqAqfBBXqsK,2BDE
food mess,,,,No,490,122,51,Orange,Beige,1x1,440.0,Poki,Able Sisters,Available from either Mabel's temporary shop or Able Sisters shop,,,All Year,All Year,,Free,Free,Simple,Cute,1,comfy,AccessoryMouth,No,For sale,1.0.0,Yes,AccessoryMouthPasta,904,5857,ErTpS7LHoG7hZ4bvn,16E1
funny glasses,,,Pink,No,1100,275,51,Pink,Black,1x1,990.0,Poki,Able Sisters,Available from Able Sisters shop only,,,All Year,All Year,,Free,Free,Cute,Cute,1,fairy tale; party; theatrical,AccessoryEye,Yes,For sale,1.0.0,Yes,AccessoryGlassEyes1,418,11008,4ASpkj55QiocnNkZ2,2B00
funny glasses,,,Blue,No,1100,275,51,Aqua,Black,1x1,990.0,Poki,Able Sisters,Available from Able Sisters shop only,,,All Year,All Year,,Free,Free,Cute,Cute,2,fairy tale; party; theatrical,AccessoryEye,Yes,For sale,1.0.0,Yes,AccessoryGlassEyes2,418,11009,dio9gmQCebNSjSX89,2B01
funny glasses,,,Brown,No,1100,275,51,Brown,Black,1x1,990.0,Poki,Able Sisters,Available from Able Sisters shop only,,,All Year,All Year,,Free,Free,Cute,Cute,3,fairy tale; party; theatrical,AccessoryEye,Yes,For sale,1.0.0,Yes,AccessoryGlassEyes0,418,4513,nvgwq4bKZzDoiTQzw,11A1
gas mask,,,Black,No,1100,275,51,Black,Black,1x1,990.0,Poki,Able Sisters,Available from Able Sisters shop only,,,All Year,All Year,,Free,Free,Cool,Cool,1,goth; work,AcceEyeMouth,No,For sale,1.0.0,Yes,AccessoryGlassmouthGasmask0,487,4649,cuqWQPfsbkmXz5DuB,1229
gas mask,,,Avocado,No,1100,275,51,Green,Green,1x1,990.0,Poki,Able Sisters,Available from Able Sisters shop only,,,All Year,All Year,,Free,Free,Cool,Cool,2,goth; work,AcceEyeMouth,No,For sale,1.0.0,Yes,AccessoryGlassmouthGasmask1,487,11160,9K9ea2sRHMsPmcX6d,2B98
glass-bottle glasses,,,,No,1100,275,51,Black,Gray,1x1,990.0,Poki,Able Sisters,Available from either Mabel's temporary shop or Able Sisters shop,,,All Year,All Year,,Free,Free,Simple,Simple,1,comfy; work,AccessoryEye,Yes,For sale,1.0.0,Yes,AccessoryGlassBottleBlack,286,4282,JFtffcGH7WnPnJKtc,10BA
goatee,,,,No,980,245,51,Colorful,Colorful,1x1,880.0,Poki,Able Sisters,Available from Able Sisters shop only,,,All Year,All Year,Summer,Free,Free,Cool,Simple,1,everyday; comfy; theatrical,AccessoryMouthEarJaw,No,For sale,1.0.0,Yes,AccessoryMouthBeardChinBlack,502,4676,W5S7BC9qA4QMCQEFR,1244
goggles,,,Black,No,560,140,51,Black,Black,1x1,500.0,Poki,Able Sisters,Available from either Mabel's temporary shop or Able Sisters shop,Summer (shopping),No,Summer,Summer,,Free,Free,Active,Active,1,outdoorsy; sporty; vacation,AccessoryEye,Yes,For sale,1.0.0,Yes,AccessoryGlassGoggles0,378,4454,3YkDq5TZm3jE8nBL9,1166
goggles,,,Red,No,560,140,51,Red,Red,1x1,500.0,Poki,Able Sisters,Available from either Mabel's temporary shop or Able Sisters shop,Summer (shopping),No,Summer,Summer,,Free,Free,Active,Active,2,outdoorsy; sporty; vacation,AccessoryEye,Yes,For sale,1.0.0,Yes,AccessoryGlassGoggles5,378,11488,P8X4Rnuc6WjHTrbkz,2CE0
goggles,,,Pink,No,560,140,51,Pink,Pink,1x1,500.0,Poki,Able Sisters,Available from either Mabel's temporary shop or Able Sisters shop,Summer (shopping),No,Summer,Summer,,Free,Free,Active,Active,3,outdoorsy; sporty; vacation,AccessoryEye,Yes,For sale,1.0.0,Yes,AccessoryGlassGoggles2,378,11485,49s9b7jcrE8uaFEdR,2CDD
goggles,,,Green,No,560,140,51,Green,Green,1x1,500.0,Poki,Able Sisters,Available from either Mabel's temporary shop or Able Sisters shop,Summer (shopping),No,Summer,Summer,,Free,Free,Active,Active,4,outdoorsy; sporty; vacation,AccessoryEye,Yes,For sale,1.0.0,Yes,AccessoryGlassGoggles3,378,11486,sDjZobRoupcETEKeH,2CDE
goggles,,,Blue,No,560,140,51,Blue,Blue,1x1,500.0,Poki,Able Sisters,Available from either Mabel's temporary shop or Able Sisters shop,Summer (shopping),No,Summer,Summer,,Free,Free,Active,Active,5,outdoorsy; sporty; vacation,AccessoryEye,Yes,For sale,1.0.0,Yes,AccessoryGlassGoggles1,378,11484,gozwdhewwK4PmPGFQ,2CDC
goggles,,,Purple,No,560,140,51,Purple,Purple,1x1,500.0,Poki,Able Sisters,Available from either Mabel's temporary shop or Able Sisters shop,Summer (shopping),No,Summer,Summer,,Free,Free,Active,Active,6,outdoorsy; sporty; vacation,AccessoryEye,Yes,For sale,1.0.0,Yes,AccessoryGlassGoggles4,378,11487,kwS6ErrZHdDNXpmbR,2CDF
handlebar mustache,,,,No,1120,280,51,Colorful,Colorful,1x1,1000.0,Poki,Able Sisters,Available from Able Sisters shop only,,,All Year,All Year,All Year,Free,Free,Elegant,Gorgeous,1,fairy tale; formal; theatrical,AccessoryMouth,No,For sale,1.0.0,Yes,AccessoryMouthBeardBlack,185,3550,HJfvmuhPDFMN8eRB2,0DDE
heart shades,,,Pink,No,1040,260,51,Pink,Blue,1x1,940.0,Poki,Able Sisters,Available from either Mabel's temporary shop or Able Sisters shop,,,All Year,All Year,Summer,Free,Free,Cute,Active,1,party; vacation,AccessoryEye,Yes,For sale,1.0.0,Yes,AccessoryGlassHeart0,259,4237,ZkwfoAxXwqiJav677,108D
heart shades,,,Yellow,No,1040,260,51,Yellow,Blue,1x1,940.0,Poki,Able Sisters,Available from either Mabel's temporary shop or Able Sisters shop,,,All Year,All Year,,Free,Free,Cute,Active,2,party; vacation,AccessoryEye,Yes,For sale,1.0.0,Yes,AccessoryGlassHeart1,259,11188,jvPC7gmEHvxxgmwfA,2BB4
heart shades,,,Green,No,1040,260,51,Green,Blue,1x1,940.0,Poki,Able Sisters,Available from either Mabel's temporary shop or Able Sisters shop,,,All Year,All Year,,Free,Free,Cute,Active,3,party; vacation,AccessoryEye,Yes,For sale,1.0.0,Yes,AccessoryGlassHeart4,259,11191,CbiyKw9gGsMfYzA4g,2BB7
heart shades,,,Blue,No,1040,260,51,Aqua,Blue,1x1,940.0,Poki,Able Sisters,Available from either Mabel's temporary shop or Able Sisters shop,,,All Year,All Year,,Free,Free,Cute,Active,4,party; vacation,AccessoryEye,Yes,For sale,1.0.0,Yes,AccessoryGlassHeart2,259,11189,k2fF9yEC5S3XGsXhX,2BB5
heart shades,,,Purple,No,1040,260,51,Purple,Blue,1x1,940.0,Poki,Able Sisters,Available from either Mabel's temporary shop or Able Sisters shop,,,All Year,All Year,,Free,Free,Cute,Active,5,party; vacation,AccessoryEye,Yes,For sale,1.0.0,Yes,AccessoryGlassHeart3,259,11190,3fs7r8mBn9EiGmMT7,2BB6
HMD,,,,No,2000,500,51,White,Black,1x1,1800.0,Poki,Able Sisters,Available from Able Sisters shop only,,,All Year,All Year,,Free,Free,Cool,Cool,1,comfy,AccessoryEye,Yes,For sale,1.0.0,Yes,AccessoryGlassHmdWhite,614,5182,Hkcb2b5RCvgcXrHvc,143E
jester's mask,,,Black,No,1760,440,51,Black,White,1x1,1600.0,Poki,Able Sisters,Available from Able Sisters shop only,,,All Year,All Year,,Free,Free,Cool,Cool,1,fairy tale; goth; party; theatrical; work,AccessoryEyeMouthInvisibleNose,No,For sale,1.0.0,Yes,AccessoryGlassmouthPierrot0,504,4678,5iGdajwpPAQ98B9eE,1246
jester's mask,,,Red,No,1760,440,51,Red,White,1x1,1600.0,Poki,Able Sisters,Available from Able Sisters shop only,,,All Year,All Year,,Free,Free,Cool,Cool,2,fairy tale; goth; party; theatrical; work,AccessoryEyeMouthInvisibleNose,No,For sale,1.0.0,Yes,AccessoryGlassmouthPierrot1,504,11166,7HBtvdHttSMJiuA7W,2B9E
jester's mask,,,Green,No,1760,440,51,Green,White,1x1,1600.0,Poki,Able Sisters,Available from Able Sisters shop only,,,All Year,All Year,,Free,Free,Cool,Cool,3,fairy tale; goth; party; theatrical; work,AccessoryEyeMouthInvisibleNose,No,For sale,1.0.0,Yes,AccessoryGlassmouthPierrot2,504,11167,LTCnc3SoDzsffayDr,2B9F
jester's mask,,,Blue,No,1760,440,51,Blue,White,1x1,1600.0,Poki,Able Sisters,Available from Able Sisters shop only,,,All Year,All Year,,Free,Free,Cool,Cool,4,fairy tale; goth; party; theatrical; work,AccessoryEyeMouthInvisibleNose,No,For sale,1.0.0,Yes,AccessoryGlassmouthPierrot3,504,11168,Kpyk7xszcwxgdawqA,2BA0
Labelle sunglasses,,,Midnight,No,2000,500,351,Black,Black,1x1,1800.0,Poki,Label,Added to Able Sisters stock rotation the day after receiving this item from Label,,,All Year,All Year,,Free,Free,Gorgeous,Cool,1,everyday; formal; party; theatrical; vacation,AccessoryEye,Yes,For sale,1.0.0,Yes,AccessoryGlassKate1,1137,11776,Pk4syNKBscFTBD2mP,2E00
Labelle sunglasses,,,Passion,No,2000,500,351,Red,Red,1x1,1800.0,Poki,Label,Added to Able Sisters stock rotation the day after receiving this item from Label,,,All Year,All Year,,Free,Free,Gorgeous,Cool,2,everyday; formal; party; theatrical; vacation,AccessoryEye,Yes,For sale,1.0.0,Yes,AccessoryGlassKate2,1137,11777,TJqYcpQKFaPX6naSj,2E01
Labelle sunglasses,,,Love,No,2000,500,351,Pink,Pink,1x1,1800.0,Poki,Label,Added to Able Sisters stock rotation the day after receiving this item from Label,,,All Year,All Year,,Free,Free,Gorgeous,Cool,3,everyday; formal; party; theatrical; vacation,AccessoryEye,Yes,For sale,1.0.0,Yes,AccessoryGlassKate5,1137,11780,WHaB5ZbzSPteM5KxG,2E04
Labelle sunglasses,,,Sunset,No,2000,500,351,Yellow,Yellow,1x1,1800.0,Poki,Label,Added to Able Sisters stock rotation the day after receiving this item from Label,,,All Year,All Year,,Free,Free,Gorgeous,Cool,4,everyday; formal; party; theatrical; vacation,AccessoryEye,Yes,For sale,1.0.0,Yes,AccessoryGlassKate4,1137,11779,Km6htuKWbDhQx5v2o,2E03
Labelle sunglasses,,,Ocean,No,2000,500,351,Blue,Blue,1x1,1800.0,Poki,Label,Added to Able Sisters stock rotation the day after receiving this item from Label,,,All Year,All Year,,Free,Free,Gorgeous,Cool,5,everyday; formal; party; theatrical; vacation,AccessoryEye,Yes,For sale,1.0.0,Yes,AccessoryGlassKate3,1137,11778,yWuQ9CtGKLaG7ntW9,2E02
Labelle sunglasses,,,Twilight,No,2000,500,351,Purple,Purple,1x1,1800.0,Poki,Label,Added to Able Sisters stock rotation the day after receiving this item from Label,,,All Year,All Year,,Free,Free,Gorgeous,Cool,6,everyday; formal; party; theatrical; vacation,AccessoryEye,Yes,For sale,1.0.0,Yes,AccessoryGlassKate0,1137,9887,2B4ttG2NJS7ZKRimP,269F
ladder shades,,,Red,No,880,220,51,Red,Red,1x1,790.0,Poki,Able Sisters,Available from Able Sisters shop only,,,All Year,All Year,,Free,Free,Active,Active,1,party; theatrical,AccessoryEye,Yes,For sale,1.0.0,Yes,AccessoryGlassBlind0,387,4464,DErjYKaqmFEkp7RQ3,1170
ladder shades,,,Pink,No,880,220,51,Pink,Pink,1x1,790.0,Poki,Able Sisters,Available from Able Sisters shop only,,,All Year,All Year,All Year,Free,Free,Active,Active,2,party; theatrical,AccessoryEye,Yes,For sale,1.0.0,Yes,AccessoryGlassBlind3,387,11004,8wvE7HfG9HvK33nTW,2AFC
ladder shades,,,Yellow,No,880,220,51,Yellow,Yellow,1x1,790.0,Poki,Able Sisters,Available from Able Sisters shop only,,,All Year,All Year,,Free,Free,Active,Active,3,party; theatrical,AccessoryEye,Yes,For sale,1.0.0,Yes,AccessoryGlassBlind4,387,11005,mcex6oPn8f8KotnrZ,2AFD
ladder shades,,,Green,No,880,220,51,Green,Green,1x1,790.0,Poki,Able Sisters,Available from Able Sisters shop only,,,All Year,All Year,,Free,Free,Active,Active,4,party; theatrical,AccessoryEye,Yes,For sale,1.0.0,Yes,AccessoryGlassBlind2,387,11003,wnvu2B7z7M975uCMf,2AFB
ladder shades,,,Blue,No,880,220,51,Blue,Blue,1x1,790.0,Poki,Able Sisters,Available from Able Sisters shop only,,,All Year,All Year,,Free,Free,Active,Active,5,party; theatrical,AccessoryEye,Yes,For sale,1.0.0,Yes,AccessoryGlassBlind1,387,11002,kbZR8T9YaP2Pb7q6P,2AFA
ladder shades,,,Gold,No,880,220,51,Brown,Brown,1x1,790.0,Poki,Able Sisters,Available from Able Sisters shop only,,,All Year,All Year,,Free,Free,Active,Active,6,party; theatrical,AccessoryEye,Yes,For sale,1.0.0,Yes,AccessoryGlassBlind5,387,11006,SF89YKrjwGsa5Dp7t,2AFE
leaf,,,,Yes,NFS,100,103,Green,Green,1x1,,,Crafting,,,,All Year,All Year,,Free,Free,Simple,Simple,1,outdoorsy; comfy; vacation,AccessoryMouth,No,Not for sale,1.0.0,Yes,AccessoryMouthLeafGreen,508,4682,XrpTjwp94FwmvXjmE,124A
Luigi 'stache,,,,No,1200,300,201,Black,Beige,1x1,,,Nook Shopping Promotion,Not available before March 1st 2021,,,All Year,All Year,,Free,Free,Active,Simple,1,fairy tale; formal; party,AccessoryEyeMouthInvisibleNose,No,Not in catalog,1.8.0,Yes,AccessoryGlassmouthLuigi0,1325,13559,e5vt5v7DzBMFC5qTq,34F7
Mario 'stache,,,,No,1200,300,201,Black,Beige,1x1,,,Nook Shopping Promotion,Not available before March 1st 2021,,,All Year,All Year,,Free,Free,Active,Simple,1,fairy tale; formal; party,AccessoryEyeMouthInvisibleNose,No,Not in catalog,1.8.0,Yes,AccessoryGlassmouthMario0,1324,13558,zSgBiJSJofpgFQD8w,34F6
masquerade mask,,,Black,No,910,227,51,Black,Yellow,1x1,820.0,Poki,Able Sisters,Available from Able Sisters shop only,,,All Year,All Year,,Free,Free,Gorgeous,Gorgeous,1,fairy tale; party; theatrical,AccessoryEye,Yes,For sale,1.0.0,Yes,AccessoryGlassVenetian1,494,11161,GL9igRSB2nTebNAin,2B99
masquerade mask,,,Red,No,910,227,51,Red,Yellow,1x1,820.0,Poki,Able Sisters,Available from Able Sisters shop only,,,All Year,All Year,,Free,Free,Gorgeous,Gorgeous,2,fairy tale; party; theatrical,AccessoryEye,Yes,For sale,1.0.0,Yes,AccessoryGlassVenetian3,494,11163,DknNtTo9sb2jZHDht,2B9B
masquerade mask,,,Purple,No,910,227,51,Pink,Yellow,1x1,820.0,Poki,Able Sisters,Available from Able Sisters shop only,,,All Year,All Year,,Free,Free,Gorgeous,Gorgeous,3,fairy tale; party; theatrical,AccessoryEye,Yes,For sale,1.0.0,Yes,AccessoryGlassVenetian0,494,4667,vwytnsJLdnFYZdeHR,123B
masquerade mask,,,Gold,No,910,227,51,Orange,Yellow,1x1,820.0,Poki,Able Sisters,Available from Able Sisters shop only,,,All Year,All Year,,Free,Free,Gorgeous,Gorgeous,4,fairy tale; party; theatrical,AccessoryEye,Yes,For sale,1.0.0,Yes,AccessoryGlassVenetian5,494,11165,nzAimcCqJg46jjNiN,2B9D
masquerade mask,,,Green,No,910,227,51,Green,Yellow,1x1,820.0,Poki,Able Sisters,Available from Able Sisters shop only,,,All Year,All Year,,Free,Free,Gorgeous,Gorgeous,5,fairy tale; party; theatrical,AccessoryEye,Yes,For sale,1.0.0,Yes,AccessoryGlassVenetian4,494,11164,PEA7Y7djsLQryh4c2,2B9C
masquerade mask,,,Blue,No,910,227,51,Blue,Yellow,1x1,820.0,Poki,Able Sisters,Available from Able Sisters shop only,,,All Year,All Year,,Free,Free,Gorgeous,Gorgeous,6,fairy tale; party; theatrical,AccessoryEye,Yes,For sale,1.0.0,Yes,AccessoryGlassVenetian2,494,11162,6yKLSWNnpyXAPKJ4h,2B9A
monocle,,,Silver,No,1100,275,51,Gray,Gray,1x1,990.0,Poki,Able Sisters,Available from Able Sisters shop only,,,All Year,All Year,,Free,Free,Elegant,Cool,1,fairy tale; formal; work,AccessoryOneEye,Yes,For sale,1.0.0,Yes,AccessoryGlassMonocle2,385,11001,tXaLxYbQPqcTZWxej,2AF9
monocle,,,Black,No,1100,275,51,Black,Black,1x1,990.0,Poki,Able Sisters,Available from Able Sisters shop only,,,All Year,All Year,All Year,Free,Free,Elegant,Cool,2,fairy tale; formal; work,AccessoryOneEye,Yes,For sale,1.0.0,Yes,AccessoryGlassMonocle0,385,4462,vtCepd9DjYS2H5vcb,116E
monocle,,,Gold,No,1100,275,51,Yellow,Yellow,1x1,990.0,Poki,Able Sisters,Available from Able Sisters shop only,,,All Year,All Year,,Free,Free,Elegant,Cool,3,fairy tale; formal; work,AccessoryOneEye,Yes,For sale,1.0.0,Yes,AccessoryGlassMonocle1,385,11000,ghxLRorCD3NWR5h5x,2AF8
neon shades,,,Light blue & pink,No,1760,440,51,Aqua,Pink,1x1,1600.0,Poki,Able Sisters; HHP Apparel Shop,Available during DJ KK festival,,,All Year,All Year,,Free,Free,Cool,Active,1,party; theatrical,AccessoryEye,Yes,For sale,2.0.0,Yes,AccessoryGlassNeon0,1438,14690,bHuuRkz2qTsJhfv8j,3962
neon shades,,,Pink & yellow,No,1760,440,51,Pink,Yellow,1x1,1600.0,Poki,Able Sisters; HHP Apparel Shop,Available during DJ KK festival,,,All Year,All Year,,Free,Free,Cool,Active,2,party; theatrical,AccessoryEye,Yes,For sale,2.0.0,Yes,AccessoryGlassNeon2,1438,271,FKCBZCF27pK5iMz3N,010F
neon shades,,,Orange & lime,No,1760,440,51,Orange,Green,1x1,1600.0,Poki,Able Sisters; HHP Apparel Shop,Available during DJ KK festival,,,All Year,All Year,,Free,Free,Cool,Active,3,party; theatrical,AccessoryEye,Yes,For sale,2.0.0,Yes,AccessoryGlassNeon1,1438,270,rmrebJexJNThgW86o,010E
neon shades,,,Lime & purple,No,1760,440,51,Green,Blue,1x1,1600.0,Poki,Able Sisters; HHP Apparel Shop,Available during DJ KK festival,,,All Year,All Year,,Free,Free,Cool,Active,4,party; theatrical,AccessoryEye,Yes,For sale,2.0.0,Yes,AccessoryGlassNeon3,1438,272,wwBPzo9rZssurQMFH,0110
night-vision goggles,,,,No,1560,390,51,Black,Green,1x1,1400.0,Poki,Able Sisters,Available from Able Sisters shop only,,,All Year,All Year,,Free,Free,Active,Cool,1,outdoorsy,AccessoryEye,Yes,For sale,1.0.0,Yes,AccessoryGlassNightvisionBlack,615,5261,sMdtidR3zypRsgSCW,148D
Nook Inc. eye mask,,,,No,NFS,2000,151,Green,White,1x1,400.0,Nook Miles,Nook Miles Redemption,,,,All Year,All Year,,Free,Free,Simple,Cute,1,comfy,AccessoryEye,Yes,Not for sale,1.0.0,Yes,AccessoryGlassNook0,1148,9654,n8j5gx4zjuK7tkYKq,25B6
Nook Inc. snorkel,,,,No,NFS,2500,151,Green,Black,1x1,500.0,Nook Miles,Nook Miles Redemption,,,,All Year,All Year,,Free,Free,Active,Active,1,outdoorsy; sporty; vacation; work,AcceEyeMouth,No,Not for sale,1.3.0,Yes,AccessoryGlassmouthNook0,1300,13215,cg2tZnttCZ9Wj3k9S,339F
nose drip,,,,No,490,122,51,Aqua,Aqua,1x1,440.0,Poki,Able Sisters,Available from either Mabel's temporary shop or Able Sisters shop,,,All Year,All Year,,Free,Free,Simple,Simple,1,comfy,AccessoryMouth,No,For sale,1.0.0,Yes,AccessoryMouthJokeDripCyan,899,5833,9YbFJqBD3hmQkW4Gq,16C9
nose tissue,,,,No,80,20,51,White,White,1x1,70.0,Poki,Able Sisters,,,,All Year,All Year,,Free,Free,Simple,Simple,1,everyday; comfy,AccessoryMouth,No,For sale,2.0.0,Yes,AccessoryMouthTissue0,1251,12965,ZE7RhipcFrgEFDiDr,32A5
octagonal glasses,,,Gray,No,1100,275,51,Gray,Gray,1x1,990.0,Poki,Able Sisters,Available from Able Sisters shop only,,,All Year,All Year,All Year,Free,Free,Cute,Cool,1,comfy; vacation; work,AccessoryEye,Yes,For sale,1.0.0,Yes,AccessoryGlassOctagon0,261,4239,dzKG7sMGwFn7EaKjm,108F
octagonal glasses,,,Black,No,1100,275,51,Black,Black,1x1,990.0,Poki,Able Sisters,Available from Able Sisters shop only,,,All Year,All Year,Summer; Winter,Free,Free,Cute,Cool,2,comfy; vacation; work,AccessoryEye,Yes,For sale,1.0.0,Yes,AccessoryGlassOctagon4,261,11075,4FT4YuTQcq3RGo3Ss,2B43
octagonal glasses,,,Green,No,1100,275,51,Green,Green,1x1,990.0,Poki,Able Sisters,Available from Able Sisters shop only,,,All Year,All Year,,Free,Free,Cute,Cool,3,comfy; vacation; work,AccessoryEye,Yes,For sale,1.0.0,Yes,AccessoryGlassOctagon1,261,11072,NME2CQfz2tMbnwLzb,2B40
octagonal glasses,,,Purple,No,1100,275,51,Purple,Purple,1x1,990.0,Poki,Able Sisters,Available from Able Sisters shop only,,,All Year,All Year,Winter,Free,Free,Cute,Cool,4,comfy; vacation; work,AccessoryEye,Yes,For sale,1.0.0,Yes,AccessoryGlassOctagon2,261,11073,Je9RNoLocnJ5kinNQ,2B41
octagonal glasses,,,Gold,No,1100,275,51,Beige,Beige,1x1,990.0,Poki,Able Sisters,Available from Able Sisters shop only,,,All Year,All Year,Winter,Free,Free,Cute,Cool,5,comfy; vacation; work,AccessoryEye,Yes,For sale,1.0.0,Yes,AccessoryGlassOctagon3,261,11074,t5MJmR6fbqXwevjus,2B42
oval glasses,,,Black,No,880,220,51,Black,Black,1x1,790.0,Poki,Able Sisters,Available from either Mabel's temporary shop or Able Sisters shop,,,All Year,All Year,,Free,Free,Simple,Cute,1,everyday; work,AccessoryEye,Yes,For sale,1.0.0,Yes,AccessoryGlassOval6,475,11092,uuttmaKAruqm7tiKL,2B54
oval glasses,,,Magenta,No,880,220,51,Red,Red,1x1,790.0,Poki,Able Sisters,Available from either Mabel's temporary shop or Able Sisters shop,,,All Year,All Year,All Year,Free,Free,Simple,Cute,2,everyday; work,AccessoryEye,Yes,For sale,1.0.0,Yes,AccessoryGlassOval4,475,11090,QBNkZLi9jpeDYMxnQ,2B52
oval glasses,,,Orange,No,880,220,51,Orange,Orange,1x1,790.0,Poki,Able Sisters,Available from either Mabel's temporary shop or Able Sisters shop,,,All Year,All Year,Winter,Free,Free,Simple,Cute,3,everyday; work,AccessoryEye,Yes,For sale,1.0.0,Yes,AccessoryGlassOval1,475,11087,9AXkAraeTz6TgR6sJ,2B4F
oval glasses,,,Mustard,No,880,220,51,Yellow,Yellow,1x1,790.0,Poki,Able Sisters,Available from either Mabel's temporary shop or Able Sisters shop,,,All Year,All Year,,Free,Free,Simple,Cute,4,everyday; work,AccessoryEye,Yes,For sale,1.0.0,Yes,AccessoryGlassOval5,475,11091,uocqzyhP5WHmnH8dj,2B53
oval glasses,,,Green,No,880,220,51,Green,Green,1x1,790.0,Poki,Able Sisters,Available from either Mabel's temporary shop or Able Sisters shop,,,All Year,All Year,All Year,Free,Free,Simple,Cute,5,everyday; work,AccessoryEye,Yes,For sale,1.0.0,Yes,AccessoryGlassOval0,475,4609,jw7KgW9epPat5Pw8W,1201
oval glasses,,,Blue,No,880,220,51,Aqua,Aqua,1x1,790.0,Poki,Able Sisters,Available from either Mabel's temporary shop or Able Sisters shop,,,All Year,All Year,,Free,Free,Simple,Cute,6,everyday; work,AccessoryEye,Yes,For sale,1.0.0,Yes,AccessoryGlassOval2,475,11088,ydCsvEetGaAQ4mNs2,2B50
oval glasses,,,Purple,No,880,220,51,Purple,Purple,1x1,790.0,Poki,Able Sisters,Available from either Mabel's temporary shop or Able Sisters shop,,,All Year,All Year,,Free,Free,Simple,Cute,7,everyday; work,AccessoryEye,Yes,For sale,1.0.0,Yes,AccessoryGlassOval3,475,11089,9ZhHgTmKeqZ7fgcNr,2B51
pacifier,,,Baby gray,No,560,140,51,Gray,Gray,1x1,500.0,Poki,Able Sisters,Available from either Mabel's temporary shop or Able Sisters shop,,,All Year,All Year,,Free,Free,Cute,Cute,1,comfy,AccessoryMouth,No,For sale,1.0.0,Yes,AccessoryMouthPacifier5,1055,11017,aWcYia7rWZ8nhXg37,2B09
pacifier,,,Baby pink,No,560,140,51,Red,Red,1x1,500.0,Poki,Able Sisters,Available from either Mabel's temporary shop or Able Sisters shop,,,All Year,All Year,,Free,Free,Cute,Cute,2,comfy,AccessoryMouth,No,For sale,1.0.0,Yes,AccessoryMouthPacifier4,1055,11016,iAyukzDt8Kutfpmab,2B08
pacifier,,,Baby purple,No,560,140,51,Pink,Pink,1x1,500.0,Poki,Able Sisters,Available from either Mabel's temporary shop or Able Sisters shop,,,All Year,All Year,,Free,Free,Cute,Cute,3,comfy,AccessoryMouth,No,For sale,1.0.0,Yes,AccessoryMouthPacifier0,1055,2298,bK8fXPaAy9f3Nqx9Q,08FA
pacifier,,,Baby orange,No,560,140,51,Orange,Orange,1x1,500.0,Poki,Able Sisters,Available from either Mabel's temporary shop or Able Sisters shop,,,All Year,All Year,,Free,Free,Cute,Cute,4,comfy,AccessoryMouth,No,For sale,1.0.0,Yes,AccessoryMouthPacifier7,1055,11019,WZgrieHNMrjuw9Tah,2B0B
pacifier,,,Baby yellow,No,560,140,51,Yellow,Yellow,1x1,500.0,Poki,Able Sisters,Available from either Mabel's temporary shop or Able Sisters shop,,,All Year,All Year,,Free,Free,Cute,Cute,5,comfy,AccessoryMouth,No,For sale,1.0.0,Yes,AccessoryMouthPacifier2,1055,11014,iH9JsLkZTan5CQgTt,2B06
pacifier,,,Baby green,No,560,140,51,Green,Green,1x1,500.0,Poki,Able Sisters,Available from either Mabel's temporary shop or Able Sisters shop,,,All Year,All Year,,Free,Free,Cute,Cute,6,comfy,AccessoryMouth,No,For sale,1.0.0,Yes,AccessoryMouthPacifier3,1055,11015,XRyQwLEtt9RwgvtST,2B07
pacifier,,,Baby mint,No,560,140,51,Aqua,Aqua,1x1,500.0,Poki,Able Sisters,Available from either Mabel's temporary shop or Able Sisters shop,,,All Year,All Year,,Free,Free,Cute,Cute,7,comfy,AccessoryMouth,No,For sale,1.0.0,Yes,AccessoryMouthPacifier1,1055,11013,KMB2YJMHNzESo6Hws,2B05
pacifier,,,Baby blue,No,560,140,51,Purple,Purple,1x1,500.0,Poki,Able Sisters,Available from either Mabel's temporary shop or Able Sisters shop,,,All Year,All Year,,Free,Free,Cute,Cute,8,comfy,AccessoryMouth,No,For sale,1.0.0,Yes,AccessoryMouthPacifier6,1055,11018,ScuP52AjZHPkhCuGP,2B0A
pig nose,,,,No,560,140,51,Pink,Pink,1x1,500.0,Poki,Able Sisters,Available from Able Sisters shop only,,,All Year,All Year,,Free,Free,Cute,Cute,1,fairy tale; party; theatrical,AccessoryMouthInvisibleNose,No,For sale,1.0.0,Yes,AccessoryMouthPigPink,485,4647,H2JSW7YDoTdLr6GTK,1227
pilot shades,,,Black,No,1300,325,51,Black,Brown,1x1,1200.0,Poki,Able Sisters,Available from either Mabel's temporary shop or Able Sisters shop,,,All Year,All Year,,Free,Free,Cool,Active,1,sporty; work,AccessoryEye,Yes,For sale,1.0.0,Yes,AccessoryGlassPilot0,382,4459,wuyb75e6fkA5976yx,116B
pilot shades,,,Gold,No,1300,325,51,Yellow,Black,1x1,1200.0,Poki,Able Sisters,Available from either Mabel's temporary shop or Able Sisters shop,,,All Year,All Year,All Year,Free,Free,Cool,Active,2,sporty; work,AccessoryEye,Yes,For sale,1.0.0,Yes,AccessoryGlassPilot1,382,11214,nBHTPo8pt7eRL47PT,2BCE
pirate beard,,,,No,NFS,245,451,Colorful,Colorful,1x1,,,Gullivarrr,,,,All Year,All Year,,Free,Free,Cool,Gorgeous,1,fairy tale; goth; theatrical,AccessoryMouthEarJaw,No,Not for sale,1.3.0,Yes,AccessoryMouthPirates0,1226,12663,isFLrwBtByekpKuLB,3177
pirate eye patch,,,,No,NFS,70,451,Black,Gray,1x1,,,Gullivarrr,,,,All Year,All Year,,Free,Free,Cool,Cool,1,fairy tale; goth; theatrical,AccessoryOneEye,Yes,Not for sale,1.3.0,Yes,AccessoryGlassPiratespatch0,1225,12662,pm3izhYzmdHRwnoWR,3176
pixel shades,,,Black,No,1320,330,51,Black,Black,1x1,1200.0,Poki,Able Sisters,Available from Able Sisters shop only,,,All Year,All Year,,Free,Free,Cool,Active,1,party; vacation,AccessoryEye,Yes,For sale,1.0.0,Yes,AccessoryGlassDot3,484,11225,GY4PDqrCZdcPWb4Ep,2BD9
pixel shades,,,Red,No,1320,330,51,Red,Black,1x1,1200.0,Poki,Able Sisters,Available from Able Sisters shop only,,,All Year,All Year,Winter,Free,Free,Cool,Active,2,party; vacation,AccessoryEye,Yes,For sale,1.0.0,Yes,AccessoryGlassDot0,484,4646,Tp2dC3Dk4chwa4ebr,1226
pixel shades,,,Green,No,1320,330,51,Green,Black,1x1,1200.0,Poki,Able Sisters,Available from Able Sisters shop only,,,All Year,All Year,,Free,Free,Cool,Active,3,party; vacation,AccessoryEye,Yes,For sale,1.0.0,Yes,AccessoryGlassDot1,484,11223,6tFnu3DhC5HQvqmZ5,2BD7
pixel shades,,,Blue,No,1320,330,51,Blue,Black,1x1,1200.0,Poki,Able Sisters,Available from Able Sisters shop only,,,All Year,All Year,All Year,Free,Free,Cool,Active,4,party; vacation,AccessoryEye,Yes,For sale,1.0.0,Yes,AccessoryGlassDot2,484,11224,SbAGGe9yg4EXAw35b,2BD8
pleated mask,,,White,No,140,35,51,White,White,1x1,130.0,Poki,Able Sisters,,,,All Year,All Year,,Free,Free,Simple,Simple,1,everyday; comfy,AccessoryMouthEarJaw,No,For sale,2.0.0,Yes,AccessoryMouthSurgicalmask0,1248,12962,Rh2YSB2exgimHN8XX,32A2
pleated mask,,,Blue,No,140,35,51,Aqua,Aqua,1x1,130.0,Poki,Able Sisters,,,,All Year,All Year,,Free,Free,Simple,Simple,2,everyday; comfy,AccessoryMouthEarJaw,No,For sale,2.0.0,Yes,AccessoryMouthSurgicalmask1,1248,14665,yTn2sXhxPXLzugr5n,3949
pleated mask,,,Pink,No,140,35,51,Pink,Pink,1x1,130.0,Poki,Able Sisters,,,,All Year,All Year,,Free,Free,Simple,Simple,3,everyday; comfy,AccessoryMouthEarJaw,No,For sale,2.0.0,Yes,AccessoryMouthSurgicalmask2,1248,14666,HyskiSHyEeeikr9Te,394A
pleated mask,,,Cream,No,140,35,51,Beige,Beige,1x1,130.0,Poki,Able Sisters,,,,All Year,All Year,,Free,Free,Simple,Simple,4,everyday; comfy,AccessoryMouthEarJaw,No,For sale,2.0.0,Yes,AccessoryMouthSurgicalmask3,1248,14667,Pn7MXgkiFkfathwy2,394B
pleated mask,,,Black,No,140,35,51,Black,Black,1x1,130.0,Poki,Able Sisters,,,,All Year,All Year,,Free,Free,Simple,Simple,5,everyday; comfy,AccessoryMouthEarJaw,No,For sale,2.0.0,Yes,AccessoryMouthSurgicalmask4,1248,14668,B5wzxNWWniBh7g67J,394C
pleather mask,,,,No,770,192,51,Black,Gray,1x1,690.0,Poki,Able Sisters,Available from Able Sisters shop only,,,All Year,All Year,Summer,Free,Free,Cool,Cool,1,goth,AccessoryMouthEarJaw,No,For sale,1.0.0,Yes,AccessoryMouthLeatherBlack,922,6040,aN6Wsxguggh39oBiF,1798
post-op patch,,,,No,490,122,51,White,White,1x1,440.0,Poki,Able Sisters,Available from either Mabel's temporary shop or Able Sisters shop,,,All Year,All Year,,Free,Free,Simple,Simple,1,goth,AccessoryOneEye,Yes,For sale,1.0.0,Yes,AccessoryGlassEyepatchWhite,376,4452,8Qgoizxz547DtMNd7,1164
privacy mask,,,,No,560,140,51,Black,Black,1x1,500.0,Poki,Able Sisters,Available from Able Sisters shop only,,,All Year,All Year,All Year,Free,Free,Cool,Cool,1,everyday; goth; comfy,AccessoryMouthEarJaw,No,For sale,1.0.0,Yes,AccessoryMouthCrowBlack,497,4671,4GDJFfMNHhsaXXrAN,123F
reflector,,,,No,560,140,51,Gray,Black,1x1,500.0,Poki,Able Sisters,Available from Able Sisters shop only,,,All Year,All Year,,Free,Free,Cool,Simple,1,work,AccessoryOneEye,No,For sale,1.0.0,Yes,AccessoryGlassMirrorGray,921,6039,J4EgETRkyeSESkRB7,1797
retro shades,,,Yellow,No,1560,390,51,White,Orange,1x1,1400.0,Poki,Able Sisters,Available from Able Sisters shop only,,,All Year,All Year,,Free,Free,Elegant,Cute,1,everyday; party; vacation,AccessoryEye,Yes,For sale,1.0.0,Yes,AccessoryGlassRetro0,379,4456,SFFhXhR5sYQzJwXWj,1168
retro shades,,,Gray,No,1560,390,51,Gray,Black,1x1,1400.0,Poki,Able Sisters,Available from Able Sisters shop only,,,All Year,All Year,,Free,Free,Elegant,Cute,2,everyday; party; vacation,AccessoryEye,Yes,For sale,1.0.0,Yes,AccessoryGlassRetro5,379,11213,6oqHAyihAjKRfH72Z,2BCD
retro shades,,,Red,No,1560,390,51,Pink,Red,1x1,1400.0,Poki,Able Sisters,Available from Able Sisters shop only,,,All Year,All Year,All Year,Free,Free,Elegant,Cute,3,everyday; party; vacation,AccessoryEye,Yes,For sale,1.0.0,Yes,AccessoryGlassRetro2,379,11210,zg6uY6WZNQcopNq67,2BCA
retro shades,,,Purple,No,1560,390,51,Pink,Purple,1x1,1400.0,Poki,Able Sisters,Available from Able Sisters shop only,,,All Year,All Year,,Free,Free,Elegant,Cute,4,everyday; party; vacation,AccessoryEye,Yes,For sale,1.0.0,Yes,AccessoryGlassRetro3,379,11211,QqEG7ktLKMaXweFzg,2BCB
retro shades,,,Green,No,1560,390,51,Green,Green,1x1,1400.0,Poki,Able Sisters,Available from Able Sisters shop only,,,All Year,All Year,,Free,Free,Elegant,Cute,5,everyday; party; vacation,AccessoryEye,Yes,For sale,1.0.0,Yes,AccessoryGlassRetro1,379,11209,zYw3PhLHsw2KZ7TBK,2BC9
retro shades,,,Blue,No,1560,390,51,Aqua,Green,1x1,1400.0,Poki,Able Sisters,Available from Able Sisters shop only,,,All Year,All Year,,Free,Free,Elegant,Cute,6,everyday; party; vacation,AccessoryEye,Yes,For sale,1.0.0,Yes,AccessoryGlassRetro4,379,11212,cJCaAmMdqrHG8uDLH,2BCC
rhinestone shades,,,Red,No,1040,260,51,Red,Red,1x1,940.0,Poki,Able Sisters,Available from Able Sisters shop only,,,All Year,All Year,,Free,Free,Gorgeous,Gorgeous,1,party; theatrical; vacation,AccessoryEye,Yes,For sale,1.0.0,Yes,AccessoryGlassRhinestone0,509,4683,BJFhJqt9KuaWGaWuM,124B
rhinestone shades,,,Purple,No,1040,260,51,Purple,Black,1x1,940.0,Poki,Able Sisters,Available from Able Sisters shop only,,,All Year,All Year,,Free,Free,Gorgeous,Gorgeous,2,party; theatrical; vacation,AccessoryEye,Yes,For sale,1.0.0,Yes,AccessoryGlassRhinestone2,509,11227,qy2BWYZvJedPJ69yX,2BDB
rhinestone shades,,,Ochre,No,1040,260,51,Brown,Black,1x1,940.0,Poki,Able Sisters,Available from Able Sisters shop only,,,All Year,All Year,,Free,Free,Gorgeous,Gorgeous,3,party; theatrical; vacation,AccessoryEye,Yes,For sale,1.0.0,Yes,AccessoryGlassRhinestone1,509,11226,iwtSmya59DpyGFB97,2BDA
rimmed glasses,,,Gray,No,630,157,51,Gray,Gray,1x1,570.0,Poki,Able Sisters,Available from either Mabel's temporary shop or Able Sisters shop,,,All Year,All Year,,Free,Free,Elegant,Elegant,1,everyday; formal; work,AccessoryEye,Yes,For sale,1.0.0,Yes,AccessoryGlassCircle2,257,11185,jA7gAHyzXHk8qBRuq,2BB1
rimmed glasses,,,Black,No,630,157,51,Black,Black,1x1,570.0,Poki,Able Sisters,Available from either Mabel's temporary shop or Able Sisters shop,,,All Year,All Year,All Year,Free,Free,Elegant,Elegant,2,everyday; formal; work,AccessoryEye,Yes,For sale,1.0.0,Yes,AccessoryGlassCircle0,257,4235,DyPvwyWQK47TL4tjW,108B
rimmed glasses,,,Gold,No,630,157,51,Yellow,Yellow,1x1,570.0,Poki,Able Sisters,Available from either Mabel's temporary shop or Able Sisters shop,,,All Year,All Year,,Free,Free,Elegant,Elegant,3,everyday; formal; work,AccessoryEye,Yes,For sale,1.0.0,Yes,AccessoryGlassCircle1,257,11184,xqu5YAX6AmrXR4Qmd,2BB0
rimmed glasses,,,Purple,No,630,157,51,Purple,Purple,1x1,570.0,Poki,Able Sisters,Available from either Mabel's temporary shop or Able Sisters shop,,,All Year,All Year,Summer,Free,Free,Elegant,Elegant,4,everyday; formal; work,AccessoryEye,Yes,For sale,1.0.0,Yes,AccessoryGlassCircle4,257,11187,fjKzCMBMhcJNEjsTv,2BB3
rimmed glasses,,,Brown,No,630,157,51,Brown,Brown,1x1,570.0,Poki,Able Sisters,Available from either Mabel's temporary shop or Able Sisters shop,,,All Year,All Year,Winter,Free,Free,Elegant,Elegant,5,everyday; formal; work,AccessoryEye,Yes,For sale,1.0.0,Yes,AccessoryGlassCircle3,257,11186,RpfNwdBEPoqgF5pkh,2BB2
round shades,,,White,No,1560,390,51,White,Black,1x1,1400.0,Poki,Able Sisters,Available from Able Sisters shop only,,,All Year,All Year,,Free,Free,Cool,Cool,1,everyday; party; vacation,AccessoryEye,Yes,For sale,1.0.0,Yes,AccessoryGlassBoston6,263,11201,z8KywWDutyXSsgXoy,2BC1
round shades,,,Black,No,1560,390,51,Black,Black,1x1,1400.0,Poki,Able Sisters,Available from Able Sisters shop only,,,All Year,All Year,All Year,Free,Free,Cool,Cool,2,everyday; party; vacation,AccessoryEye,Yes,For sale,1.0.0,Yes,AccessoryGlassBoston0,263,4241,SdqiPF4Fzw8HrPY4k,1091
round shades,,,Red,No,1560,390,51,Red,Black,1x1,1400.0,Poki,Able Sisters,Available from Able Sisters shop only,,,All Year,All Year,Summer,Free,Free,Cool,Cool,3,everyday; party; vacation,AccessoryEye,Yes,For sale,1.0.0,Yes,AccessoryGlassBoston5,263,11200,Z9bJ6cYkY6hC4mL4o,2BC0
round shades,,,Pink,No,1560,390,51,Pink,Black,1x1,1400.0,Poki,Able Sisters,Available from Able Sisters shop only,,,All Year,All Year,,Free,Free,Cool,Cool,4,everyday; party; vacation,AccessoryEye,Yes,For sale,1.0.0,Yes,AccessoryGlassBoston4,263,11199,KFNjnL6rqYckLECFB,2BBF
round shades,,,Yellow,No,1560,390,51,Yellow,Black,1x1,1400.0,Poki,Able Sisters,Available from Able Sisters shop only,,,All Year,All Year,,Free,Free,Cool,Cool,5,everyday; party; vacation,AccessoryEye,Yes,For sale,1.0.0,Yes,AccessoryGlassBoston3,263,11198,BE37D4h9xHkhRwgmH,2BBE
round shades,,,Green,No,1560,390,51,Green,Black,1x1,1400.0,Poki,Able Sisters,Available from Able Sisters shop only,,,All Year,All Year,Winter,Free,Free,Cool,Cool,6,everyday; party; vacation,AccessoryEye,Yes,For sale,1.0.0,Yes,AccessoryGlassBoston1,263,11196,Mf9c5DHdko9uWo2Hu,2BBC
round shades,,,Blue,No,1560,390,51,Blue,Black,1x1,1400.0,Poki,Able Sisters,Available from Able Sisters shop only,,,All Year,All Year,,Free,Free,Cool,Cool,7,everyday; party; vacation,AccessoryEye,Yes,For sale,1.0.0,Yes,AccessoryGlassBoston2,263,11197,hyhWF8rW2Y2AkXGTj,2BBD
round shades,,,Purple,No,1560,390,51,Purple,Black,1x1,1400.0,Poki,Able Sisters,Available from Able Sisters shop only,,,All Year,All Year,,Free,Free,Cool,Cool,8,everyday; party; vacation,AccessoryEye,Yes,For sale,1.0.0,Yes,AccessoryGlassBoston7,263,11202,fy6sue9jdYtpwh4Aq,2BC2
round tinted shades,,,Brown,No,880,220,51,Orange,Brown,1x1,790.0,Poki,Able Sisters,Available from either Mabel's temporary shop or Able Sisters shop,,,All Year,All Year,Summer,Free,Free,Simple,Simple,1,everyday; formal,AccessoryEye,Yes,For sale,1.0.0,Yes,AccessoryGlassRound0,473,4607,GdrT6sBLFECRG8LyN,11FF
round tinted shades,,,Light brown,No,880,220,51,Orange,Brown,1x1,790.0,Poki,Able Sisters,Available from either Mabel's temporary shop or Able Sisters shop,,,All Year,All Year,,Free,Free,Simple,Simple,2,everyday; formal,AccessoryEye,Yes,For sale,1.0.0,Yes,AccessoryGlassRound1,473,11220,KqtiBXYfKejymQ4Wg,2BD4
round tinted shades,,,Green,No,880,220,51,Green,Brown,1x1,790.0,Poki,Able Sisters,Available from either Mabel's temporary shop or Able Sisters shop,,,All Year,All Year,,Free,Free,Simple,Simple,3,everyday; formal,AccessoryEye,Yes,For sale,1.0.0,Yes,AccessoryGlassRound3,473,11222,CeX6fKZRL2XFK7jnW,2BD6
round tinted shades,,,Dark brown,No,880,220,51,Brown,Brown,1x1,790.0,Poki,Able Sisters,Available from either Mabel's temporary shop or Able Sisters shop,,,All Year,All Year,All Year,Free,Free,Simple,Simple,4,everyday; formal,AccessoryEye,Yes,For sale,1.0.0,Yes,AccessoryGlassRound2,473,11221,tfuBgNyNNSXc3o4Q2,2BD5
round-frame glasses,,,Silver,No,880,220,51,Gray,Gray,1x1,790.0,Poki,Able Sisters,,,,All Year,All Year,,Free,Free,Simple,Cool,1,everyday; formal,AccessoryEye,Yes,For sale,2.0.0,Yes,AccessoryGlassWellington2,1369,149,49GLjwj37oTCLmq8x,0095
round-frame glasses,,,Black,No,880,220,51,Black,Black,1x1,790.0,Poki,Able Sisters,,,,All Year,All Year,,Free,Free,Simple,Cool,2,everyday; formal,AccessoryEye,Yes,For sale,2.0.0,Yes,AccessoryGlassWellington0,1369,14272,d2JX9EuySrwdDrTfS,37C0
round-frame glasses,,,Red,No,880,220,51,Red,Red,1x1,790.0,Poki,Able Sisters,,,,All Year,All Year,,Free,Free,Simple,Cool,3,everyday; formal,AccessoryEye,Yes,For sale,2.0.0,Yes,AccessoryGlassWellington4,1369,151,h4jDpJAZBx2fin9a3,0097
round-frame glasses,,,Navy blue,No,880,220,51,Blue,Blue,1x1,790.0,Poki,Able Sisters,,,,All Year,All Year,,Free,Free,Simple,Cool,4,everyday; formal,AccessoryEye,Yes,For sale,2.0.0,Yes,AccessoryGlassWellington3,1369,150,Z85Bv9oBAJn2QQ6Wj,0096
round-frame glasses,,,Brown,No,880,220,51,Brown,Brown,1x1,790.0,Poki,Able Sisters,,,,All Year,All Year,,Free,Free,Simple,Cool,5,everyday; formal,AccessoryEye,Yes,For sale,2.0.0,Yes,AccessoryGlassWellington1,1369,148,X7eWBQQXiJCpdYoMF,0094
rounded beard,,,,No,980,245,51,Colorful,Colorful,1x1,880.0,Poki,Able Sisters,Available from Able Sisters shop only,,,All Year,All Year,,Free,Free,Cool,Simple,1,everyday; comfy; theatrical,AccessoryMouthEarJaw,No,For sale,1.0.0,Yes,AccessoryMouthBeardRoundBlack,505,4679,As4RR5kDBbDWqHP69,1247
Santa beard,,,,No,1480,370,51,White,White,1x1,1300.0,Poki,Able Sisters,Available from Able Sisters shop only,Toy Day (days before); Toy Day; Toy Day (day after),Yes,All Year,Winter,All Year,Free,Free,Simple,Simple,1,fairy tale; party; work,AccessoryMouthEarJaw,No,For sale,1.6.0,Yes,AccessoryMouthSanta,406,4492,ZFX7n9gYwqmd2MnzE,118C
shamrock sunglasses,,,,No,1100,275,51,Green,Green,1x1,990.0,Poki,Able Sisters,,Shamrock Day,Yes,All Year,All Year,,Free,Free,Active,Gorgeous,1,fairy tale; party; theatrical; vacation,AccessoryEye,Yes,For sale,1.8.0,Yes,AccessoryGlassShamrock0,1354,14238,ffEQDCcdpsyXCcpN9,379E
shattered glasses,,,,No,NFS,10,53,Black,Aqua,1x1,,,Recycle box,,,,All Year,All Year,,Free,Free,Simple,Active,1,goth,AccessoryEye,Yes,Not for sale,1.0.0,Yes,AccessoryGlassCrackBlack,315,4337,9nxh9LSDKZoYjygJg,10F1
silly glasses,,,Purple,No,770,192,51,Purple,Black,1x1,690.0,Poki,Able Sisters,,,,All Year,All Year,,Free,Free,Simple,Simple,1,goth; party,AccessoryEye,Yes,For sale,2.0.0,Yes,AccessoryGlassSolideyes0,1489,14850,gmRWzcJSNB5QXyZDa,3A02
silly glasses,,,Pink,No,770,192,51,Pink,Purple,1x1,690.0,Poki,Able Sisters,,,,All Year,All Year,,Free,Free,Simple,Simple,2,goth; party,AccessoryEye,Yes,For sale,2.0.0,Yes,AccessoryGlassSolideyes2,1489,441,yZDzWsC99w6SsX7Qj,01B9
silly glasses,,,Yellow,No,770,192,51,Yellow,Blue,1x1,690.0,Poki,Able Sisters,,,,All Year,All Year,,Free,Free,Simple,Simple,3,goth; party,AccessoryEye,Yes,For sale,2.0.0,Yes,AccessoryGlassSolideyes1,1489,440,X5ZiiNaNp6tRZgSn2,01B8
silly glasses,,,Light blue,No,770,192,51,Aqua,Green,1x1,690.0,Poki,Able Sisters,,,,All Year,All Year,,Free,Free,Simple,Simple,4,goth; party,AccessoryEye,Yes,For sale,2.0.0,Yes,AccessoryGlassSolideyes3,1489,442,isMTngnMkDCbwaiTm,01BA
silly glasses,,,Blue,No,770,192,51,Blue,Yellow,1x1,690.0,Poki,Able Sisters,,,,All Year,All Year,,Free,Free,Simple,Simple,5,goth; party,AccessoryEye,Yes,For sale,2.0.0,Yes,AccessoryGlassSolideyes4,1489,443,84RLSGW59PgkQJwjR,01BB
silly glasses,,,White,No,770,192,51,Gray,Red,1x1,690.0,Poki,Able Sisters,,,,All Year,All Year,,Free,Free,Simple,Simple,6,goth; party,AccessoryEye,Yes,For sale,2.0.0,Yes,AccessoryGlassSolideyes5,1489,444,jxr5nTJF83nvsLhEx,01BC
simple sunglasses,,,Black,No,880,220,51,Black,Black,1x1,790.0,Poki,Able Sisters,,,,All Year,All Year,,Free,Free,Active,Simple,1,everyday; vacation,AccessoryEye,Yes,For sale,2.0.0,Yes,AccessoryGlassNomal0,1461,14795,aXPFDKYhqc9McTr86,39CB
simple sunglasses,,,Red,No,880,220,51,Red,Black,1x1,790.0,Poki,Able Sisters,,,,All Year,All Year,,Free,Free,Active,Simple,2,everyday; vacation,AccessoryEye,Yes,For sale,2.0.0,Yes,AccessoryGlassNomal4,1461,157,C6Fnpfj46yLZM5ez5,009D
simple sunglasses,,,Orange,No,880,220,51,Orange,Black,1x1,790.0,Poki,Able Sisters,,,,All Year,All Year,,Free,Free,Active,Simple,3,everyday; vacation,AccessoryEye,Yes,For sale,2.0.0,Yes,AccessoryGlassNomal5,1461,158,4PrdCFuoqLzXxEeuE,009E
simple sunglasses,,,Yellow,No,880,220,51,Yellow,Black,1x1,790.0,Poki,Able Sisters,,,,All Year,All Year,,Free,Free,Active,Simple,4,everyday; vacation,AccessoryEye,Yes,For sale,2.0.0,Yes,AccessoryGlassNomal2,1461,155,eYSEaFN924rcSBbFR,009B
simple sunglasses,,,Lime,No,880,220,51,Green,Black,1x1,790.0,Poki,Able Sisters,,,,All Year,All Year,,Free,Free,Active,Simple,5,everyday; vacation,AccessoryEye,Yes,For sale,2.0.0,Yes,AccessoryGlassNomal3,1461,156,rHaYK6Yk5mHz9Wxgt,009C
simple sunglasses,,,White,No,880,220,51,White,Black,1x1,790.0,Poki,Able Sisters,,,,All Year,All Year,,Free,Free,Active,Simple,6,everyday; vacation,AccessoryEye,Yes,For sale,2.0.0,Yes,AccessoryGlassNomal1,1461,154,APE9crmj9WsK8BpdK,009A
ski goggles,,,Yellow,No,980,245,51,Pink,Yellow,1x1,880.0,Poki,Able Sisters,Available from Able Sisters shop only,Winter (shopping),No,Winter,Winter,,Free,Free,Active,Active,1,outdoorsy; sporty,AccessoryEye,Yes,For sale,1.0.0,Yes,AccessoryGlassGogglesski1,377,11479,NwNqq5g2iw4DeMsBY,2CD7
ski goggles,,,White,No,980,245,51,Orange,White,1x1,880.0,Poki,Able Sisters,Available from Able Sisters shop only,Winter (shopping),No,Winter,Winter,Winter,Free,Free,Active,Active,2,outdoorsy; sporty,AccessoryEye,Yes,For sale,1.0.0,Yes,AccessoryGlassGogglesski0,377,4453,GWhWLPt3sExfeAG2c,1165
ski goggles,,,Purple,No,980,245,51,Green,Blue,1x1,880.0,Poki,Able Sisters,Available from Able Sisters shop only,Winter (shopping),No,Winter,Winter,,Free,Free,Active,Active,3,outdoorsy; sporty,AccessoryEye,Yes,For sale,1.0.0,Yes,AccessoryGlassGogglesski2,377,11480,4umKSoR2BWtW6JyFK,2CD8
ski goggles,,,Orange,No,980,245,51,Aqua,Orange,1x1,880.0,Poki,Able Sisters,Available from Able Sisters shop only,Winter (shopping),No,Winter,Winter,,Free,Free,Active,Active,4,outdoorsy; sporty,AccessoryEye,Yes,For sale,1.0.0,Yes,AccessoryGlassGogglesski5,377,11483,vSksuA8nCN72Tq3ji,2CDB
ski goggles,,,Green,No,980,245,51,Blue,Green,1x1,880.0,Poki,Able Sisters,Available from Able Sisters shop only,Winter (shopping),No,Winter,Winter,,Free,Free,Active,Active,5,outdoorsy; sporty,AccessoryEye,Yes,For sale,1.0.0,Yes,AccessoryGlassGogglesski4,377,11482,SydPBHGEnpRAKuCfq,2CDA
ski goggles,,,Pink,No,980,245,51,Purple,Pink,1x1,880.0,Poki,Able Sisters,Available from Able Sisters shop only,Winter (shopping),No,Winter,Winter,,Free,Free,Active,Active,6,outdoorsy; sporty,AccessoryEye,Yes,For sale,1.0.0,Yes,AccessoryGlassGogglesski3,377,11481,RBByDZoTeK5b6jvXn,2CD9
snorkel mask,,,Black,No,700,175,51,Gray,Black,1x1,630.0,Poki,Nintendo; Able Sisters,Mailed to players after the 1.3.0 update in a letter from Nintendo; Available from either Mabel's temporary shop or Able Sisters shop,Summer (shopping),No,Summer,Summer,,Free,Free,Active,Active,1,outdoorsy; sporty; vacation; work,AcceEyeMouth,No,For sale,1.3.0,Yes,AccessoryGlassmouthDiver5,432,11497,jFwR59w58PSPL53K4,2CE9
snorkel mask,,,Red,No,700,175,51,Red,Red,1x1,630.0,Poki,Nintendo; Able Sisters,Mailed to players after the 1.3.0 update in a letter from Nintendo; Available from either Mabel's temporary shop or Able Sisters shop,Summer (shopping),No,Summer,Summer,,Free,Free,Active,Active,2,outdoorsy; sporty; vacation; work,AcceEyeMouth,No,For sale,1.3.0,Yes,AccessoryGlassmouthDiver2,432,11494,ekXFtoFg8mmsbyZYp,2CE6
snorkel mask,,,Pink,No,700,175,51,Pink,Pink,1x1,630.0,Poki,Nintendo; Able Sisters,Mailed to players after the 1.3.0 update in a letter from Nintendo; Available from either Mabel's temporary shop or Able Sisters shop,Summer (shopping),No,Summer,Summer,,Free,Free,Active,Active,3,outdoorsy; sporty; vacation; work,AcceEyeMouth,No,For sale,1.3.0,Yes,AccessoryGlassmouthDiver3,432,11495,3oBKZL4APPZGp7KpN,2CE7
snorkel mask,,,Orange,No,700,175,51,Yellow,Orange,1x1,630.0,Poki,Nintendo; Able Sisters,Mailed to players after the 1.3.0 update in a letter from Nintendo; Available from either Mabel's temporary shop or Able Sisters shop,Summer (shopping),No,Summer,Summer,,Free,Free,Active,Active,4,outdoorsy; sporty; vacation; work,AcceEyeMouth,No,For sale,1.3.0,Yes,AccessoryGlassmouthDiver1,432,11493,xHJu2dJts5RYTFw7p,2CE5
snorkel mask,,,Green,No,700,175,51,Green,Green,1x1,630.0,Poki,Nintendo; Able Sisters,Mailed to players after the 1.3.0 update in a letter from Nintendo; Available from either Mabel's temporary shop or Able Sisters shop,Summer (shopping),No,Summer,Summer,,Free,Free,Active,Active,5,outdoorsy; sporty; vacation; work,AcceEyeMouth,No,For sale,1.3.0,Yes,AccessoryGlassmouthDiver4,432,11496,v9xCArJntbpz9FhSG,2CE8
snorkel mask,,,Blue,No,700,175,51,Aqua,Blue,1x1,630.0,Poki,Nintendo; Able Sisters,Mailed to players after the 1.3.0 update in a letter from Nintendo; Available from either Mabel's temporary shop or Able Sisters shop,Summer (shopping),No,Summer,Summer,,Free,Free,Active,Active,6,outdoorsy; sporty; vacation; work,AcceEyeMouth,No,For sale,1.3.0,Yes,AccessoryGlassmouthDiver0,432,4551,rSw6wK34RyoG5cMe3,11C7
sporty shades,,,White,No,1300,325,51,White,Orange,1x1,1200.0,Poki,Able Sisters,Available from either Mabel's temporary shop or Able Sisters shop,,,All Year,All Year,,Free,Free,Active,Active,1,outdoorsy; sporty,AccessoryEye,Yes,For sale,1.0.0,Yes,AccessoryGlassSports1,381,11489,CA5YASgCBpgL2PSpX,2CE1
sporty shades,,,Black,No,1300,325,51,Black,Orange,1x1,1200.0,Poki,Able Sisters,Available from either Mabel's temporary shop or Able Sisters shop,,,All Year,All Year,,Free,Free,Active,Active,2,outdoorsy; sporty,AccessoryEye,Yes,For sale,1.0.0,Yes,AccessoryGlassSports0,381,4458,QkHqffg8X4eTL6PXX,116A
sporty shades,,,Pink,No,1300,325,51,Pink,Pink,1x1,1200.0,Poki,Able Sisters,Available from either Mabel's temporary shop or Able Sisters shop,,,All Year,All Year,,Free,Free,Active,Active,3,outdoorsy; sporty,AccessoryEye,Yes,For sale,1.0.0,Yes,AccessoryGlassSports2,381,11490,GgdcckY8p5Rg5NyTY,2CE2
sporty shades,,,Lime,No,1300,325,51,Green,Aqua,1x1,1200.0,Poki,Able Sisters,Available from either Mabel's temporary shop or Able Sisters shop,,,All Year,All Year,,Free,Free,Active,Active,4,outdoorsy; sporty,AccessoryEye,Yes,For sale,1.0.0,Yes,AccessoryGlassSports3,381,11491,uwEjreWEdYSbuxXE9,2CE3
sporty shades,,,Light blue,No,1300,325,51,Aqua,Blue,1x1,1200.0,Poki,Able Sisters,Available from either Mabel's temporary shop or Able Sisters shop,,,All Year,All Year,,Free,Free,Active,Active,5,outdoorsy; sporty,AccessoryEye,Yes,For sale,1.0.0,Yes,AccessoryGlassSports4,381,11492,THB8TWPykhsELXErr,2CE4
square glasses,,,Gray,No,880,220,51,Gray,Gray,1x1,790.0,Poki,Able Sisters,Available from either Mabel's temporary shop or Able Sisters shop,,,All Year,All Year,,Free,Free,Simple,Simple,1,everyday; formal; work,AccessoryEye,Yes,For sale,1.0.0,Yes,AccessoryGlassSquare2,258,11067,QxFwFytYcWo5acGtW,2B3B
square glasses,,,Black,No,880,220,51,Black,Black,1x1,790.0,Poki,Able Sisters,Available from either Mabel's temporary shop or Able Sisters shop,,,All Year,All Year,All Year,Free,Free,Simple,Simple,2,everyday; formal; work,AccessoryEye,Yes,For sale,1.0.0,Yes,AccessoryGlassSquare1,258,11066,LhvFWS5ADiDiPJwai,2B3A
square glasses,,,Blue,No,880,220,51,Blue,Blue,1x1,790.0,Poki,Able Sisters,Available from either Mabel's temporary shop or Able Sisters shop,,,All Year,All Year,Winter,Free,Free,Simple,Simple,3,everyday; formal; work,AccessoryEye,Yes,For sale,1.0.0,Yes,AccessoryGlassSquare3,258,11068,CvziuqadDpoQgGK4C,2B3C
square glasses,,,Brown,No,880,220,51,Brown,Brown,1x1,790.0,Poki,Able Sisters,Available from either Mabel's temporary shop or Able Sisters shop,,,All Year,All Year,All Year,Free,Free,Simple,Simple,4,everyday; formal; work,AccessoryEye,Yes,For sale,1.0.0,Yes,AccessoryGlassSquare0,258,4236,rAzkKijSEqXzoAZKY,108C
squared browline glasses,,,Gray,No,1040,260,51,Gray,Yellow,1x1,940.0,Poki,Able Sisters,,,,All Year,All Year,,Free,Free,Simple,Cool,1,everyday; formal; work,AccessoryEye,Yes,For sale,2.0.0,Yes,AccessoryGlassThurmontsquare3,1391,165,fARrP83AnC3qjTooH,00A5
squared browline glasses,,,Black,No,1040,260,51,Black,Yellow,1x1,940.0,Poki,Able Sisters,,,,All Year,All Year,,Free,Free,Simple,Cool,2,everyday; formal; work,AccessoryEye,Yes,For sale,2.0.0,Yes,AccessoryGlassThurmontsquare0,1391,14362,2ZykrYipJHcfMNf4B,381A
squared browline glasses,,,Green,No,1040,260,51,Green,Gray,1x1,940.0,Poki,Able Sisters,,,,All Year,All Year,,Free,Free,Simple,Cool,3,everyday; formal; work,AccessoryEye,Yes,For sale,2.0.0,Yes,AccessoryGlassThurmontsquare2,1391,164,MZDq7QznBMuHgAxLn,00A4
squared browline glasses,,,Brown,No,1040,260,51,Brown,Yellow,1x1,940.0,Poki,Able Sisters,,,,All Year,All Year,,Free,Free,Simple,Cool,4,everyday; formal; work,AccessoryEye,Yes,For sale,2.0.0,Yes,AccessoryGlassThurmontsquare1,1391,163,DRYt8riBFzSdSmwWv,00A3
stache & glasses,,,Black,No,770,192,51,Black,Orange,1x1,690.0,Poki,Able Sisters,Available from Able Sisters shop only,,,All Year,All Year,,Free,Free,Cute,Gorgeous,1,party; theatrical,AcceEyeMouth,Yes,For sale,1.0.0,Yes,AccessoryGlassmouthBeard0,408,4501,s7hDzZ3ajPpK9fnEW,1195
stache & glasses,,,Red,No,770,192,51,Red,Black,1x1,690.0,Poki,Able Sisters,Available from Able Sisters shop only,,,All Year,All Year,,Free,Free,Cute,Gorgeous,2,party; theatrical,AcceEyeMouth,Yes,For sale,1.0.0,Yes,AccessoryGlassmouthBeard1,408,11007,M8owND8DnAEKA9nuX,2AFF
star shades,,,Pink,No,880,220,51,Pink,Black,1x1,790.0,Poki,Able Sisters,Available from either Mabel's temporary shop or Able Sisters shop,,,All Year,All Year,,Free,Free,Cute,Active,1,party; vacation,AccessoryEye,Yes,For sale,1.0.0,Yes,AccessoryGlassStar1,262,11192,PCZAYraP9kdaqnZy7,2BB8
star shades,,,Yellow,No,880,220,51,Yellow,Black,1x1,790.0,Poki,Able Sisters,Available from either Mabel's temporary shop or Able Sisters shop,,,All Year,All Year,,Free,Free,Cute,Active,2,party; vacation,AccessoryEye,Yes,For sale,1.0.0,Yes,AccessoryGlassStar0,262,4240,y4n8SisxyS7dGRWL7,1090
star shades,,,Green,No,880,220,51,Green,Black,1x1,790.0,Poki,Able Sisters,Available from either Mabel's temporary shop or Able Sisters shop,,,All Year,All Year,,Free,Free,Cute,Active,3,party; vacation,AccessoryEye,Yes,For sale,1.0.0,Yes,AccessoryGlassStar4,262,11195,PaF6nho2LRBu5x7Pi,2BBB
star shades,,,Blue,No,880,220,51,Aqua,Black,1x1,790.0,Poki,Able Sisters,Available from either Mabel's temporary shop or Able Sisters shop,,,All Year,All Year,Summer,Free,Free,Cute,Active,4,party; vacation,AccessoryEye,Yes,For sale,1.0.0,Yes,AccessoryGlassStar2,262,11193,h4zk6rrWiX94jefGH,2BB9
star shades,,,Purple,No,880,220,51,Purple,Black,1x1,790.0,Poki,Able Sisters,Available from either Mabel's temporary shop or Able Sisters shop,,,All Year,All Year,,Free,Free,Cute,Active,5,party; vacation,AccessoryEye,Yes,For sale,1.0.0,Yes,AccessoryGlassStar3,262,11194,GiBvxa93RwTN46zhE,2BBA
steampunk glasses,,,Green,No,1300,325,51,Brown,Green,1x1,1200.0,Poki,Able Sisters,Available from Able Sisters shop only,,,All Year,All Year,,Free,Free,Gorgeous,Cool,1,fairy tale; theatrical,AccessoryEye,Yes,For sale,1.0.0,Yes,AccessoryGlassSteampunk0,511,4685,uANDLz5EDWphoM3Lc,124D
steampunk glasses,,,Purple,No,1300,325,51,Brown,Purple,1x1,1200.0,Poki,Able Sisters,Available from Able Sisters shop only,,,All Year,All Year,,Free,Free,Gorgeous,Cool,2,fairy tale; theatrical,AccessoryEye,Yes,For sale,1.0.0,Yes,AccessoryGlassSteampunk1,511,11505,Rhhrv89PGEMbdbdPt,2CF1
sticky rice,,,,No,490,122,51,White,White,1x1,440.0,Poki,Able Sisters,Available from either Mabel's temporary shop or Able Sisters shop,,,All Year,All Year,,Free,Free,Simple,Cute,1,comfy,AccessoryMouth,No,For sale,1.0.0,Yes,AccessoryMouthRice,489,4652,isnXDFfGkHKKB8bMP,122C
sunflower sunglasses,,,,No,1200,300,201,Yellow,Brown,1x1,,,Nook Shopping Seasonal,,Summer Solstice,Yes,All Year,Summer,,Free,Free,Gorgeous,Active,1,outdoorsy; party; vacation,AccessoryEye,Yes,Seasonal,2.0.0,Yes,AccessoryGlassSummer0,1311,13325,TbpYoSke87m3ZcWpS,340D
superhero mask,,,,No,1040,260,51,Black,Black,1x1,940.0,Poki,Able Sisters,Available from Able Sisters shop only,,,All Year,All Year,,Free,Free,Cool,Active,1,fairy tale; theatrical; work,AccessoryEye,Yes,For sale,1.0.0,Yes,AccessoryGlassHeromaskBlack,510,4684,fK2Xz8nxAebSkWNdE,124C
tiny shades,,,Black,No,1100,275,51,Black,Black,1x1,990.0,Poki,Able Sisters,Available from either Mabel's temporary shop or Able Sisters shop,,,All Year,All Year,,Free,Free,Cool,Cool,1,fairy tale; formal,AccessoryEye,Yes,For sale,1.0.0,Yes,AccessoryGlassMini1,384,11215,tCxZoqcR8egLcu4oh,2BCF
tiny shades,,,Berry red,No,1100,275,51,Red,Black,1x1,990.0,Poki,Able Sisters,Available from either Mabel's temporary shop or Able Sisters shop,,,All Year,All Year,,Free,Free,Cool,Cool,2,fairy tale; formal,AccessoryEye,Yes,For sale,1.0.0,Yes,AccessoryGlassMini2,384,11216,8YkgkHp2z5tycST3j,2BD0
tiny shades,,,Gold,No,1100,275,51,Yellow,Black,1x1,990.0,Poki,Able Sisters,Available from either Mabel's temporary shop or Able Sisters shop,,,All Year,All Year,All Year,Free,Free,Cool,Cool,3,fairy tale; formal,AccessoryEye,Yes,For sale,1.0.0,Yes,AccessoryGlassMini0,384,4461,DnZtrKfwj3MAy6PZc,116D
tortoise specs,,,Black,No,1040,260,51,Black,Beige,1x1,940.0,Poki,Able Sisters,Available from either Mabel's temporary shop or Able Sisters shop,,,All Year,All Year,Winter,Free,Free,Simple,Cool,1,everyday; formal,AccessoryEye,Yes,For sale,1.0.0,Yes,AccessoryGlassTortoiseshell2,383,11080,fEshNAFDwcyo9v2fX,2B48
tortoise specs,,,Beige,No,1040,260,51,Orange,Beige,1x1,940.0,Poki,Able Sisters,Available from either Mabel's temporary shop or Able Sisters shop,,,All Year,All Year,,Free,Free,Simple,Cool,2,everyday; formal,AccessoryEye,Yes,For sale,1.0.0,Yes,AccessoryGlassTortoiseshell1,383,11079,jewJFqgFQTHKyAKTz,2B47
tortoise specs,,,Brown,No,1040,260,51,Brown,Orange,1x1,940.0,Poki,Able Sisters,Available from either Mabel's temporary shop or Able Sisters shop,,,All Year,All Year,Winter,Free,Free,Simple,Cool,3,everyday; formal,AccessoryEye,Yes,For sale,1.0.0,Yes,AccessoryGlassTortoiseshell0,383,4460,kqomsYL33TB7zaNtY,116C
triangle shades,,,White,No,880,220,51,White,Purple,1x1,790.0,Poki,Able Sisters,Available from either Mabel's temporary shop or Able Sisters shop,,,All Year,All Year,,Free,Free,Cute,Active,1,party; vacation,AccessoryEye,Yes,For sale,1.0.0,Yes,AccessoryGlassTriangle5,264,11207,QpAQQTRoBmcjNBeEK,2BC7
triangle shades,,,Black,No,880,220,51,Black,Purple,1x1,790.0,Poki,Able Sisters,Available from either Mabel's temporary shop or Able Sisters shop,,,All Year,All Year,,Free,Free,Cute,Active,2,party; vacation,AccessoryEye,Yes,For sale,1.0.0,Yes,AccessoryGlassTriangle6,264,11208,vGHab8KFNDFRgW5h6,2BC8
triangle shades,,,Red,No,880,220,51,Red,Purple,1x1,790.0,Poki,Able Sisters,Available from either Mabel's temporary shop or Able Sisters shop,,,All Year,All Year,,Free,Free,Cute,Active,3,party; vacation,AccessoryEye,Yes,For sale,1.0.0,Yes,AccessoryGlassTriangle0,264,4242,cw8m5tS85qMGGnpy9,1092
triangle shades,,,Orange,No,880,220,51,Orange,Purple,1x1,790.0,Poki,Able Sisters,Available from either Mabel's temporary shop or Able Sisters shop,,,All Year,All Year,,Free,Free,Cute,Active,4,party; vacation,AccessoryEye,Yes,For sale,1.0.0,Yes,AccessoryGlassTriangle1,264,11203,cR58LxuFK4Kcxh7fc,2BC3
triangle shades,,,Green,No,880,220,51,Green,Purple,1x1,790.0,Poki,Able Sisters,Available from either Mabel's temporary shop or Able Sisters shop,,,All Year,All Year,,Free,Free,Cute,Active,5,party; vacation,AccessoryEye,Yes,For sale,1.0.0,Yes,AccessoryGlassTriangle4,264,11206,4edkdodmNhmpkSCBo,2BC6
triangle shades,,,Blue,No,880,220,51,Aqua,Purple,1x1,790.0,Poki,Able Sisters,Available from either Mabel's temporary shop or Able Sisters shop,,,All Year,All Year,,Free,Free,Cute,Active,6,party; vacation,AccessoryEye,Yes,For sale,1.0.0,Yes,AccessoryGlassTriangle2,264,11204,xSM4vD2KSok5cjo6p,2BC4
triangle shades,,,Purple,No,880,220,51,Purple,Purple,1x1,790.0,Poki,Able Sisters,Available from either Mabel's temporary shop or Able Sisters shop,,,All Year,All Year,,Free,Free,Cute,Active,7,party; vacation,AccessoryEye,Yes,For sale,1.0.0,Yes,AccessoryGlassTriangle3,264,11205,vAuSuBJcAfyMR6wk7,2BC5
Venetian carnival mask,,,Gold,No,2400,600,201,Yellow,Red,1x1,,,Nook Shopping Seasonal,,Carnival of Venice,Yes,All Year,All Year,,Free,Free,Gorgeous,Elegant,1,fairy tale; party; theatrical,AccessoryEyeMouthInvisibleNose,Yes,Seasonal,2.0.0,Yes,AccessoryGlassmouthVenezia0,1447,14753,aZbA8aKMF5N9aGbtQ,39A1
Venetian carnival mask,,,Pink,No,2400,600,201,Pink,Purple,1x1,,,Nook Shopping Seasonal,,Carnival of Venice,Yes,All Year,All Year,,Free,Free,Gorgeous,Elegant,2,fairy tale; party; theatrical,AccessoryEyeMouthInvisibleNose,Yes,Seasonal,2.0.0,Yes,AccessoryGlassmouthVenezia3,1447,268,CLABpMMfamXdLe2Ba,010C
Venetian carnival mask,,,Blue,No,2400,600,201,Aqua,Blue,1x1,,,Nook Shopping Seasonal,,Carnival of Venice,Yes,All Year,All Year,,Free,Free,Gorgeous,Elegant,3,fairy tale; party; theatrical,AccessoryEyeMouthInvisibleNose,Yes,Seasonal,2.0.0,Yes,AccessoryGlassmouthVenezia2,1447,267,rwsdgSQ9ELd9vAwwM,010B
Venetian carnival mask,,,Silver,No,2400,600,201,Gray,Black,1x1,,,Nook Shopping Seasonal,,Carnival of Venice,Yes,All Year,All Year,,Free,Free,Gorgeous,Elegant,4,fairy tale; party; theatrical,AccessoryEyeMouthInvisibleNose,Yes,Seasonal,2.0.0,Yes,AccessoryGlassmouthVenezia1,1447,266,MeS35zmX5yAA2KGFi,010A
Venetian carnival mask,,,White,No,2400,600,201,White,Colorful,1x1,,,Nook Shopping Seasonal,,Carnival of Venice,Yes,All Year,All Year,,Free,Free,Gorgeous,Elegant,5,fairy tale; party; theatrical,AccessoryEyeMouthInvisibleNose,Yes,Seasonal,2.0.0,Yes,AccessoryGlassmouthVenezia4,1447,269,7tvGjke6YBupemtDa,010D
Wario 'stache,,,,No,1200,300,201,Black,Pink,1x1,,,Nook Shopping Promotion,Not available before March 1st 2021,,,All Year,All Year,,Free,Free,Active,Simple,1,fairy tale; formal; party,AccessoryEyeMouthInvisibleNose,No,Not in catalog,1.8.0,Yes,AccessoryGlassmouthWario0,1326,13560,JkKdho5JRRQe5idg2,34F8
wooden-frame glasses,,,Brown,No,1560,390,51,Brown,Gray,1x1,1400.0,Poki,Able Sisters,Available from either Mabel's temporary shop or Able Sisters shop,,,All Year,All Year,Winter,Free,Free,Simple,Cool,1,everyday; formal; work,AccessoryEye,Yes,For sale,1.0.0,Yes,AccessoryGlassWood0,496,4669,dbnqry4vZBvK6LrS2,123D
wooden-frame glasses,,,Dark brown,No,1560,390,51,Brown,Yellow,1x1,1400.0,Poki,Able Sisters,Available from either Mabel's temporary shop or Able Sisters shop,,,All Year,All Year,Winter,Free,Free,Simple,Cool,2,everyday; formal; work,AccessoryEye,Yes,For sale,1.0.0,Yes,AccessoryGlassWood1,496,11093,2MufTC9TPErbryyKS,2B55
