Name,Closet Image,Storage Image,Variation,DIY,Buy,Sell,HHA Base Points,Color 1,Color 2,Size,Exchange Price,Exchange Currency,Source,Source Notes,Season/Event,Season/Event Exclusive,Seasonal Availability,Seasonality,Gender,Style 1,Style 2,Label Themes,Sort Order,Villager Equippable,Catalog,Version Added,Unlocked?,Filename,ClothGroup ID,Internal ID,Unique Entry ID,Internal ID as hex
acorn pochette,,,,Yes,NFS,2400,201,Brown,Green,1x1,,,Crafting,,acorns and pine cones,Yes,All Year,All Year,Free,Cute,Cute,fairy tale,1,No,Not for sale,1.0.0,Yes,BagShoulderAcorn0,980,7492,XiC7bNzTBAdb8zWwr,1D44
apparel-shop paper bag,,,Pink,No,720,180,23,White,Pink,1x1,,,Kicks; Kicks' Co-op,,,,All Year,All Year,Free,Simple,Elegant,everyday,1,No,For sale,2.0.0,Yes,ToolBagPaperfashion0,1510,14870,4ufLamXovvb7SbwKh,3A16
apparel-shop paper bag,,,Light blue,No,720,180,23,White,Aqua,1x1,,,Kicks; Kicks' Co-op,,,,All Year,All Year,Free,Simple,Elegant,everyday,2,No,For sale,2.0.0,Yes,ToolBagPaperfashion1,1510,306,WAxwLb5yJpatBDRrp,0132
Asian-style clasp purse,,,Black,No,960,240,23,Black,Red,1x1,,,Kicks; Kicks' Co-op,,,,All Year,All Year,Free,Simple,Cute,everyday,1,No,For sale,2.0.0,Yes,BagShoulderGamaguchiAsian0,1490,14859,JEshZRB4MsJjn6qR7,3A0B
Asian-style clasp purse,,,Blue,No,960,240,23,Blue,Yellow,1x1,,,Kicks; Kicks' Co-op,,,,All Year,All Year,Free,Simple,Cute,everyday,2,No,For sale,2.0.0,Yes,BagShoulderGamaguchiAsian1,1490,352,HQ2Lj5h3pYiKavNAp,0160
basket bag,,,Light brown,No,1120,280,23,Beige,Beige,1x1,,,Kicks; Kicks' Co-op,,,,All Year,All Year,Free,Simple,Cute,fairy tale; vacation,1,No,For sale,2.0.0,Yes,ToolBagBasket0,1503,14791,JgJwc8Wr2evdQxpRi,39C7
basket bag,,,Brown,No,1120,280,23,Brown,Brown,1x1,,,Kicks; Kicks' Co-op,,,,All Year,All Year,Free,Simple,Cute,fairy tale; vacation,2,No,For sale,2.0.0,Yes,ToolBagBasket2,1503,369,6oX353Da7NJdAsHuo,0171
basket bag,,,White,No,1120,280,23,White,White,1x1,,,Kicks; Kicks' Co-op,,,,All Year,All Year,Free,Simple,Cute,fairy tale; vacation,3,No,For sale,2.0.0,Yes,ToolBagBasket1,1503,368,7rKZmcoHLonmJD6N3,0170
basket pack,,,,Yes,NFS,2400,103,Green,Green,1x1,,,Crafting,,young spring bamboo,Yes,All Year,All Year,Free,Simple,Simple,outdoorsy; work,1,No,Not for sale,1.0.0,Yes,BagBackpackBasket0,995,7506,BW764rj9aH3QL6GRH,1D52
beaded clasp purse,,,Purple,No,960,240,23,Purple,Pink,1x1,,,Kicks; Kicks' Co-op,,,,All Year,All Year,Free,Simple,Elegant,everyday,1,No,For sale,2.0.0,Yes,BagShoulderGamaguchiBijou0,1492,14861,RLmEKHTmqpSNx3JaH,3A0D
beaded clasp purse,,,Pink,No,960,240,23,Pink,Beige,1x1,,,Kicks; Kicks' Co-op,,,,All Year,All Year,Free,Simple,Elegant,everyday,2,No,For sale,2.0.0,Yes,BagShoulderGamaguchiBijou1,1492,355,yw7dxwmwsqjbPhXvv,0163
beaded clasp purse,,,Navy blue,No,960,240,23,Black,Gray,1x1,,,Kicks; Kicks' Co-op,,,,All Year,All Year,Free,Simple,Elegant,everyday,3,No,For sale,2.0.0,Yes,BagShoulderGamaguchiBijou2,1492,356,FrNRJhxm9pffD3eG4,0164
bear backpack,,,Brown,No,1300,325,23,Beige,Red,1x1,,,Kicks; Kicks' Co-op,,,,All Year,All Year,Free,Cute,Cute,fairy tale,1,No,For sale,2.0.0,Yes,BagBackpackBear0,1238,12877,yadG76uHehTnHavwc,324D
bear backpack,,,White,No,1300,325,23,White,Blue,1x1,,,Kicks; Kicks' Co-op,,,,All Year,All Year,Free,Cute,Cute,fairy tale,2,No,For sale,2.0.0,Yes,BagBackpackBear1,1238,339,QGqP8WkBA4HYaqknA,0153
bear backpack,,,Pink,No,1300,325,23,Pink,Aqua,1x1,,,Kicks; Kicks' Co-op,,,,All Year,All Year,Free,Cute,Cute,fairy tale,3,No,For sale,2.0.0,Yes,BagBackpackBear2,1238,714,QJNEepzqmHiqS28Lp,02CA
bear backpack,,,Light blue,No,1300,325,23,Aqua,Yellow,1x1,,,Kicks; Kicks' Co-op,,,,All Year,All Year,Free,Cute,Cute,fairy tale,4,No,For sale,2.0.0,Yes,BagBackpackBear3,1238,718,GqPuKvErbpXQSjNqL,02CE
bear backpack,,,Black,No,1300,325,23,Black,Purple,1x1,,,Kicks; Kicks' Co-op,,,,All Year,All Year,Free,Cute,Cute,fairy tale,5,No,For sale,2.0.0,Yes,BagBackpackBear4,1238,719,xwj7zZQboPT3DDweq,02CF
botanical-print backpack,,,Black,No,1280,320,23,Yellow,Green,1x1,,,Kicks; Kicks' Co-op,,,,All Year,All Year,Free,Simple,Active,everyday,1,No,For sale,2.0.0,Yes,BagBackpackTownPattern0,1455,14782,9SGwf8R6ZDR2dtc4R,39BE
botanical-print backpack,,,White,No,1280,320,23,Red,Green,1x1,,,Kicks; Kicks' Co-op,,,,All Year,All Year,Free,Simple,Active,everyday,2,No,For sale,2.0.0,Yes,BagBackpackTownPattern1,1455,675,7kt8r6FMmKMEyTevE,02A3
bread-print eco bag,,,,No,840,210,23,White,Beige,1x1,,,Kicks; Kicks' Co-op,,,,All Year,All Year,Free,Simple,Active,everyday,1,No,For sale,2.0.0,Yes,ToolBagEcobread0,1519,14813,6byP9duj2EyL3Sdqe,39DD
bug cage,,,,No,NFS,122,501,Green,White,1x1,,,Flick,,Bug-Off (1); Bug-Off (2); Bug-Off (3); Bug-Off (4),Yes,All Year,All Year,Free,Active,Active,outdoorsy; vacation,1,No,Not for sale,1.0.0,Yes,BagShoulderCage0,967,7479,nrkEKkL46YsQYcYjp,1D37
Bunny Day bag,,,,Yes,NFS,2400,351,Colorful,Colorful,1x1,,,Crafting,,Bunny Day (days before); Bunny Day,Yes,All Year,All Year,Free,Active,Cute,fairy tale; party; theatrical,1,No,Not for sale,1.1.0,Yes,BagBackpackEgg0,1203,12447,YGofzAZknSTYWmfWM,309F
butterfly backpack,,,,No,NFS,210,501,Pink,Yellow,1x1,,,Flick,,Bug-Off (1); Bug-Off (2); Bug-Off (3); Bug-Off (4),Yes,All Year,All Year,Free,Cute,Cute,everyday; fairy tale; theatrical,1,No,Not for sale,1.0.0,Yes,BagBackpackButterfly0,991,7502,unsmeHZemRaTnq62z,1D4E
camo tote bag,,,Green,No,980,245,23,Green,Black,1x1,,,Kicks; Kicks' Co-op,,,,All Year,All Year,Free,Simple,Active,everyday; outdoorsy,1,No,For sale,2.0.0,Yes,ToolBagTotecamouflage0,1514,14890,hkENX8rbZFmeCvs3m,3A2A
camo tote bag,,,Brown,No,980,245,23,Brown,Black,1x1,,,Kicks; Kicks' Co-op,,,,All Year,All Year,Free,Simple,Active,everyday; outdoorsy,2,No,For sale,2.0.0,Yes,ToolBagTotecamouflage1,1514,367,gKdTa28W2bkWRKpEQ,016F
canvas backpack,,,,No,1300,325,23,White,Orange,1x1,,,Kicks; Kicks' Co-op,,,,All Year,All Year,Free,Simple,Simple,everyday,1,No,For sale,1.0.0,Yes,BagBackpackTote0,998,7509,ZtgYddBwpZfGMjewu,1D55
checkered backpack,,,Gray,No,1200,300,23,Gray,Brown,1x1,,,Kicks; Kicks' Co-op,,,,All Year,All Year,Free,Simple,Active,everyday,1,No,For sale,2.0.0,Yes,BagBackpackTownCheck2,1480,702,ygmvdDwEN95Z9zrKv,02BE
checkered backpack,,,Green,No,1200,300,23,Green,Brown,1x1,,,Kicks; Kicks' Co-op,,,,All Year,All Year,Free,Simple,Active,everyday,2,No,For sale,2.0.0,Yes,BagBackpackTownCheck3,1480,703,XYXcQcweG2G3cg6ok,02BF
checkered backpack,,,Blue,No,1200,300,23,Aqua,Brown,1x1,,,Kicks; Kicks' Co-op,,,,All Year,All Year,Free,Simple,Active,everyday,3,No,For sale,2.0.0,Yes,BagBackpackTownCheck1,1480,701,vv2SEMWDvGaCRqPqu,02BD
checkered backpack,,,Brown,No,1200,300,23,Brown,Brown,1x1,,,Kicks; Kicks' Co-op,,,,All Year,All Year,Free,Simple,Active,everyday,4,No,For sale,2.0.0,Yes,BagBackpackTownCheck0,1480,14844,dj6vtf6XAqYjHEaqs,39FC
cherry-blossom pochette,,,,Yes,NFS,2400,201,Pink,Pink,1x1,,,Crafting,,cherry-blossom petals,Yes,All Year,All Year,Free,Cute,Cute,fairy tale; vacation,1,No,Not for sale,1.0.0,Yes,BagShoulderCherryblossoms0,978,7490,wwkZdhj9HzxZiqHys,1D42
clasp purse,,,White,No,880,220,23,White,Yellow,1x1,,,Kicks; Kicks' Co-op,,,,All Year,All Year,Free,Simple,Simple,everyday,1,No,For sale,2.0.0,Yes,BagShoulderGamaguchi4,1456,345,72Xsfpp7ewaTkzyB5,0159
clasp purse,,,Ash,No,880,220,23,Gray,Yellow,1x1,,,Kicks; Kicks' Co-op,,,,All Year,All Year,Free,Simple,Simple,everyday,2,No,For sale,2.0.0,Yes,BagShoulderGamaguchi5,1456,346,6PCNSGwpH6fuCsbfk,015A
clasp purse,,,Red,No,880,220,23,Red,Yellow,1x1,,,Kicks; Kicks' Co-op,,,,All Year,All Year,Free,Simple,Simple,everyday,3,No,For sale,2.0.0,Yes,BagShoulderGamaguchi1,1456,340,aKBzafbwwNiuAJo8c,0154
clasp purse,,,Green,No,880,220,23,Green,Yellow,1x1,,,Kicks; Kicks' Co-op,,,,All Year,All Year,Free,Simple,Simple,everyday,4,No,For sale,2.0.0,Yes,BagShoulderGamaguchi3,1456,344,BZadwstw2oGF4PhcD,0158
clasp purse,,,Blue,No,880,220,23,Blue,Yellow,1x1,,,Kicks; Kicks' Co-op,,,,All Year,All Year,Free,Simple,Simple,everyday,5,No,For sale,2.0.0,Yes,BagShoulderGamaguchi2,1456,342,9pY8hpFHx8wCTW957,0156
clasp purse,,,Brown,No,880,220,23,Brown,Yellow,1x1,,,Kicks; Kicks' Co-op,,,,All Year,All Year,Free,Simple,Simple,everyday,6,No,For sale,2.0.0,Yes,BagShoulderGamaguchi6,1456,347,Rgwvj3weSoA3dHgT8,015B
clasp purse,,,Yellow,No,880,220,23,Brown,Yellow,1x1,,,Kicks; Kicks' Co-op,,,,All Year,All Year,Free,Simple,Simple,everyday,7,No,For sale,2.0.0,Yes,BagShoulderGamaguchi0,1456,14783,SGiaYqqaRQnTkiY4X,39BF
cloth shoulder bag,,,Ivory,No,1400,350,23,White,White,1x1,,,Kicks; Kicks' Co-op,,,,All Year,All Year,Free,Simple,Simple,everyday,1,No,For sale,1.0.0,Yes,BagShoulderCanvas2,975,12014,NfkYKg5NoaWKBEpzN,2EEE
cloth shoulder bag,,,Orange,No,1400,350,23,Orange,Orange,1x1,,,Kicks; Kicks' Co-op,,,,All Year,All Year,Free,Simple,Simple,everyday,2,No,For sale,1.0.0,Yes,BagShoulderCanvas1,975,12013,dcpCgBwji4QCYAy8k,2EED
cloth shoulder bag,,,Blue,No,1400,350,23,Aqua,Aqua,1x1,,,Kicks; Kicks' Co-op,,,,All Year,All Year,Free,Simple,Simple,everyday,3,No,For sale,1.0.0,Yes,BagShoulderCanvas0,975,7487,DzoRrArWrKtzn6Xzc,1D3F
clutch,,,Light brown,No,2200,550,23,Brown,Gray,1x1,,,Kicks; Kicks' Co-op,,,,All Year,All Year,Free,Cool,Simple,formal; party; work,1,No,For sale,2.0.0,Yes,ToolBagSecond0,1512,14792,GpChrXR8j8XRnmxJn,39C8
clutch,,,Black,No,2200,550,23,Black,Gray,1x1,,,Kicks; Kicks' Co-op,,,,All Year,All Year,Free,Cool,Simple,formal; party; work,2,No,For sale,2.0.0,Yes,ToolBagSecond3,1512,309,wame2CAf7JdS6rpYF,0135
clutch,,,Red,No,2200,550,23,Red,Gray,1x1,,,Kicks; Kicks' Co-op,,,,All Year,All Year,Free,Cool,Simple,formal; party; work,3,No,For sale,2.0.0,Yes,ToolBagSecond2,1512,308,cmkQMhu3kWCsqu7AM,0134
clutch,,,Green,No,2200,550,23,Green,Gray,1x1,,,Kicks; Kicks' Co-op,,,,All Year,All Year,Free,Cool,Simple,formal; party; work,4,No,For sale,2.0.0,Yes,ToolBagSecond1,1512,307,ire3uCiNDD8JvsgAe,0133
crossbody bag,,,White,No,700,175,23,White,Black,1x1,,,Kicks; Kicks' Co-op,,,,All Year,All Year,Free,Active,Simple,everyday; outdoorsy; sporty,1,No,For sale,1.0.0,Yes,BagBackpackBody3,971,11982,FsyHb5QAf8DDvPC7y,2ECE
crossbody bag,,,Pink,No,700,175,23,Pink,Black,1x1,,,Kicks; Kicks' Co-op,,,,All Year,All Year,Free,Active,Simple,everyday; outdoorsy; sporty,2,No,For sale,1.0.0,Yes,BagBackpackBody0,971,7483,zXtyCFHwWjnChTami,1D3B
crossbody bag,,,Yellow,No,700,175,23,Yellow,Black,1x1,,,Kicks; Kicks' Co-op,,,,All Year,All Year,Free,Active,Simple,everyday; outdoorsy; sporty,3,No,For sale,1.0.0,Yes,BagBackpackBody2,971,11981,zX6ZX4puTojGuJgGj,2ECD
crossbody bag,,,Green,No,700,175,23,Green,Black,1x1,,,Kicks; Kicks' Co-op,,,,All Year,All Year,Free,Active,Simple,everyday; outdoorsy; sporty,4,No,For sale,1.0.0,Yes,BagBackpackBody1,971,11980,tbfNwy8RmGztJdAnn,2ECC
crossbody boston bag,,,Red,No,1680,420,23,Red,Black,1x1,,,Kicks; Kicks' Co-op,,,,All Year,All Year,Free,Simple,Active,everyday; outdoorsy; sporty,1,No,For sale,1.0.0,Yes,BagShoulderDrum0,973,7485,8MwDxuHHvYM3XJpmy,1D3D
crossbody boston bag,,,Blue,No,1680,420,23,Blue,Black,1x1,,,Kicks; Kicks' Co-op,,,,All Year,All Year,Free,Simple,Active,everyday; outdoorsy; sporty,2,No,For sale,1.0.0,Yes,BagShoulderDrum1,973,12011,w98ZrTQWiRMHyveaa,2EEB
DAL backpack,,,,No,NFS,1010,251,Blue,Black,1x1,,,Dodo Airlines,Received in mail from DAL after 200 flights,,,All Year,All Year,Free,Cool,Active,outdoorsy; vacation,1,No,Not for sale,1.0.0,Yes,BagBackpackDal0,1185,12131,3mGmqSPj5YPujiDgD,2F63
delivery bag,,,Black,No,1320,330,23,Black,Yellow,1x1,,,Kicks; Kicks' Co-op,,,,All Year,All Year,Free,Simple,Active,work,1,No,For sale,2.0.0,Yes,BagBackpackDelivery0,1410,14426,Hc56JjxXHqmyEN6hX,385A
delivery bag,,,Pink,No,1320,330,23,Pink,Aqua,1x1,,,Kicks; Kicks' Co-op,,,,All Year,All Year,Free,Simple,Active,work,2,No,For sale,2.0.0,Yes,BagBackpackDelivery5,1410,495,5av7fenfkMy3vjn8z,01EF
delivery bag,,,Yellow,No,1320,330,23,Yellow,Green,1x1,,,Kicks; Kicks' Co-op,,,,All Year,All Year,Free,Simple,Active,work,3,No,For sale,2.0.0,Yes,BagBackpackDelivery3,1410,493,qSsTErgNMisB4kYiy,01ED
delivery bag,,,Green,No,1320,330,23,Green,Orange,1x1,,,Kicks; Kicks' Co-op,,,,All Year,All Year,Free,Simple,Active,work,4,No,For sale,2.0.0,Yes,BagBackpackDelivery2,1410,492,775xLbTPuWMtC75Zw,01EC
delivery bag,,,Blue,No,1320,330,23,Blue,Black,1x1,,,Kicks; Kicks' Co-op,,,,All Year,All Year,Free,Simple,Active,work,5,No,For sale,2.0.0,Yes,BagBackpackDelivery1,1410,491,rRZTG2WKqmPY6ZkTY,01EB
delivery bag,,,Brown,No,1320,330,23,Brown,Beige,1x1,,,Kicks; Kicks' Co-op,,,,All Year,All Year,Free,Simple,Active,work,6,No,For sale,2.0.0,Yes,BagBackpackDelivery4,1410,494,NnEm5JHQNsaKhFeGt,01EE
department-store paper bag,,,Blue,No,640,160,23,White,Blue,1x1,,,Kicks; Kicks' Co-op,,,,All Year,All Year,Free,Simple,Elegant,everyday,1,No,For sale,2.0.0,Yes,ToolBagPaperflower0,1511,14872,YGdBmWuCmsg8BkBAG,3A18
department-store paper bag,,,Red,No,640,160,23,White,Red,1x1,,,Kicks; Kicks' Co-op,,,,All Year,All Year,Free,Simple,Elegant,everyday,2,No,For sale,2.0.0,Yes,ToolBagPaperflower1,1511,305,Zycux4ZrTYM3at2p3,0131
diamond-weave basket bag,,,,No,1280,320,23,Beige,Green,1x1,,,Kicks; Kicks' Co-op,,,,All Year,All Year,Free,Simple,Cute,everyday; fairy tale; vacation,1,No,For sale,2.0.0,Yes,ToolBagBasketdiagram0,1505,14854,Xo3PBCD4pbS7cxwdb,3A06
dreamy backpack,,,Pink,No,1280,320,23,Pink,Purple,1x1,,,Kicks; Kicks' Co-op,,,,All Year,All Year,Free,Simple,Active,everyday; fairy tale,1,No,For sale,2.0.0,Yes,BagBackpackTownYumekawa0,1483,14838,zcEJv97N6J2k5EPxS,39F6
dreamy backpack,,,Mint,No,1280,320,23,Green,Purple,1x1,,,Kicks; Kicks' Co-op,,,,All Year,All Year,Free,Simple,Active,everyday; fairy tale,2,No,For sale,2.0.0,Yes,BagBackpackTownYumekawa1,1483,679,ub5NmJHDpGyi4QmKq,02A7
dreamy pochette,,,,No,1080,270,23,Pink,Aqua,1x1,,,Kicks; Kicks' Co-op,,,,All Year,All Year,Free,Cute,Cute,everyday; fairy tale,1,No,For sale,2.0.0,Yes,BagShoulderYumekawa0,1472,14825,E89nNM59h2SNRBn8x,39E9
dreamy ribbon pochette,,,,No,1080,270,23,Pink,Pink,1x1,,,Kicks; Kicks' Co-op,,,,All Year,All Year,Free,Cute,Cute,everyday; fairy tale,1,No,For sale,2.0.0,Yes,BagShoulderYumekawaRibbon0,1493,14883,S2o8ZDum4FYypwynm,3A23
dreamy unicorn pochette,,,,No,1160,290,23,Yellow,Pink,1x1,,,Kicks; Kicks' Co-op,,,,All Year,All Year,Free,Cute,Cute,everyday; fairy tale,1,No,For sale,2.0.0,Yes,BagShoulderYumekawaUnicorn0,1494,14884,fbMuddYDB99SAfDuF,3A24
dry bag,,,Yellow,No,1040,260,23,Yellow,Black,1x1,,,Kicks; Kicks' Co-op,,,,All Year,All Year,Free,Active,Active,outdoorsy; sporty,1,No,For sale,1.0.0,Yes,BagBackpackDry0,963,7471,iwTpuxykXjSBi8b9a,1D2F
dry bag,,,Blue,No,1040,260,23,Blue,Black,1x1,,,Kicks; Kicks' Co-op,,,,All Year,All Year,Free,Active,Active,outdoorsy; sporty,2,No,For sale,1.0.0,Yes,BagBackpackDry1,963,11964,cMoNDoZx2sdfD6Haz,2EBC
electronics-store paper bag,,,Yellow,No,600,150,23,Black,Yellow,1x1,,,Kicks; Kicks' Co-op,,,,All Year,All Year,Free,Simple,Simple,everyday,1,No,For sale,2.0.0,Yes,ToolBagPaperelectric0,1509,14871,M65CNMLJZo3LtmqHu,3A17
electronics-store paper bag,,,Light blue,No,600,150,23,Black,Aqua,1x1,,,Kicks; Kicks' Co-op,,,,All Year,All Year,Free,Simple,Simple,everyday,2,No,For sale,2.0.0,Yes,ToolBagPaperelectric1,1509,727,7riTnD4QxLS7mWNEf,02D7
electronics-store paper bag,,,Red,No,600,150,23,White,Red,1x1,,,Kicks; Kicks' Co-op,,,,All Year,All Year,Free,Simple,Simple,everyday,3,No,For sale,2.0.0,Yes,ToolBagPaperelectric3,1509,733,ZadzNjXhQ5Kz7Fk3K,02DD
electronics-store paper bag,,,Blue,No,600,150,23,White,Blue,1x1,,,Kicks; Kicks' Co-op,,,,All Year,All Year,Free,Simple,Simple,everyday,4,No,For sale,2.0.0,Yes,ToolBagPaperelectric2,1509,732,edjyRTLaHPTzWg8ro,02DC
evening bag,,,Black,No,1250,312,23,Black,Yellow,1x1,,,Kicks; Kicks' Co-op,,,,All Year,All Year,Free,Cute,Elegant,formal; party,1,No,For sale,1.0.0,Yes,BagShoulderParty2,986,11977,x9Z63uLS8cHdsoczj,2EC9
evening bag,,,Pink,No,1250,312,23,Pink,Yellow,1x1,,,Kicks; Kicks' Co-op,,,,All Year,All Year,Free,Cute,Elegant,formal; party,2,No,For sale,1.0.0,Yes,BagShoulderParty0,986,7305,tZhGqzKpEeEweTZi7,1C89
evening bag,,,Blue,No,1250,312,23,Blue,Yellow,1x1,,,Kicks; Kicks' Co-op,,,,All Year,All Year,Free,Cute,Elegant,formal; party,3,No,For sale,1.0.0,Yes,BagShoulderParty1,986,11976,SoJkNi7GNiW28tYuG,2EC8
extra-large backpack,,,Black,No,2100,525,23,Black,Black,1x1,,,Kicks; Kicks' Co-op,,,,All Year,All Year,Free,Active,Active,outdoorsy; sporty,1,No,For sale,1.0.0,Yes,BagBackpackMountain2,994,11972,HqReXLwGPigWMiJbS,2EC4
extra-large backpack,,,Red,No,2100,525,23,Red,Red,1x1,,,Kicks; Kicks' Co-op,,,,All Year,All Year,Free,Active,Active,outdoorsy; sporty,2,No,For sale,1.0.0,Yes,BagBackpackMountain0,994,7505,sjT2tZJCMpWQNmhTy,1D51
extra-large backpack,,,Green,No,2100,525,23,Green,Green,1x1,,,Kicks; Kicks' Co-op,,,,All Year,All Year,Free,Active,Active,outdoorsy; sporty,3,No,For sale,1.0.0,Yes,BagBackpackMountain1,994,11971,MKeBKrETSTs4tyrg4,2EC3
extra-large backpack,,,Blue,No,2100,525,23,Blue,Blue,1x1,,,Kicks; Kicks' Co-op,,,,All Year,All Year,Free,Active,Active,outdoorsy; sporty,4,No,For sale,1.0.0,Yes,BagBackpackMountain3,994,11973,vvEqA5aMBGyycpQFz,2EC5
faux-fur bag,,,Pink,No,1400,350,23,Pink,Yellow,1x1,,,Kicks; Kicks' Co-op,,,,All Year,All Year,Free,Cute,Gorgeous,formal; party,1,No,For sale,1.0.0,Yes,BagShoulderFakefur0,968,7480,FyneYzGmHW7SyoHn7,1D38
faux-fur bag,,,Purple,No,1400,350,23,Purple,Yellow,1x1,,,Kicks; Kicks' Co-op,,,,All Year,All Year,Free,Cute,Gorgeous,formal; party,2,No,For sale,1.0.0,Yes,BagShoulderFakefur1,968,12003,gH3fn5rkmCrekWoJB,2EE3
fish pochette,,,,No,NFS,210,501,Aqua,Blue,1x1,,,C.J.,,Fishing Tourney (Spring); Fishing Tourney (Summer); Fishing Tourney (Fall); Fishing Tourney (Winter),Yes,All Year,All Year,Free,Cute,Cute,everyday; vacation,1,No,Not for sale,1.0.0,Yes,BagShoulderFish0,965,7477,CrFcdF3rXiaiiajEB,1D35
fish-print eco bag,,,,No,840,210,23,Aqua,Blue,1x1,,,Kicks; Kicks' Co-op,,,,All Year,All Year,Free,Simple,Active,everyday,1,No,For sale,2.0.0,Yes,ToolBagEcofish0,1518,14812,RscrhCWf5CvRDEnai,39DC
flower-print eco bag,,,,No,840,210,23,Green,Pink,1x1,,,Kicks; Kicks' Co-op,,,,All Year,All Year,Free,Simple,Active,everyday,1,No,For sale,2.0.0,Yes,ToolBagEcoflower0,1520,14814,BAedK8v5HuLFKfJy5,39DE
foldover-top backpack,,,Gray,No,1300,325,23,Gray,White,1x1,,,Kicks; Kicks' Co-op,,,,All Year,All Year,Free,Active,Simple,outdoorsy; sporty,1,No,For sale,1.0.0,Yes,BagBackpackLid2,996,12017,Z8WFCNZodHtW2DBPB,2EF1
foldover-top backpack,,,Pink,No,1300,325,23,Pink,Purple,1x1,,,Kicks; Kicks' Co-op,,,,All Year,All Year,Free,Active,Simple,outdoorsy; sporty,2,No,For sale,1.0.0,Yes,BagBackpackLid3,996,12018,nD9TYBr8sw4rhLAyG,2EF2
foldover-top backpack,,,Green,No,1300,325,23,Green,Beige,1x1,,,Kicks; Kicks' Co-op,,,,All Year,All Year,Free,Active,Simple,outdoorsy; sporty,3,No,For sale,1.0.0,Yes,BagBackpackLid0,996,7507,nkXJ2eRThdt4vEpFb,1D53
foldover-top backpack,,,Blue,No,1300,325,23,Blue,Aqua,1x1,,,Kicks; Kicks' Co-op,,,,All Year,All Year,Free,Active,Simple,outdoorsy; sporty,4,No,For sale,1.0.0,Yes,BagBackpackLid1,996,12016,M8i2DNwxgXKWADAtW,2EF0
furoshiki bag,,,Green,No,880,220,23,Green,White,1x1,,,Kicks; Kicks' Co-op,,,,All Year,All Year,Free,Simple,Simple,everyday,1,No,For sale,2.0.0,Yes,ToolBagFuroshiki0,1506,14788,td2wyyAvEKwKfCrZv,39C4
furoshiki bag,,,White,No,880,220,23,White,Green,1x1,,,Kicks; Kicks' Co-op,,,,All Year,All Year,Free,Simple,Simple,everyday,2,No,For sale,2.0.0,Yes,ToolBagFuroshiki4,1506,559,MvqQF3sRB3GdHdPfK,022F
furoshiki bag,,,Red,No,880,220,23,Red,White,1x1,,,Kicks; Kicks' Co-op,,,,All Year,All Year,Free,Simple,Simple,everyday,3,No,For sale,2.0.0,Yes,ToolBagFuroshiki3,1506,558,boBJzJaghhDEWiGWM,022E
furoshiki bag,,,Purple,No,880,220,23,Purple,White,1x1,,,Kicks; Kicks' Co-op,,,,All Year,All Year,Free,Simple,Simple,everyday,4,No,For sale,2.0.0,Yes,ToolBagFuroshiki2,1506,557,HHbiZTGsShYYzTmNe,022D
furoshiki bag,,,Blue,No,880,220,23,Blue,White,1x1,,,Kicks; Kicks' Co-op,,,,All Year,All Year,Free,Simple,Simple,everyday,5,No,For sale,2.0.0,Yes,ToolBagFuroshiki1,1506,556,m8WYKKKvAr2LYjrPQ,022C
furoshiki bag,,,Gold,No,880,220,23,Yellow,Yellow,1x1,,,Kicks; Kicks' Co-op,,,,All Year,All Year,Free,Simple,Simple,everyday,6,No,For sale,2.0.0,Yes,ToolBagFuroshiki5,1506,560,HhkZdM86Ph5yTe3Go,0230
grape-harvest basket,,,,No,800,200,201,Brown,Purple,1x1,,,Nook Shopping Seasonal,,Grape Harvest Festival,Yes,All Year,All Year,Free,Simple,Active,everyday; fairy tale; outdoorsy; party,1,No,Seasonal,1.4.0,Yes,BagBackpackHarvest0,1233,12797,w3sCtnjHaNJwLD3vk,31FD
gumdrop shoulder bag,,,Pop,No,2000,500,23,Pink,Green,1x1,,,Kicks; Kicks' Co-op,,,,All Year,All Year,Free,Simple,Cute,everyday; comfy,1,No,For sale,1.0.0,Yes,BagShoulderPattern0,974,7486,mQZCwxcr6z3hq5Dgm,1D3E
gumdrop shoulder bag,,,Cool,No,2000,500,23,Purple,Aqua,1x1,,,Kicks; Kicks' Co-op,,,,All Year,All Year,Free,Simple,Cute,everyday; comfy,2,No,For sale,1.0.0,Yes,BagShoulderPattern1,974,12012,JxHQbqWH73Q3GYKT8,2EEC
hand-knit pouch,,,Green,No,1250,312,23,Green,Green,1x1,,,Kicks; Kicks' Co-op,,,,All Year,All Year,Free,Elegant,Simple,vacation,1,No,For sale,1.0.0,Yes,BagShoulderRace0,970,7482,taTKqY3xif2LhShrf,1D3A
hand-knit pouch,,,Purple,No,1250,312,23,Purple,Purple,1x1,,,Kicks; Kicks' Co-op,,,,All Year,All Year,Free,Elegant,Simple,vacation,2,No,For sale,1.0.0,Yes,BagShoulderRace1,970,12004,GLLrMeJCPd8Xn7fdr,2EE4
hard-shell backpack,,,Silver,No,1680,420,23,Gray,Black,1x1,,,Kicks; Kicks' Co-op,,,,All Year,All Year,Free,Cool,Active,outdoorsy; work,1,No,For sale,1.0.0,Yes,BagBackpackHardshell2,1001,11946,yxnDx8JQqzZDM66oR,2EAA
hard-shell backpack,,,Red,No,1680,420,23,Red,Black,1x1,,,Kicks; Kicks' Co-op,,,,All Year,All Year,Free,Cool,Active,outdoorsy; work,2,No,For sale,1.0.0,Yes,BagBackpackHardshell1,1001,10184,qdP3rmZ7P7HgA2cin,27C8
hard-shell backpack,,,Blue,No,1680,420,23,Blue,Black,1x1,,,Kicks; Kicks' Co-op,,,,All Year,All Year,Free,Cool,Active,outdoorsy; work,3,No,For sale,1.0.0,Yes,BagBackpackHardshell0,1001,7512,LETQjE3yFDKze4ntv,1D58
hero's sword and shield,,,,No,5000,1250,201,Blue,Gray,1x1,,,Nook Shopping Promotion,,,,All Year,All Year,Free,Simple,Cool,fairy tale,1,No,Not in catalog,3.0.0,Yes,BagBackpackMasterswordHylianshield0,1554,1044,S7SxMrJcgrQrMsFS7,0414
impish wings,,,White,No,1000,250,23,White,White,1x1,,,Kicks,,Halloween (days before); Halloween,No,All Year,All Year,Free,Cool,Cool,fairy tale; goth; party,1,No,For sale,1.5.0,Yes,BagBackpackHalloween2,1268,13409,CcDoJoDqXaXyMYBEx,3461
impish wings,,,Black,No,1000,250,23,Black,Black,1x1,,,Kicks,,Halloween (days before); Halloween,No,All Year,All Year,Free,Cool,Cool,fairy tale; goth; party,2,No,For sale,1.5.0,Yes,BagBackpackHalloween5,1268,13412,8v2gEqEZYuMibTdvv,3464
impish wings,,,Red,No,1000,250,23,Red,Red,1x1,,,Kicks,,Halloween (days before); Halloween,No,All Year,All Year,Free,Cool,Cool,fairy tale; goth; party,3,No,For sale,1.5.0,Yes,BagBackpackHalloween4,1268,13411,FZZmBDBcsCn9cx29J,3463
impish wings,,,Orange,No,1000,250,23,Orange,Orange,1x1,,,Kicks,,Halloween (days before); Halloween,No,All Year,All Year,Free,Cool,Cool,fairy tale; goth; party,4,No,For sale,1.5.0,Yes,BagBackpackHalloween0,1268,13015,N5Ydq8EZ3TTsKv34c,32D7
impish wings,,,Green,No,1000,250,23,Green,Green,1x1,,,Kicks,,Halloween (days before); Halloween,No,All Year,All Year,Free,Cool,Cool,fairy tale; goth; party,5,No,For sale,1.5.0,Yes,BagBackpackHalloween3,1268,13410,spWkjYsT4mKfBijAz,3462
impish wings,,,Purple,No,1000,250,23,Purple,Purple,1x1,,,Kicks,,Halloween (days before); Halloween,No,All Year,All Year,Free,Cool,Cool,fairy tale; goth; party,6,No,For sale,1.5.0,Yes,BagBackpackHalloween1,1268,13408,BqyY8XSWSswej9Lap,3460
ink tank,,,,No,2500,625,201,Yellow,Black,1x1,,,Nook Shopping Promotion,,,,All Year,All Year,Free,Active,Cool,sporty,1,No,Not in catalog,3.0.0,Yes,BagBackpackInktank0,1550,1258,LRpwTw5vqnRLKpa2W,04EA
instrument case,,,Black,No,3200,800,23,Black,Black,1x1,,,Kicks; Kicks' Co-op,,,,All Year,All Year,Free,Simple,Elegant,everyday; theatrical,1,No,For sale,2.0.0,Yes,BagBackpackMusician0,1457,14784,AaKYwCqYye3LTXJ6M,39C0
instrument case,,,White,No,3200,800,23,White,Black,1x1,,,Kicks; Kicks' Co-op,,,,All Year,All Year,Free,Simple,Elegant,everyday; theatrical,2,No,For sale,2.0.0,Yes,BagBackpackMusician1,1457,348,mRrSwn8HihAiaeAxJ,015C
instrument case,,,Red,No,3200,800,23,Red,Black,1x1,,,Kicks; Kicks' Co-op,,,,All Year,All Year,Free,Simple,Elegant,everyday; theatrical,3,No,For sale,2.0.0,Yes,BagBackpackMusician3,1457,350,Q5ApP3fGfrB5Zs7F2,015E
instrument case,,,Pink,No,3200,800,23,Pink,Black,1x1,,,Kicks; Kicks' Co-op,,,,All Year,All Year,Free,Simple,Elegant,everyday; theatrical,4,No,For sale,2.0.0,Yes,BagBackpackMusician4,1457,351,HeMTPYQBwfAggepGG,015F
instrument case,,,Blue,No,3200,800,23,Blue,Black,1x1,,,Kicks; Kicks' Co-op,,,,All Year,All Year,Free,Simple,Elegant,everyday; theatrical,5,No,For sale,2.0.0,Yes,BagBackpackMusician2,1457,349,iYGukvfoTnFPytbwJ,015D
jet pack,,,Gray,No,12000,3000,23,Gray,Aqua,1x1,,,Kicks; Kicks' Co-op,,,,All Year,All Year,Free,Cool,Cool,everyday; work,1,No,For sale,2.0.0,Yes,BagBackpackJet0,1470,14823,ApcpKi5k7KNHhE8NE,39E7
jet pack,,,Black,No,12000,3000,23,Black,Red,1x1,,,Kicks; Kicks' Co-op,,,,All Year,All Year,Free,Cool,Cool,everyday; work,2,No,For sale,2.0.0,Yes,BagBackpackJet1,1470,581,xgMWqfXbs2YEFci2c,0245
jet pack,,,White,No,12000,3000,23,White,Green,1x1,,,Kicks; Kicks' Co-op,,,,All Year,All Year,Free,Cool,Cool,everyday; work,3,No,For sale,2.0.0,Yes,BagBackpackJet2,1470,589,yptTpkTmiziQm6eFo,024D
knapsack,,,Black,No,630,157,23,Black,Black,1x1,,,Kicks; Kicks' Co-op,,,,All Year,All Year,Free,Active,Simple,everyday; outdoorsy; sporty,1,No,For sale,1.0.0,Yes,BagBackpackKnapsack1,997,12019,Fx4M2zpFTWGww54rw,2EF3
knapsack,,,Blue,No,630,157,23,Blue,Black,1x1,,,Kicks; Kicks' Co-op,,,,All Year,All Year,Free,Active,Simple,everyday; outdoorsy; sporty,2,No,For sale,1.0.0,Yes,BagBackpackKnapsack0,997,7508,XbKqQChpAJXng37Mr,1D54
knitted-grass backpack,,,,Yes,NFS,400,103,Green,Brown,1x1,,,Crafting,,,,All Year,All Year,Free,Elegant,Simple,outdoorsy; comfy; vacation,1,No,Not for sale,1.0.0,Yes,BagBackpackGrass0,1000,7511,xM5iaYn4gbZoR94Qm,1D57
leopard-print backpack,,,Brown,No,1680,420,23,Brown,Brown,1x1,,,Kicks; Kicks' Co-op,,,,All Year,All Year,Free,Simple,Active,everyday,1,No,For sale,2.0.0,Yes,BagBackpackTownLeopard0,1477,14839,YJu7XMsgEYHbjNspM,39F7
leopard-print backpack,,,Blue,No,1680,420,23,Gray,Black,1x1,,,Kicks; Kicks' Co-op,,,,All Year,All Year,Free,Simple,Active,everyday,2,No,For sale,2.0.0,Yes,BagBackpackTownLeopard1,1477,680,Fu6qbBYTgJ8pvn6Tj,02A8
leopard-print backpack,,,Pink,No,1680,420,23,Pink,Red,1x1,,,Kicks; Kicks' Co-op,,,,All Year,All Year,Free,Simple,Active,everyday,3,No,For sale,2.0.0,Yes,BagBackpackTownLeopard2,1477,681,WWwP55fJkgmz7kKBA,02A9
leopard-print backpack,,,Yellow,No,1680,420,23,Yellow,Orange,1x1,,,Kicks; Kicks' Co-op,,,,All Year,All Year,Free,Simple,Active,everyday,4,No,For sale,2.0.0,Yes,BagBackpackTownLeopard3,1477,684,2LPTCEmfSkEoT3fBC,02AC
log pack,,,,Yes,NFS,960,103,Brown,Beige,1x1,,,Crafting,,,,All Year,All Year,Free,Simple,Simple,fairy tale; outdoorsy; work,1,No,Not for sale,1.0.0,Yes,BagBackpackWood0,987,7498,rDDM48hSfsSbcp92u,1D4A
logo paper bag,,,Green,No,600,150,23,Beige,Green,1x1,,,Kicks; Kicks' Co-op,,,,All Year,All Year,Free,Simple,Simple,everyday,1,No,For sale,2.0.0,Yes,ToolBagPaper0,1508,14790,mChGTKJrJqxkRa66G,39C6
logo paper bag,,,Red,No,600,150,23,Beige,Red,1x1,,,Kicks; Kicks' Co-op,,,,All Year,All Year,Free,Simple,Simple,everyday,2,No,For sale,2.0.0,Yes,ToolBagPaper1,1508,297,9SGp2QBxdnaimbyRR,0129
logo paper bag,,,White,No,600,150,23,Beige,White,1x1,,,Kicks; Kicks' Co-op,,,,All Year,All Year,Free,Simple,Simple,everyday,3,No,For sale,2.0.0,Yes,ToolBagPaper2,1508,299,BXPAjZrCmnXCZ9A7X,012B
logo tote bag,,,Gray,No,980,245,23,Gray,White,1x1,,,Kicks; Kicks' Co-op,,,,All Year,All Year,Free,Simple,Simple,everyday,1,No,For sale,2.0.0,Yes,ToolBagTotelogo0,1516,14857,Aphtjjfeg8wRXbSeH,3A09
logo tote bag,,,Red,No,980,245,23,Red,White,1x1,,,Kicks; Kicks' Co-op,,,,All Year,All Year,Free,Simple,Simple,everyday,2,No,For sale,2.0.0,Yes,ToolBagTotelogo1,1516,365,Q9ADsNb6Tn4gQjkJG,016D
logo tote bag,,,Navy blue,No,980,245,23,Blue,White,1x1,,,Kicks; Kicks' Co-op,,,,All Year,All Year,Free,Simple,Simple,everyday,3,No,For sale,2.0.0,Yes,ToolBagTotelogo2,1516,366,7Yxsk5TnqAR27QQHK,016E
maple-leaf pochette,,,,Yes,NFS,2400,201,Orange,Orange,1x1,,,Crafting,,maple leaves,Yes,All Year,All Year,Free,Simple,Cute,fairy tale,1,No,Not for sale,1.0.0,Yes,BagShoulderMaple0,979,7491,HJDH4dCPMQY9qQanL,1D43
messenger bag,,,Black,No,840,210,23,Black,Black,1x1,,,Kicks; Kicks' Co-op,,,,All Year,All Year,Free,Simple,Active,everyday; outdoorsy; sporty,1,No,For sale,1.0.0,Yes,BagShoulderMessenger2,962,11979,ZuwiM4DzJF5Rsg46x,2ECB
messenger bag,,,Orange,No,840,210,23,Orange,Black,1x1,,,Kicks; Kicks' Co-op,,,,All Year,All Year,Free,Simple,Active,everyday; outdoorsy; sporty,2,No,For sale,1.0.0,Yes,BagShoulderMessenger1,962,11978,sgxnCe87EdtdoKved,2ECA
messenger bag,,,Green,No,840,210,23,Green,Black,1x1,,,Kicks; Kicks' Co-op,,,,All Year,All Year,Free,Simple,Active,everyday; outdoorsy; sporty,3,No,For sale,1.0.0,Yes,BagShoulderMessenger0,962,7470,7mPZ9PnTd46r65DXx,1D2E
mini pleather bag,,,White,No,1600,400,23,White,White,1x1,,,Kicks; Kicks' Co-op,,,,All Year,All Year,Free,Elegant,Elegant,everyday; formal; party,1,No,For sale,1.0.0,Yes,BagBackpackSmall0,993,7504,FyrYDDhzABDegtZ6n,1D50
mini pleather bag,,,Black,No,1600,400,23,Black,Black,1x1,,,Kicks; Kicks' Co-op,,,,All Year,All Year,Free,Elegant,Elegant,everyday; formal; party,2,No,For sale,1.0.0,Yes,BagBackpackSmall1,993,12015,hYJk97FFi4zJGQ5cH,2EEF
Mom's knapsack,,,Forest print,No,NFS,175,365,White,Beige,1x1,,,Mom,Received in May in the Northern Hemisphere and received in November in the Southern Hemisphere,,,All Year,All Year,Free,Cute,Active,comfy,1,No,Not for sale,1.0.0,Yes,BagBackpackQuilt6,999,12153,E3XrB5LbBTu795xbM,2F79
Mom's knapsack,,,Flowers,No,NFS,175,365,Gray,Beige,1x1,,,Mom,Received in May in the Northern Hemisphere and received in November in the Southern Hemisphere,,,All Year,All Year,Free,Cute,Active,comfy,2,No,Not for sale,1.0.0,Yes,BagBackpackQuilt1,999,12148,gqy4s4zFowLbNKTd2,2F74
Mom's knapsack,,,Polka dots,No,NFS,175,365,Pink,Beige,1x1,,,Mom,Received in May in the Northern Hemisphere and received in November in the Southern Hemisphere,,,All Year,All Year,Free,Cute,Active,comfy,3,No,Not for sale,1.0.0,Yes,BagBackpackQuilt2,999,12149,Hkju8Bjb8Kaamsu3j,2F75
Mom's knapsack,,,Chick,No,NFS,175,365,Orange,Beige,1x1,,,Mom,Received in May in the Northern Hemisphere and received in November in the Southern Hemisphere,,,All Year,All Year,Free,Cute,Active,comfy,4,No,Not for sale,1.0.0,Yes,BagBackpackQuilt7,999,12154,jCi92aiMtZB92idfQ,2F7A
Mom's knapsack,,,M,No,NFS,175,365,Yellow,Beige,1x1,,,Mom,Received in May in the Northern Hemisphere and received in November in the Southern Hemisphere,,,All Year,All Year,Free,Cute,Active,comfy,5,No,Not for sale,1.0.0,Yes,BagBackpackQuilt0,999,7510,szhWnj6jpymTsKce8,1D56
Mom's knapsack,,,Cherries,No,NFS,175,365,Aqua,Beige,1x1,,,Mom,Received in May in the Northern Hemisphere and received in November in the Southern Hemisphere,,,All Year,All Year,Free,Cute,Active,comfy,6,No,Not for sale,1.0.0,Yes,BagBackpackQuilt4,999,12151,46PX3NMjAdrNiRQXb,2F77
Mom's knapsack,,,Denim with stripes,No,NFS,175,365,Blue,Beige,1x1,,,Mom,Received in May in the Northern Hemisphere and received in November in the Southern Hemisphere,,,All Year,All Year,Free,Cute,Active,comfy,7,No,Not for sale,1.0.0,Yes,BagBackpackQuilt5,999,12152,hj8ixCKXNWBnGZSrw,2F78
Mom's knapsack,,,Colorful quilt design,No,NFS,175,365,Colorful,Beige,1x1,,,Mom,Received in May in the Northern Hemisphere and received in November in the Southern Hemisphere,,,All Year,All Year,Free,Cute,Active,comfy,8,No,Not for sale,1.0.0,Yes,BagBackpackQuilt3,999,12150,6uKkNZRz7E8gkSiBF,2F76
Nook Inc. knapsack,,,,No,NFS,4000,151,Brown,Yellow,1x1,800.0,Nook Miles,Nook Miles Redemption,,,,All Year,All Year,Free,Gorgeous,Active,everyday,1,No,Not for sale,1.0.0,Yes,BagBackpackNook0,1150,9761,zQh6chGG66h4f5JbX,2621
Nook Inc. pochette,,,,No,NFS,400,431,Green,Green,1x1,50.0,Nook Points,NookLink,Mailed to players once ordered from NookLink within the Nintendo Switch Online app,,,All Year,All Year,Free,Cute,Simple,everyday; fairy tale,1,No,Not for sale,2.0.0,Yes,BagShoulderNook0,1425,14543,Q3YH8FDKSRfMYmW49,38CF
outdoor backpack,,,Orange,No,1560,390,23,Orange,Black,1x1,,,Kicks; Kicks' Co-op,,,,All Year,All Year,Free,Active,Simple,outdoorsy; sporty,1,No,For sale,1.0.0,Yes,BagBackpackOutdoor1,990,11969,hiF7bqmoudyFJPcWG,2EC1
outdoor backpack,,,Avocado,No,1560,390,23,Green,Black,1x1,,,Kicks; Kicks' Co-op,,,,All Year,All Year,Free,Active,Simple,outdoorsy; sporty,2,No,For sale,1.0.0,Yes,BagBackpackOutdoor0,990,7501,CAsQFPPeo3vBGpHSo,1D4D
outdoor backpack,,,Navy blue,No,1560,390,23,Blue,Black,1x1,,,Kicks; Kicks' Co-op,,,,All Year,All Year,Free,Active,Simple,outdoorsy; sporty,3,No,For sale,1.0.0,Yes,BagBackpackOutdoor2,990,11970,qd8DJb8mX5zhewgyn,2EC2
panda backpack,,,Black & white,No,1300,325,23,White,Black,1x1,,,Kicks; Kicks' Co-op,,,,All Year,All Year,Free,Cute,Cute,everyday; fairy tale,1,No,For sale,2.0.0,Yes,BagBackpackPanda0,1473,14830,to5pzsNMWSdSBqdqG,39EE
panda backpack,,,Brown,No,1300,325,23,Yellow,Brown,1x1,,,Kicks; Kicks' Co-op,,,,All Year,All Year,Free,Cute,Cute,everyday; fairy tale,2,No,For sale,2.0.0,Yes,BagBackpackPanda1,1473,720,ASduP7XRxy8AWFf2D,02D0
pleather crossbody bag,,,Black,No,1120,280,23,Black,White,1x1,,,Kicks; Kicks' Co-op,,,,All Year,All Year,Free,Cool,Simple,everyday; work,1,No,For sale,1.0.0,Yes,BagBackpackBodybag1,972,12005,QDPYGrpFNNir49uBe,2EE5
pleather crossbody bag,,,Navy blue,No,1120,280,23,Blue,Brown,1x1,,,Kicks; Kicks' Co-op,,,,All Year,All Year,Free,Cool,Simple,everyday; work,2,No,For sale,1.0.0,Yes,BagBackpackBodybag0,972,7484,YQD8XMuvDbymAeKxt,1D3C
pleather fringe bag,,,White,No,2400,600,23,White,White,1x1,,,Kicks; Kicks' Co-op,,,,All Year,All Year,Free,Elegant,Elegant,everyday; formal; party,1,No,For sale,1.0.0,Yes,BagShoulderFringe1,969,12010,fiM98m9CGgi6iATkQ,2EEA
pleather fringe bag,,,Camel,No,2400,600,23,Brown,Brown,1x1,,,Kicks; Kicks' Co-op,,,,All Year,All Year,Free,Elegant,Elegant,everyday; formal; party,2,No,For sale,1.0.0,Yes,BagShoulderFringe0,969,7481,7RYHreaA7o9huubNu,1D39
pleather handbag,,,Red,No,2400,600,23,Red,Red,1x1,,,Kicks; Kicks' Co-op,,,,All Year,All Year,Free,Gorgeous,Elegant,formal; party; work,1,No,For sale,2.0.0,Yes,ToolBagLeather0,1507,14789,aYEjGMtQ7sT23FTWk,39C5
pleather handbag,,,Pink,No,2400,600,23,Pink,Pink,1x1,,,Kicks; Kicks' Co-op,,,,All Year,All Year,Free,Gorgeous,Elegant,formal; party; work,2,No,For sale,2.0.0,Yes,ToolBagLeather3,1507,312,QbexMfsA232FPFLjA,0138
pleather handbag,,,Orange,No,2400,600,23,Orange,Orange,1x1,,,Kicks; Kicks' Co-op,,,,All Year,All Year,Free,Gorgeous,Elegant,formal; party; work,3,No,For sale,2.0.0,Yes,ToolBagLeather1,1507,310,Lp2SAmbYkWqZvZp36,0136
pleather handbag,,,Yellow,No,2400,600,23,Yellow,Yellow,1x1,,,Kicks; Kicks' Co-op,,,,All Year,All Year,Free,Gorgeous,Elegant,formal; party; work,4,No,For sale,2.0.0,Yes,ToolBagLeather4,1507,313,cAjrk2TifJDXjKFG2,0139
pleather handbag,,,Blue,No,2400,600,23,Aqua,Aqua,1x1,,,Kicks; Kicks' Co-op,,,,All Year,All Year,Free,Gorgeous,Elegant,formal; party; work,5,No,For sale,2.0.0,Yes,ToolBagLeather2,1507,311,jhGcppcxqnuGzL8Rv,0137
pleather handbag,,,Gray,No,2400,600,23,Gray,Gray,1x1,,,Kicks; Kicks' Co-op,,,,All Year,All Year,Free,Gorgeous,Elegant,formal; party; work,6,No,For sale,2.0.0,Yes,ToolBagLeather5,1507,314,D6QbZEsb7mtADAGTm,013A
pleather handbag,,,Black,No,2400,600,23,Black,Black,1x1,,,Kicks; Kicks' Co-op,,,,All Year,All Year,Free,Gorgeous,Elegant,formal; party; work,7,No,For sale,2.0.0,Yes,ToolBagLeather6,1507,315,5g476FdByk9eqhuer,013B
pleather shoulder bag,,,Navy blue,No,2400,600,23,Blue,Blue,1x1,,,Kicks; Kicks' Co-op,,,,All Year,All Year,Free,Elegant,Simple,everyday; formal,1,No,For sale,1.0.0,Yes,BagShoulderLeather1,964,12009,ZKgcPhGYErHShMrGR,2EE9
pleather shoulder bag,,,Brown,No,2400,600,23,Brown,Brown,1x1,,,Kicks; Kicks' Co-op,,,,All Year,All Year,Free,Elegant,Simple,everyday; formal,2,No,For sale,1.0.0,Yes,BagShoulderLeather0,964,7476,9AqRYq83NRMxrEWiD,1D34
polka-dot backpack,,,Pink,No,1200,300,23,Red,White,1x1,,,Kicks; Kicks' Co-op,,,,All Year,All Year,Free,Simple,Active,everyday,1,No,For sale,2.0.0,Yes,BagBackpackTownDot3,1481,695,NR5n37Afoi2gkBxif,02B7
polka-dot backpack,,,Yellow,No,1200,300,23,Yellow,White,1x1,,,Kicks; Kicks' Co-op,,,,All Year,All Year,Free,Simple,Active,everyday,2,No,For sale,2.0.0,Yes,BagBackpackTownDot0,1481,14842,HYsnDCWDnPAGDxxgB,39FA
polka-dot backpack,,,Lime,No,1200,300,23,Green,White,1x1,,,Kicks; Kicks' Co-op,,,,All Year,All Year,Free,Simple,Active,everyday,3,No,For sale,2.0.0,Yes,BagBackpackTownDot1,1481,692,hvjF6KJ34kdwQCS5r,02B4
polka-dot backpack,,,Light blue,No,1200,300,23,Aqua,White,1x1,,,Kicks; Kicks' Co-op,,,,All Year,All Year,Free,Simple,Active,everyday,4,No,For sale,2.0.0,Yes,BagBackpackTownDot2,1481,694,fufpDHxRBgb9KJSwf,02B6
polka-dot backpack,,,Blue,No,1200,300,23,Blue,White,1x1,,,Kicks; Kicks' Co-op,,,,All Year,All Year,Free,Simple,Active,everyday,5,No,For sale,2.0.0,Yes,BagBackpackTownDot4,1481,697,jZf4WPzrL9SorEnSY,02B9
prom sash,,,White,No,3500,875,201,White,Yellow,1x1,,,Nook Shopping Seasonal,,Prom,Yes,All Year,All Year,Free,Gorgeous,Elegant,party; theatrical,1,No,Seasonal,1.9.0,Yes,BagShoulderTasukiprom4,1362,14398,FW8Smcrt8BGxf9Ctd,383E
prom sash,,,Black,No,3500,875,201,Black,Yellow,1x1,,,Nook Shopping Seasonal,,Prom,Yes,All Year,All Year,Free,Gorgeous,Elegant,party; theatrical,2,No,Seasonal,1.9.0,Yes,BagShoulderTasukiprom5,1362,14399,9NYe8ov5e89jnZbwX,383F
prom sash,,,Red,No,3500,875,201,Red,Yellow,1x1,,,Nook Shopping Seasonal,,Prom,Yes,All Year,All Year,Free,Gorgeous,Elegant,party; theatrical,3,No,Seasonal,1.9.0,Yes,BagShoulderTasukiprom0,1362,14262,nnRZEztbMkE8W2heC,37B6
prom sash,,,Gold,No,3500,875,201,Yellow,Black,1x1,,,Nook Shopping Seasonal,,Prom,Yes,All Year,All Year,Free,Gorgeous,Elegant,party; theatrical,4,No,Seasonal,1.9.0,Yes,BagShoulderTasukiprom6,1362,14400,cEnSBEPXFjAxYwCSA,3840
prom sash,,,Green,No,3500,875,201,Green,Yellow,1x1,,,Nook Shopping Seasonal,,Prom,Yes,All Year,All Year,Free,Gorgeous,Elegant,party; theatrical,5,No,Seasonal,1.9.0,Yes,BagShoulderTasukiprom2,1362,14396,4yeToTMfBL93og2df,383C
prom sash,,,Blue,No,3500,875,201,Blue,Yellow,1x1,,,Nook Shopping Seasonal,,Prom,Yes,All Year,All Year,Free,Gorgeous,Elegant,party; theatrical,6,No,Seasonal,1.9.0,Yes,BagShoulderTasukiprom1,1362,14395,w6X2SpfPsjYWxd9oS,383B
prom sash,,,Purple,No,3500,875,201,Purple,Yellow,1x1,,,Nook Shopping Seasonal,,Prom,Yes,All Year,All Year,Free,Gorgeous,Elegant,party; theatrical,7,No,Seasonal,1.9.0,Yes,BagShoulderTasukiprom3,1362,14397,3qy9db9JiHZwbkAXr,383D
python-print shoulder bag,,,Brown,No,1480,370,23,Brown,Black,1x1,,,Kicks; Kicks' Co-op,,,,All Year,All Year,Free,Simple,Simple,everyday,1,No,For sale,2.0.0,Yes,BagShoulderSquarePython0,1498,14894,9NPK7cBEw5j2D6mmk,3A2E
python-print shoulder bag,,,Gray,No,1480,370,23,Gray,Black,1x1,,,Kicks; Kicks' Co-op,,,,All Year,All Year,Free,Simple,Simple,everyday,2,No,For sale,2.0.0,Yes,BagShoulderSquarePython1,1498,723,zrtDTtKwkrMqYEquR,02D3
randoseru,,,Red,No,2600,650,23,Red,Red,1x1,,,Kicks; Kicks' Co-op,,,,All Year,All Year,Free,Simple,Simple,everyday; formal,1,No,For sale,2.0.0,Yes,BagBackpackRandsel0,1395,14366,96aKMZhRQzgmrhuAj,381E
randoseru,,,Black,No,2600,650,23,Black,Black,1x1,,,Kicks; Kicks' Co-op,,,,All Year,All Year,Free,Simple,Simple,everyday; formal,2,No,For sale,2.0.0,Yes,BagBackpackRandsel1,1395,254,NkJ9NsheWMwbNJou8,00FE
randoseru,,,Pink,No,2600,650,23,Pink,Pink,1x1,,,Kicks; Kicks' Co-op,,,,All Year,All Year,Free,Simple,Simple,everyday; formal,3,No,For sale,2.0.0,Yes,BagBackpackRandsel6,1395,259,FEfyz2CCKv97Ri9z6,0103
randoseru,,,Green,No,2600,650,23,Green,Green,1x1,,,Kicks; Kicks' Co-op,,,,All Year,All Year,Free,Simple,Simple,everyday; formal,4,No,For sale,2.0.0,Yes,BagBackpackRandsel3,1395,256,qZ5EAjzT6chzJMgkc,0100
randoseru,,,Light blue,No,2600,650,23,Aqua,Aqua,1x1,,,Kicks; Kicks' Co-op,,,,All Year,All Year,Free,Simple,Simple,everyday; formal,5,No,For sale,2.0.0,Yes,BagBackpackRandsel5,1395,258,wyuPQPCeuefxhtidG,0102
randoseru,,,Blue,No,2600,650,23,Blue,Blue,1x1,,,Kicks; Kicks' Co-op,,,,All Year,All Year,Free,Simple,Simple,everyday; formal,6,No,For sale,2.0.0,Yes,BagBackpackRandsel4,1395,257,aMGp6FD9TEhJuDvbA,0101
randoseru,,,Purple,No,2600,650,23,Purple,Purple,1x1,,,Kicks; Kicks' Co-op,,,,All Year,All Year,Free,Simple,Simple,everyday; formal,7,No,For sale,2.0.0,Yes,BagBackpackRandsel7,1395,260,Eo4fKa4d43eqase4v,0104
randoseru,,,Brown,No,2600,650,23,Brown,Brown,1x1,,,Kicks; Kicks' Co-op,,,,All Year,All Year,Free,Simple,Simple,everyday; formal,8,No,For sale,2.0.0,Yes,BagBackpackRandsel2,1395,255,KRCqgD96dNRuvjQh7,00FF
retro sports bag,,,Red,No,1400,350,23,White,Red,1x1,,,Kicks; Kicks' Co-op,,,,All Year,All Year,Free,Active,Active,outdoorsy; sporty,1,No,For sale,1.0.0,Yes,BagShoulderSports1,984,12007,Lqtjq3rWFoy4Dv39C,2EE7
retro sports bag,,,Blue,No,1400,350,23,White,Blue,1x1,,,Kicks; Kicks' Co-op,,,,All Year,All Year,Free,Active,Active,outdoorsy; sporty,2,No,For sale,1.0.0,Yes,BagShoulderSports0,984,7302,vY7qcZFdWb3HgSv7L,1C86
retro sports bag,,,Black,No,1400,350,23,Black,Yellow,1x1,,,Kicks; Kicks' Co-op,,,,All Year,All Year,Free,Active,Active,outdoorsy; sporty,3,No,For sale,1.0.0,Yes,BagShoulderSports2,984,12008,nGhHjk4GEKSQwvARA,2EE8
sacoche bag,,,Black,No,980,245,23,Black,White,1x1,,,Kicks; Kicks' Co-op,,,,All Year,All Year,Free,Active,Active,outdoorsy; sporty,1,No,For sale,1.0.0,Yes,BagShoulderSacosh2,985,11975,NRYqQLN2Beq4jpDBJ,2EC7
sacoche bag,,,Red,No,980,245,23,Red,Yellow,1x1,,,Kicks; Kicks' Co-op,,,,All Year,All Year,Free,Active,Active,outdoorsy; sporty,2,No,For sale,1.0.0,Yes,BagShoulderSacosh1,985,11974,LYnLwBnwTYcMp4fr9,2EC6
sacoche bag,,,Blue,No,980,245,23,Blue,Green,1x1,,,Kicks; Kicks' Co-op,,,,All Year,All Year,Free,Active,Active,outdoorsy; sporty,3,No,For sale,1.0.0,Yes,BagShoulderSacosh0,985,7304,n82fhWWNSv8kyFJc2,1C88
satchel,,,Black,No,2200,550,23,Black,Gray,1x1,,,Kicks; Kicks' Co-op,,,,All Year,All Year,Free,Simple,Cool,formal; work,1,No,For sale,2.0.0,Yes,BagBackpackStudent1,1471,593,5dHpdP4JSz8oSzzwi,0251
satchel,,,Red,No,2200,550,23,Red,Yellow,1x1,,,Kicks; Kicks' Co-op,,,,All Year,All Year,Free,Simple,Cool,formal; work,2,No,For sale,2.0.0,Yes,BagBackpackStudent4,1471,655,P26qgJx976qNnTizz,028F
satchel,,,Blue,No,2200,550,23,Blue,Brown,1x1,,,Kicks; Kicks' Co-op,,,,All Year,All Year,Free,Simple,Cool,formal; work,3,No,For sale,2.0.0,Yes,BagBackpackStudent3,1471,654,g6vSGRqY7twi2Xwb7,028E
satchel,,,Brown,No,2200,550,23,Brown,Beige,1x1,,,Kicks; Kicks' Co-op,,,,All Year,All Year,Free,Simple,Cool,formal; work,4,No,For sale,2.0.0,Yes,BagBackpackStudent0,1471,14824,v9ciNcMfwAKxRMpFv,39E8
satchel,,,Camel,No,2200,550,23,Beige,Brown,1x1,,,Kicks; Kicks' Co-op,,,,All Year,All Year,Free,Simple,Cool,formal; work,5,No,For sale,2.0.0,Yes,BagBackpackStudent2,1471,629,xjhK3RT8JhG5vgsXa,0275
schoolbag,,,Blue,No,1040,260,23,Blue,White,1x1,,,Kicks; Kicks' Co-op,,,,All Year,All Year,Free,Simple,Simple,everyday; formal,1,No,For sale,2.0.0,Yes,BagBackpackSchoolbag0,1396,14367,Eun5adjptXEx583F5,381F
schoolbag,,,Gray,No,1040,260,23,Gray,White,1x1,,,Kicks; Kicks' Co-op,,,,All Year,All Year,Free,Simple,Simple,everyday; formal,2,No,For sale,2.0.0,Yes,BagBackpackSchoolbag3,1396,263,2yZ9Lwtwy5hi6NkD8,0107
schoolbag,,,Black,No,1040,260,23,Black,White,1x1,,,Kicks; Kicks' Co-op,,,,All Year,All Year,Free,Simple,Simple,everyday; formal,3,No,For sale,2.0.0,Yes,BagBackpackSchoolbag2,1396,262,4whhzLZv4ev8ce8uq,0106
schoolbag,,,Green,No,1040,260,23,Green,White,1x1,,,Kicks; Kicks' Co-op,,,,All Year,All Year,Free,Simple,Simple,everyday; formal,4,No,For sale,2.0.0,Yes,BagBackpackSchoolbag5,1396,265,DuwfdGhZ8xdwNqKXB,0109
schoolbag,,,Navy blue,No,1040,260,23,Blue,White,1x1,,,Kicks; Kicks' Co-op,,,,All Year,All Year,Free,Simple,Simple,everyday; formal,5,No,For sale,2.0.0,Yes,BagBackpackSchoolbag1,1396,261,SFupMsosQrxSYCwjN,0105
schoolbag,,,Brown,No,1040,260,23,Brown,White,1x1,,,Kicks; Kicks' Co-op,,,,All Year,All Year,Free,Simple,Simple,everyday; formal,6,No,For sale,2.0.0,Yes,BagBackpackSchoolbag4,1396,264,MziaRbziRSrR8XrMC,0108
shellfish pochette,,,,Yes,NFS,10800,201,White,White,1x1,,,Crafting,,summer shells,Yes,All Year,All Year,Free,Cute,Elegant,fairy tale; vacation,1,No,Not for sale,1.0.0,Yes,BagShoulderShell0,982,7494,XEsQxMf7k9qvjYxPF,1D46
simple backpack,,,Camel,No,1040,260,23,Brown,Brown,1x1,,,Kicks; Kicks' Co-op,,,,All Year,All Year,Free,Simple,Active,everyday,1,No,For sale,2.0.0,Yes,BagBackpackTownSimple0,1479,14843,46RJNMzFwzNwqK4BJ,39FB
simple backpack,,,Gray,No,1040,260,23,Gray,Gray,1x1,,,Kicks; Kicks' Co-op,,,,All Year,All Year,Free,Simple,Active,everyday,2,No,For sale,2.0.0,Yes,BagBackpackTownSimple1,1479,699,5AqHWzzspzWQBrkeJ,02BB
simple backpack,,,Black,No,1040,260,23,Black,Black,1x1,,,Kicks; Kicks' Co-op,,,,All Year,All Year,Free,Simple,Active,everyday,3,No,For sale,2.0.0,Yes,BagBackpackTownSimple2,1479,721,wQXGc6h9AaPKQNkMk,02D1
simple tote bag,,,Red,No,920,230,23,White,Red,1x1,,,Kicks; Kicks' Co-op,,,,All Year,All Year,Free,Simple,Simple,everyday,1,No,For sale,2.0.0,Yes,ToolBagTote0,1513,14787,TjJmKPSpS5YvWRyLx,39C3
simple tote bag,,,Yellow,No,920,230,23,White,Yellow,1x1,,,Kicks; Kicks' Co-op,,,,All Year,All Year,Free,Simple,Simple,everyday,2,No,For sale,2.0.0,Yes,ToolBagTote2,1513,358,XEhDmxKAguuTnaZ2p,0166
simple tote bag,,,Green,No,920,230,23,White,Green,1x1,,,Kicks; Kicks' Co-op,,,,All Year,All Year,Free,Simple,Simple,everyday,3,No,For sale,2.0.0,Yes,ToolBagTote3,1513,359,uqapgkphMr2xSCref,0167
simple tote bag,,,Blue,No,920,230,23,White,Blue,1x1,,,Kicks; Kicks' Co-op,,,,All Year,All Year,Free,Simple,Simple,everyday,4,No,For sale,2.0.0,Yes,ToolBagTote1,1513,357,baKhef2uMjG9u5uew,0165
simple tote bag,,,Black & white,No,920,230,23,Black,White,1x1,,,Kicks; Kicks' Co-op,,,,All Year,All Year,Free,Simple,Simple,everyday,5,No,For sale,2.0.0,Yes,ToolBagTote5,1513,361,QgHjko5EaZJzeTcdo,0169
simple tote bag,,,Beige,No,920,230,23,Beige,White,1x1,,,Kicks; Kicks' Co-op,,,,All Year,All Year,Free,Simple,Simple,everyday,6,No,For sale,2.0.0,Yes,ToolBagTote4,1513,360,uMP95fiBP86EyCrrq,0168
snowflake pochette,,,,Yes,NFS,2400,201,Aqua,White,1x1,,,Crafting,,snowflakes,Yes,All Year,All Year,Free,Elegant,Cool,fairy tale; party; vacation,1,No,Not for sale,1.0.0,Yes,BagShoulderSnow0,981,7493,gW7R4HX8hjZEHAFtB,1D45
spacey backpack,,,Pink,No,1280,320,23,Pink,Purple,1x1,,,Kicks; Kicks' Co-op,,,,All Year,All Year,Free,Simple,Active,everyday,1,No,For sale,2.0.0,Yes,BagBackpackTownSpace2,1482,687,j3ekuYNChEzbFwYHi,02AF
spacey backpack,,,Purple,No,1280,320,23,Green,Purple,1x1,,,Kicks; Kicks' Co-op,,,,All Year,All Year,Free,Simple,Active,everyday,2,No,For sale,2.0.0,Yes,BagBackpackTownSpace1,1482,686,TnLKmp7wRGv58oXiH,02AE
spacey backpack,,,Blue,No,1280,320,23,Blue,Purple,1x1,,,Kicks; Kicks' Co-op,,,,All Year,All Year,Free,Simple,Active,everyday,3,No,For sale,2.0.0,Yes,BagBackpackTownSpace0,1482,14840,A2HoiTh5o3kZfaPb9,39F8
square backpack,,,Pink,No,1300,325,23,Pink,Black,1x1,,,Kicks; Kicks' Co-op,,,,All Year,All Year,Free,Active,Active,everyday; outdoorsy; sporty,1,No,For sale,1.0.0,Yes,BagBackpackSquare1,989,11967,wN6jaJRRvg6cQZXhk,2EBF
square backpack,,,Yellow,No,1300,325,23,Yellow,Black,1x1,,,Kicks; Kicks' Co-op,,,,All Year,All Year,Free,Active,Active,everyday; outdoorsy; sporty,2,No,For sale,1.0.0,Yes,BagBackpackSquare0,989,7500,2RYepaMxTnXMZ9tXg,1D4C
square backpack,,,Green,No,1300,325,23,Green,Black,1x1,,,Kicks; Kicks' Co-op,,,,All Year,All Year,Free,Active,Active,everyday; outdoorsy; sporty,3,No,For sale,1.0.0,Yes,BagBackpackSquare2,989,11968,rJain6G9X749mG5p7,2EC0
square shoulder bag,,,Black,No,920,230,23,Black,Black,1x1,,,Kicks; Kicks' Co-op,,,,All Year,All Year,Free,Simple,Simple,everyday,1,No,For sale,2.0.0,Yes,BagShoulderSquare0,1469,14822,v2YbfRZAxvtYHebQC,39E6
square shoulder bag,,,Beige,No,920,230,23,Beige,Beige,1x1,,,Kicks; Kicks' Co-op,,,,All Year,All Year,Free,Simple,Simple,everyday,2,No,For sale,2.0.0,Yes,BagShoulderSquare1,1469,580,eKaCGGsdoK7RwTEsL,0244
star pochette,,,,Yes,NFS,3000,103,Yellow,Yellow,1x1,,,Crafting,,,,All Year,All Year,Free,Cute,Gorgeous,fairy tale; party; vacation,1,No,Not for sale,1.0.0,Yes,BagShoulderStar0,977,7489,3WQ8vSWtHMjZ6YPtR,1D41
straw pochette,,,,No,980,245,23,Brown,Brown,1x1,,,Kicks; Kicks' Co-op,,,,All Year,All Year,Free,Simple,Elegant,comfy; vacation,1,No,For sale,1.0.0,Yes,BagShoulderRattan0,976,7488,CGs3z4dKEkH82FDyq,1D40
striped basket bag,,,Brown,No,1280,320,23,Beige,Brown,1x1,,,Kicks; Kicks' Co-op,,,,All Year,All Year,Free,Simple,Cute,everyday; fairy tale; vacation,1,No,For sale,2.0.0,Yes,ToolBagBasketborder0,1504,14855,yb7uitAH93P7rKqNe,3A07
striped basket bag,,,Black & white,No,1280,320,23,Black,White,1x1,,,Kicks; Kicks' Co-op,,,,All Year,All Year,Free,Simple,Cute,everyday; fairy tale; vacation,2,No,For sale,2.0.0,Yes,ToolBagBasketborder1,1504,362,GnEDsggSpDGP9ia7x,016A
studded backpack,,,White,No,1560,390,23,White,Gray,1x1,,,Kicks; Kicks' Co-op,,,,All Year,All Year,Free,Cool,Cute,everyday; goth,1,No,For sale,1.0.0,Yes,BagBackpackStuds1,992,12006,e6iev2NrSfaxSg5nr,2EE6
studded backpack,,,Black,No,1560,390,23,Black,Yellow,1x1,,,Kicks; Kicks' Co-op,,,,All Year,All Year,Free,Cool,Cute,everyday; goth,2,No,For sale,1.0.0,Yes,BagBackpackStuds0,992,7503,mTMCDJnwtFJzvQ9rs,1D4F
sword in scabbard,,,Red,No,9800,2450,23,Red,Yellow,1x1,,,Kicks; Kicks' Co-op,,,,All Year,All Year,Free,Cool,Active,fairy tale; theatrical,1,No,For sale,2.0.0,Yes,BagShoulderSword0,1458,14785,Ti6Q8jF6RWqZNugdQ,39C1
sword in scabbard,,,Blue,No,9800,2450,23,Blue,Gray,1x1,,,Kicks; Kicks' Co-op,,,,All Year,All Year,Free,Cool,Active,fairy tale; theatrical,2,No,For sale,2.0.0,Yes,BagShoulderSword1,1458,711,JPyM7LmhhX5CmMebh,02C7
sword in scabbard,,,Black,No,9800,2450,23,Black,Yellow,1x1,,,Kicks; Kicks' Co-op,,,,All Year,All Year,Free,Cool,Active,fairy tale; theatrical,3,No,For sale,2.0.0,Yes,BagShoulderSword2,1458,713,5gEjmPpj3WFRuhFdf,02C9
tackle bag,,,,No,NFS,175,501,Blue,Orange,1x1,,,C.J.,,Fishing Tourney (Spring); Fishing Tourney (Summer); Fishing Tourney (Fall); Fishing Tourney (Winter),Yes,All Year,All Year,Free,Active,Active,outdoorsy; sporty; work,1,No,Not for sale,1.0.0,Yes,BagShoulderFishing0,966,7478,prkWCjgn7gTK4X8QH,1D36
tiny-flower-print tote bag,,,Pink,No,980,245,23,White,Pink,1x1,,,Kicks; Kicks' Co-op,,,,All Year,All Year,Free,Simple,Cute,everyday; fairy tale; outdoorsy,1,No,For sale,2.0.0,Yes,ToolBagToteflower0,1515,14856,ReXGHBzSxKfbAjPsK,3A08
tiny-flower-print tote bag,,,Yellow,No,980,245,23,White,Yellow,1x1,,,Kicks; Kicks' Co-op,,,,All Year,All Year,Free,Simple,Cute,everyday; fairy tale; outdoorsy,2,No,For sale,2.0.0,Yes,ToolBagToteflower2,1515,364,qmksHJtPC2wdfyFQk,016C
tiny-flower-print tote bag,,,Light blue,No,980,245,23,White,Aqua,1x1,,,Kicks; Kicks' Co-op,,,,All Year,All Year,Free,Simple,Cute,everyday; fairy tale; outdoorsy,3,No,For sale,2.0.0,Yes,ToolBagToteflower1,1515,363,xM7mTGXFc8aeesQaq,016B
tool bag,,,,No,910,227,23,Black,Yellow,1x1,,,Kicks; Kicks' Co-op,,,,All Year,All Year,Free,Active,Active,outdoorsy; work,1,No,For sale,1.0.0,Yes,BagShoulderTool0,983,7497,KiXvv8fvv7CN5sFDx,1D49
town backpack,,,Red,No,1040,260,23,Red,Red,1x1,,,Kicks; Kicks' Co-op,,,,All Year,All Year,Free,Active,Simple,everyday; outdoorsy,1,No,For sale,1.0.0,Yes,BagBackpackTown3,957,11945,wkeZwbrp9BoHTEPRZ,2EA9
town backpack,,,Orange,No,1040,260,23,Orange,Orange,1x1,,,Kicks; Kicks' Co-op,,,,All Year,All Year,Free,Active,Simple,everyday; outdoorsy,2,No,For sale,1.0.0,Yes,BagBackpackTown1,957,6839,aZasytqebQRikaZZZ,1AB7
town backpack,,,Green,No,1040,260,23,Green,Green,1x1,,,Kicks; Kicks' Co-op,,,,All Year,All Year,Free,Active,Simple,everyday; outdoorsy,3,No,For sale,1.0.0,Yes,BagBackpackTown0,957,6838,sm5eKnwyeNyKGXQLC,1AB6
town backpack,,,Blue,No,1040,260,23,Blue,Blue,1x1,,,Kicks; Kicks' Co-op,,,,All Year,All Year,Free,Active,Simple,everyday; outdoorsy,4,No,For sale,1.0.0,Yes,BagBackpackTown2,957,11944,WGhvofsBw6pFs5c93,2EA8
travel pouch,,,Pink,No,840,210,23,Pink,Black,1x1,,,Kicks; Kicks' Co-op,,,,All Year,All Year,Free,Active,Simple,everyday; outdoorsy,1,No,For sale,1.0.0,Yes,BagShoulderTravel0,958,2550,ygrWBZtknqDLLH8Rn,09F6
travel pouch,,,Green,No,840,210,23,Green,Black,1x1,,,Kicks; Kicks' Co-op,,,,All Year,All Year,Free,Active,Simple,everyday; outdoorsy,2,No,For sale,1.0.0,Yes,BagShoulderTravel1,958,12000,oX3GfBwtMfcQ4STtd,2EE0
travel pouch,,,Light blue,No,840,210,23,Aqua,Black,1x1,,,Kicks; Kicks' Co-op,,,,All Year,All Year,Free,Active,Simple,everyday; outdoorsy,3,No,For sale,1.0.0,Yes,BagShoulderTravel2,958,12001,SSHDSgfSasCP6AgmW,2EE1
travel pouch,,,Purple,No,840,210,23,Purple,Black,1x1,,,Kicks; Kicks' Co-op,,,,All Year,All Year,Free,Active,Simple,everyday; outdoorsy,4,No,For sale,1.0.0,Yes,BagShoulderTravel3,958,12002,HTjXg6MXwPZCwEtmJ,2EE2
traveler's backpack,,,Orange,No,2940,735,23,Orange,Beige,1x1,,,Kicks; Kicks' Co-op,,,,All Year,All Year,Free,Simple,Active,fairy tale; outdoorsy; work,1,No,For sale,1.0.0,Yes,BagBackpackJourney0,988,7499,ag2m7kcBg83aCARGE,1D4B
traveler's backpack,,,Blue,No,2940,735,23,Blue,Beige,1x1,,,Kicks; Kicks' Co-op,,,,All Year,All Year,Free,Simple,Active,fairy tale; outdoorsy; work,2,No,For sale,1.0.0,Yes,BagBackpackJourney1,988,11965,iprTWWTSARJtHTKqF,2EBD
traveler's backpack,,,Brown,No,2940,735,23,Brown,Beige,1x1,,,Kicks; Kicks' Co-op,,,,All Year,All Year,Free,Simple,Active,fairy tale; outdoorsy; work,3,No,For sale,1.0.0,Yes,BagBackpackJourney2,988,11966,ehhBAiZqTHaTExHYP,2EBE
veggie-print eco bag,,,,No,840,210,23,White,Green,1x1,,,Kicks; Kicks' Co-op,,,,All Year,All Year,Free,Simple,Active,everyday,1,No,For sale,2.0.0,Yes,ToolBagEco0,1517,14642,2c3dbi4vXBJ4m93jg,3932
woven-vine pochette,,,,Yes,NFS,500,103,Green,Green,1x1,,,Crafting,,,,All Year,All Year,Free,Active,Cute,outdoorsy; vacation,1,No,Not for sale,2.0.0,Yes,BagShoulderVine0,1358,14249,9obxvbNYBwWEyCDgG,37A9
zebra-print backpack,,,White,No,1680,420,23,White,Black,1x1,,,Kicks; Kicks' Co-op,,,,All Year,All Year,Free,Simple,Active,everyday,1,No,For sale,2.0.0,Yes,BagBackpackTownZebra0,1478,14841,9TBWoimJRRKQAtPLr,39F9
zebra-print backpack,,,Yellow,No,1680,420,23,Yellow,Black,1x1,,,Kicks; Kicks' Co-op,,,,All Year,All Year,Free,Simple,Active,everyday,2,No,For sale,2.0.0,Yes,BagBackpackTownZebra1,1478,691,4Z8AEPoYdHBnWKWpP,02B3
zebra-print shoulder bag,,,White,No,1480,370,23,White,Black,1x1,,,Kicks; Kicks' Co-op,,,,All Year,All Year,Free,Simple,Simple,everyday,1,No,For sale,2.0.0,Yes,BagShoulderSquareZebra0,1499,14895,Tgs49qZqeCRhwcjXS,3A2F
zebra-print shoulder bag,,,Yellow,No,1480,370,23,Yellow,Black,1x1,,,Kicks; Kicks' Co-op,,,,All Year,All Year,Free,Simple,Simple,everyday,2,No,For sale,2.0.0,Yes,BagShoulderSquareZebra1,1499,726,iR3Y5q357rdAgJf7R,02D6
zen clasp purse,,,Dark blue,No,960,240,23,Blue,Red,1x1,,,Kicks; Kicks' Co-op,,,,All Year,All Year,Free,Simple,Cute,everyday,1,No,For sale,2.0.0,Yes,BagShoulderGamaguchiJapan0,1491,14860,j2KQWS8koFrMCfFSB,3A0C
zen clasp purse,,,Wisteria,No,960,240,23,Yellow,Pink,1x1,,,Kicks; Kicks' Co-op,,,,All Year,All Year,Free,Simple,Cute,everyday,2,No,For sale,2.0.0,Yes,BagShoulderGamaguchiJapan1,1491,353,JPNKHa4Rj38xrtR6a,0161
zen clasp purse,,,Sky blue,No,960,240,23,Aqua,Blue,1x1,,,Kicks; Kicks' Co-op,,,,All Year,All Year,Free,Simple,Cute,everyday,3,No,For sale,2.0.0,Yes,BagShoulderGamaguchiJapan2,1491,354,W6M48fGe9R2XamF9c,0162
