Name,Image,Variation,Body Title,Pattern,Pattern Title,DIY,Body Customize,Pattern Customize,Kit Cost,Kit Type,Cyrus Customize Price,Buy,Sell,Color 1,Color 2,Exchange Price,Exchange Currency,Size,Source,Source Notes,Season/Event,Season/Event Exclusive,HHA Base Points,HHA Concept 1,HHA Concept 2,HHA Series,HHA Set,HHA Category,Interact,Tag,Outdoor,Lighting Type,Sound Type,Catalog,Version Added,Unlocked?,Filename,Variant ID,Internal ID,Unique Entry ID,Internal ID as hex,Variant Pattern Encoded
aluminoid,,Silver,Color,,,No,Yes,No,1.0,Normal,1000.0,NFS,828,Gray,Gray,,,1x1,Dig Spot,,,,207,,,,,,Yes,Haniwa,No,No lighting,Drum set,Not for sale,2.0.0,Yes,FtrHaniwaDrumSet00_Remake_0_0,0_0,14074,kkfW3mkDqaSJ6oZyX,36FA,"(0, 0)"
aluminoid,,Copper,Color,,,No,Yes,No,1.0,Normal,1000.0,NFS,828,Brown,Brown,,,1x1,Dig Spot,,,,207,,,,,,Yes,Haniwa,No,No lighting,Drum set,Not for sale,2.0.0,Yes,FtrHaniwaDrumSet00_Remake_1_0,1_0,14074,3yc99fYfgeEEuEpmE,36FA,"(1, 0)"
aluminoid,,Blue,Color,,,No,Yes,No,1.0,Normal,1000.0,NFS,828,Blue,Aqua,,,1x1,Dig Spot,,,,207,,,,,,Yes,Haniwa,No,No lighting,Drum set,Not for sale,2.0.0,Yes,FtrHaniwaDrumSet00_Remake_2_0,2_0,14074,d2S8TAMtdyn2otNvv,36FA,"(2, 0)"
aluminoid,,Black,Color,,,No,Yes,No,1.0,Normal,1000.0,NFS,828,Black,Gray,,,1x1,Dig Spot,,,,207,,,,,,Yes,Haniwa,No,No lighting,Drum set,Not for sale,2.0.0,Yes,FtrHaniwaDrumSet00_Remake_3_0,3_0,14074,CFL93pob3zvkoxaMu,36FA,"(3, 0)"
arfoid,,Yellow,Color,,,No,Yes,No,1.0,Normal,1000.0,NFS,828,Yellow,Orange,,,1x1,Dig Spot,,,,207,,,,,,Yes,Haniwa,No,No lighting,Melody,Not for sale,2.0.0,Yes,FtrHaniwaMelody02_Remake_0_0,0_0,14056,JzeaDWnEw5PmA9HsR,36E8,"(0, 0)"
arfoid,,Brown,Color,,,No,Yes,No,1.0,Normal,1000.0,NFS,828,Brown,Brown,,,1x1,Dig Spot,,,,207,,,,,,Yes,Haniwa,No,No lighting,Melody,Not for sale,2.0.0,Yes,FtrHaniwaMelody02_Remake_1_0,1_0,14056,j7fH8LTP7eE7xpkcD,36E8,"(1, 0)"
arfoid,,Green,Color,,,No,Yes,No,1.0,Normal,1000.0,NFS,828,Green,Green,,,1x1,Dig Spot,,,,207,,,,,,Yes,Haniwa,No,No lighting,Melody,Not for sale,2.0.0,Yes,FtrHaniwaMelody02_Remake_2_0,2_0,14056,BcuaRWuFvnx23qbEu,36E8,"(2, 0)"
arfoid,,Pink,Color,,,No,Yes,No,1.0,Normal,1000.0,NFS,828,Pink,Pink,,,1x1,Dig Spot,,,,207,,,,,,Yes,Haniwa,No,No lighting,Melody,Not for sale,2.0.0,Yes,FtrHaniwaMelody02_Remake_3_0,3_0,14056,CHfXBgGM5JJ2ZNYv9,36E8,"(3, 0)"
arfoid,,Blue,Color,,,No,Yes,No,1.0,Normal,1000.0,NFS,828,Aqua,Blue,,,1x1,Dig Spot,,,,207,,,,,,Yes,Haniwa,No,No lighting,Melody,Not for sale,2.0.0,Yes,FtrHaniwaMelody02_Remake_4_0,4_0,14056,B3pxocyqgxwjJtd6u,36E8,"(4, 0)"
babbloid,,Blue,Color,,,No,Yes,No,1.0,Normal,1000.0,NFS,828,Aqua,White,,,1x1,Dig Spot,,,,207,,,,,,Yes,Haniwa,No,No lighting,Melody,Not for sale,2.0.0,Yes,FtrHaniwaMelody01_Remake_0_0,0_0,14047,9W6sgmuK9FAoYnAgJ,36DF,"(0, 0)"
babbloid,,Pink,Color,,,No,Yes,No,1.0,Normal,1000.0,NFS,828,Pink,Pink,,,1x1,Dig Spot,,,,207,,,,,,Yes,Haniwa,No,No lighting,Melody,Not for sale,2.0.0,Yes,FtrHaniwaMelody01_Remake_1_0,1_0,14047,wqePHxASM2D5MzkhW,36DF,"(1, 0)"
babbloid,,Green,Color,,,No,Yes,No,1.0,Normal,1000.0,NFS,828,Green,White,,,1x1,Dig Spot,,,,207,,,,,,Yes,Haniwa,No,No lighting,Melody,Not for sale,2.0.0,Yes,FtrHaniwaMelody01_Remake_2_0,2_0,14047,RaJnNHN9vtyitfNRp,36DF,"(2, 0)"
babbloid,,Purple,Color,,,No,Yes,No,1.0,Normal,1000.0,NFS,828,Purple,Pink,,,1x1,Dig Spot,,,,207,,,,,,Yes,Haniwa,No,No lighting,Melody,Not for sale,2.0.0,Yes,FtrHaniwaMelody01_Remake_3_0,3_0,14047,7DcmhrnFjsMKyhyvs,36DF,"(3, 0)"
babbloid,,Brown,Color,,,No,Yes,No,1.0,Normal,1000.0,NFS,828,Brown,Beige,,,1x1,Dig Spot,,,,207,,,,,,Yes,Haniwa,No,No lighting,Melody,Not for sale,2.0.0,Yes,FtrHaniwaMelody01_Remake_4_0,4_0,14047,iRFDM7XADzxAamc5h,36DF,"(4, 0)"
babbloid,,White,Color,,,No,Yes,No,1.0,Normal,1000.0,NFS,828,White,Colorful,,,1x1,Dig Spot,,,,207,,,,,,Yes,Haniwa,No,No lighting,Melody,Not for sale,2.0.0,Yes,FtrHaniwaMelody01_Remake_5_0,5_0,14047,dK69jDDFGqLJ5gfEw,36DF,"(5, 0)"
bendoid,,Orange,Color,,,No,Yes,No,1.0,Normal,1000.0,NFS,828,Orange,Yellow,,,1x1,Dig Spot,,,,207,,,,,,Yes,Haniwa,No,No lighting,Kick,Not for sale,2.0.0,Yes,FtrHaniwaKick02_Remake_0_0,0_0,14082,nzZ8BhZMNuRXNGxkA,3702,"(0, 0)"
bendoid,,Beige,Color,,,No,Yes,No,1.0,Normal,1000.0,NFS,828,Beige,Brown,,,1x1,Dig Spot,,,,207,,,,,,Yes,Haniwa,No,No lighting,Kick,Not for sale,2.0.0,Yes,FtrHaniwaKick02_Remake_1_0,1_0,14082,iBnNNvC7nGWL7tryz,3702,"(1, 0)"
bendoid,,Green,Color,,,No,Yes,No,1.0,Normal,1000.0,NFS,828,Green,Green,,,1x1,Dig Spot,,,,207,,,,,,Yes,Haniwa,No,No lighting,Kick,Not for sale,2.0.0,Yes,FtrHaniwaKick02_Remake_2_0,2_0,14082,twv95nheGWR57tSKf,3702,"(2, 0)"
bendoid,,Brown,Color,,,No,Yes,No,1.0,Normal,1000.0,NFS,828,Brown,Red,,,1x1,Dig Spot,,,,207,,,,,,Yes,Haniwa,No,No lighting,Kick,Not for sale,2.0.0,Yes,FtrHaniwaKick02_Remake_3_0,3_0,14082,7ips4Bj26grdqknHj,3702,"(3, 0)"
bendoid,,Blue,Color,,,No,Yes,No,1.0,Normal,1000.0,NFS,828,Aqua,White,,,1x1,Dig Spot,,,,207,,,,,,Yes,Haniwa,No,No lighting,Kick,Not for sale,2.0.0,Yes,FtrHaniwaKick02_Remake_4_0,4_0,14082,sx5w3astuWQSZPwHY,3702,"(4, 0)"
bendoid,,Gray,Color,,,No,Yes,No,1.0,Normal,1000.0,NFS,828,Gray,Gray,,,1x1,Dig Spot,,,,207,,,,,,Yes,Haniwa,No,No lighting,Kick,Not for sale,2.0.0,Yes,FtrHaniwaKick02_Remake_5_0,5_0,14082,rLx8Bvw5KYfbAoDCW,3702,"(5, 0)"
bloopoid,,Blue,Color,,,No,Yes,No,1.0,Normal,1000.0,NFS,828,Aqua,Blue,,,1x1,Dig Spot,,,,207,,,,,,Yes,Haniwa,No,No lighting,Snare,Not for sale,2.0.0,Yes,FtrHaniwaSnare00_Remake_0_0,0_0,14086,jJ5qYcuccjfRXTuAj,3706,"(0, 0)"
bloopoid,,Red,Color,,,No,Yes,No,1.0,Normal,1000.0,NFS,828,Orange,Red,,,1x1,Dig Spot,,,,207,,,,,,Yes,Haniwa,No,No lighting,Snare,Not for sale,2.0.0,Yes,FtrHaniwaSnare00_Remake_1_0,1_0,14086,4ygoAekmHeQR6qsx2,3706,"(1, 0)"
bloopoid,,Green,Color,,,No,Yes,No,1.0,Normal,1000.0,NFS,828,Yellow,Green,,,1x1,Dig Spot,,,,207,,,,,,Yes,Haniwa,No,No lighting,Snare,Not for sale,2.0.0,Yes,FtrHaniwaSnare00_Remake_2_0,2_0,14086,jLoixeQfRW76YwRam,3706,"(2, 0)"
bloopoid,,Purple,Color,,,No,Yes,No,1.0,Normal,1000.0,NFS,828,Purple,Purple,,,1x1,Dig Spot,,,,207,,,,,,Yes,Haniwa,No,No lighting,Snare,Not for sale,2.0.0,Yes,FtrHaniwaSnare00_Remake_3_0,3_0,14086,HxpcrjDmFaaaLaDze,3706,"(3, 0)"
boioingoid,,Orange,Color,,,No,Yes,No,1.0,Normal,1000.0,NFS,828,Beige,Brown,,,1x1,Dig Spot,,,,207,,,,,,Yes,Haniwa,No,No lighting,Crash,Not for sale,2.0.0,Yes,FtrHaniwaCrash00_Remake_0_0,0_0,14098,Phox4Q4uxne3f7RNZ,3712,"(0, 0)"
boioingoid,,Green,Color,,,No,Yes,No,1.0,Normal,1000.0,NFS,828,Green,Green,,,1x1,Dig Spot,,,,207,,,,,,Yes,Haniwa,No,No lighting,Crash,Not for sale,2.0.0,Yes,FtrHaniwaCrash00_Remake_1_0,1_0,14098,dFRdhcbbpH9MAsLz8,3712,"(1, 0)"
boioingoid,,Blue,Color,,,No,Yes,No,1.0,Normal,1000.0,NFS,828,Aqua,Beige,,,1x1,Dig Spot,,,,207,,,,,,Yes,Haniwa,No,No lighting,Crash,Not for sale,2.0.0,Yes,FtrHaniwaCrash00_Remake_2_0,2_0,14098,r9zWRJ27owu68fJeC,3712,"(2, 0)"
boioingoid,,Purple,Color,,,No,Yes,No,1.0,Normal,1000.0,NFS,828,Purple,Pink,,,1x1,Dig Spot,,,,207,,,,,,Yes,Haniwa,No,No lighting,Crash,Not for sale,2.0.0,Yes,FtrHaniwaCrash00_Remake_3_0,3_0,14098,iK6eTwafFNsFQ7itR,3712,"(3, 0)"
boioingoid,,Black,Color,,,No,Yes,No,1.0,Normal,1000.0,NFS,828,Black,Gray,,,1x1,Dig Spot,,,,207,,,,,,Yes,Haniwa,No,No lighting,Crash,Not for sale,2.0.0,Yes,FtrHaniwaCrash00_Remake_4_0,4_0,14098,PJyZFnEnQhuQMfNjc,3712,"(4, 0)"
boioingoid,,Wood,Color,,,No,Yes,No,1.0,Normal,1000.0,NFS,828,Brown,Beige,,,1x1,Dig Spot,,,,207,,,,,,Yes,Haniwa,No,No lighting,Crash,Not for sale,2.0.0,Yes,FtrHaniwaCrash00_Remake_5_0,5_0,14098,o93EYRxwspQqwXzBB,3712,"(5, 0)"
boomoid,,Brown,Color,,,No,Yes,No,1.0,Normal,1000.0,NFS,828,Brown,Brown,,,1x1,Dig Spot,,,,207,,,,,,Yes,Haniwa,No,No lighting,Kick,Not for sale,2.0.0,Yes,FtrHaniwaKick03_Remake_0_0,0_0,14083,tf32LnJeHNvsRkfX3,3703,"(0, 0)"
boomoid,,Camel,Color,,,No,Yes,No,1.0,Normal,1000.0,NFS,828,Yellow,Brown,,,1x1,Dig Spot,,,,207,,,,,,Yes,Haniwa,No,No lighting,Kick,Not for sale,2.0.0,Yes,FtrHaniwaKick03_Remake_1_0,1_0,14083,4a3Ku9Po9Kybzioqq,3703,"(1, 0)"
boomoid,,Green,Color,,,No,Yes,No,1.0,Normal,1000.0,NFS,828,Green,Brown,,,1x1,Dig Spot,,,,207,,,,,,Yes,Haniwa,No,No lighting,Kick,Not for sale,2.0.0,Yes,FtrHaniwaKick03_Remake_2_0,2_0,14083,En8kpWp2HtBSyggzS,3703,"(2, 0)"
boomoid,,Blue,Color,,,No,Yes,No,1.0,Normal,1000.0,NFS,828,Blue,Aqua,,,1x1,Dig Spot,,,,207,,,,,,Yes,Haniwa,No,No lighting,Kick,Not for sale,2.0.0,Yes,FtrHaniwaKick03_Remake_3_0,3_0,14083,4dJAhBXMjbGYhowW4,3703,"(3, 0)"
boomoid,,Purple,Color,,,No,Yes,No,1.0,Normal,1000.0,NFS,828,Purple,Pink,,,1x1,Dig Spot,,,,207,,,,,,Yes,Haniwa,No,No lighting,Kick,Not for sale,2.0.0,Yes,FtrHaniwaKick03_Remake_4_0,4_0,14083,hMs8n9zwDaNWAaTuJ,3703,"(4, 0)"
boomoid,,Black,Color,,,No,Yes,No,1.0,Normal,1000.0,NFS,828,Black,Gray,,,1x1,Dig Spot,,,,207,,,,,,Yes,Haniwa,No,No lighting,Kick,Not for sale,2.0.0,Yes,FtrHaniwaKick03_Remake_5_0,5_0,14083,hGuW5Y4MBKAPAop5i,3703,"(5, 0)"
brewstoid,,,,,,No,No,No,,,,NFS,828,Green,Black,,,1x1,Brewster,Sit down for coffee on 50 different days,,,153,,,,,,Yes,Haniwa,No,No lighting,Snare,Not for sale,2.0.0,Yes,FtrHaniwaSnare04,,14090,8bTnQQq6orJEegzWZ,370A,
bubbloid,,Brown,Color,,,No,Yes,No,1.0,Normal,1000.0,NFS,828,Brown,Brown,,,1x1,Dig Spot,,,,207,,,,,,Yes,Haniwa,No,No lighting,Melody,Not for sale,2.0.0,Yes,FtrHaniwaMelody12_Remake_0_0,0_0,14066,LJfA5BTFhyFCrD4By,36F2,"(0, 0)"
bubbloid,,Green,Color,,,No,Yes,No,1.0,Normal,1000.0,NFS,828,Green,Green,,,1x1,Dig Spot,,,,207,,,,,,Yes,Haniwa,No,No lighting,Melody,Not for sale,2.0.0,Yes,FtrHaniwaMelody12_Remake_1_0,1_0,14066,MwTRAZJt6zPgGLqEx,36F2,"(1, 0)"
bubbloid,,Pink,Color,,,No,Yes,No,1.0,Normal,1000.0,NFS,828,Pink,Pink,,,1x1,Dig Spot,,,,207,,,,,,Yes,Haniwa,No,No lighting,Melody,Not for sale,2.0.0,Yes,FtrHaniwaMelody12_Remake_2_0,2_0,14066,g2BLkiDYHnoddAwJA,36F2,"(2, 0)"
bubbloid,,Purple,Color,,,No,Yes,No,1.0,Normal,1000.0,NFS,828,Purple,Purple,,,1x1,Dig Spot,,,,207,,,,,,Yes,Haniwa,No,No lighting,Melody,Not for sale,2.0.0,Yes,FtrHaniwaMelody12_Remake_3_0,3_0,14066,QZJ44szMGx2rpa9ar,36F2,"(3, 0)"
bubbloid,,White,Color,,,No,Yes,No,1.0,Normal,1000.0,NFS,828,White,Aqua,,,1x1,Dig Spot,,,,207,,,,,,Yes,Haniwa,No,No lighting,Melody,Not for sale,2.0.0,Yes,FtrHaniwaMelody12_Remake_4_0,4_0,14066,utsjEsjRDFna29drm,36F2,"(4, 0)"
bwongoid,,Brown,Color,,,No,Yes,No,1.0,Normal,1000.0,NFS,828,Brown,Blue,,,1x1,Dig Spot,,,,207,,,,,,Yes,Haniwa,No,No lighting,Melody,Not for sale,2.0.0,Yes,FtrHaniwaMelody04_Remake_0_0,0_0,14058,HJiRPPSmtnofjcdsG,36EA,"(0, 0)"
bwongoid,,Yellow,Color,,,No,Yes,No,1.0,Normal,1000.0,NFS,828,Yellow,Green,,,1x1,Dig Spot,,,,207,,,,,,Yes,Haniwa,No,No lighting,Melody,Not for sale,2.0.0,Yes,FtrHaniwaMelody04_Remake_1_0,1_0,14058,Xx8hum9au5hx5vwo3,36EA,"(1, 0)"
bwongoid,,Green,Color,,,No,Yes,No,1.0,Normal,1000.0,NFS,828,Green,Brown,,,1x1,Dig Spot,,,,207,,,,,,Yes,Haniwa,No,No lighting,Melody,Not for sale,2.0.0,Yes,FtrHaniwaMelody04_Remake_2_0,2_0,14058,MwiwsdWNmyGpKJKkt,36EA,"(2, 0)"
bwongoid,,Blue,Color,,,No,Yes,No,1.0,Normal,1000.0,NFS,828,Aqua,Purple,,,1x1,Dig Spot,,,,207,,,,,,Yes,Haniwa,No,No lighting,Melody,Not for sale,2.0.0,Yes,FtrHaniwaMelody04_Remake_3_0,3_0,14058,CimmAva3yZRKy5LLA,36EA,"(3, 0)"
clatteroid,,Pop,Color,,,No,Yes,No,1.0,Normal,1000.0,NFS,828,Beige,Colorful,,,1x1,Dig Spot,,,,207,,,,,,Yes,Haniwa,No,No lighting,Snare,Not for sale,2.0.0,Yes,FtrHaniwaSnare03_Remake_0_0,0_0,14089,7J25rfm8vr9QhbbkS,3709,"(0, 0)"
clatteroid,,Natural,Color,,,No,Yes,No,1.0,Normal,1000.0,NFS,828,Beige,Brown,,,1x1,Dig Spot,,,,207,,,,,,Yes,Haniwa,No,No lighting,Snare,Not for sale,2.0.0,Yes,FtrHaniwaSnare03_Remake_1_0,1_0,14089,oqiuuGcqkHTRxGGYw,3709,"(1, 0)"
clatteroid,,Cool,Color,,,No,Yes,No,1.0,Normal,1000.0,NFS,828,Yellow,Blue,,,1x1,Dig Spot,,,,207,,,,,,Yes,Haniwa,No,No lighting,Snare,Not for sale,2.0.0,Yes,FtrHaniwaSnare03_Remake_2_0,2_0,14089,mTaSLHRrsJeDk5WJr,3709,"(2, 0)"
clatteroid,,Cute,Color,,,No,Yes,No,1.0,Normal,1000.0,NFS,828,Pink,Colorful,,,1x1,Dig Spot,,,,207,,,,,,Yes,Haniwa,No,No lighting,Snare,Not for sale,2.0.0,Yes,FtrHaniwaSnare03_Remake_3_0,3_0,14089,zC6zNREBCsaqKdeC7,3709,"(3, 0)"
clatteroid,,Chic,Color,,,No,Yes,No,1.0,Normal,1000.0,NFS,828,White,Black,,,1x1,Dig Spot,,,,207,,,,,,Yes,Haniwa,No,No lighting,Snare,Not for sale,2.0.0,Yes,FtrHaniwaSnare03_Remake_4_0,4_0,14089,ML7RwjzsXpLtZgmQW,3709,"(4, 0)"
crumploid,,Yellow,Color,,,No,Yes,No,1.0,Normal,1000.0,NFS,828,Yellow,Orange,,,1x1,Dig Spot,,,,207,,,,,,Yes,Haniwa,No,No lighting,Snare,Not for sale,2.0.0,Yes,FtrHaniwaSnare02_Remake_0_0,0_0,14088,em76obCKYxcMYSHbr,3708,"(0, 0)"
crumploid,,Brown,Color,,,No,Yes,No,1.0,Normal,1000.0,NFS,828,Brown,Brown,,,1x1,Dig Spot,,,,207,,,,,,Yes,Haniwa,No,No lighting,Snare,Not for sale,2.0.0,Yes,FtrHaniwaSnare02_Remake_1_0,1_0,14088,yeAKxwpHdTWSv7uNn,3708,"(1, 0)"
crumploid,,Blue,Color,,,No,Yes,No,1.0,Normal,1000.0,NFS,828,Aqua,Blue,,,1x1,Dig Spot,,,,207,,,,,,Yes,Haniwa,No,No lighting,Snare,Not for sale,2.0.0,Yes,FtrHaniwaSnare02_Remake_2_0,2_0,14088,ucYoB3AWT4gEj2iZQ,3708,"(2, 0)"
crumploid,,Red,Color,,,No,Yes,No,1.0,Normal,1000.0,NFS,828,Pink,Red,,,1x1,Dig Spot,,,,207,,,,,,Yes,Haniwa,No,No lighting,Snare,Not for sale,2.0.0,Yes,FtrHaniwaSnare02_Remake_3_0,3_0,14088,NamEj8SET5d4PjAJE,3708,"(3, 0)"
crumploid,,Green,Color,,,No,Yes,No,1.0,Normal,1000.0,NFS,828,Green,Green,,,1x1,Dig Spot,,,,207,,,,,,Yes,Haniwa,No,No lighting,Snare,Not for sale,2.0.0,Yes,FtrHaniwaSnare02_Remake_4_0,4_0,14088,dXXhoyCQgq3wMLApR,3708,"(4, 0)"
crumploid,,Black,Color,,,No,Yes,No,1.0,Normal,1000.0,NFS,828,Black,Black,,,1x1,Dig Spot,,,,207,,,,,,Yes,Haniwa,No,No lighting,Snare,Not for sale,2.0.0,Yes,FtrHaniwaSnare02_Remake_5_0,5_0,14088,6S9RxwtPqaByY8g7b,3708,"(5, 0)"
dootoid,,Gray,Color,,,No,Yes,No,1.0,Normal,1000.0,NFS,828,Gray,Gray,,,1x1,Dig Spot,,,,207,,,,,,Yes,Haniwa,No,No lighting,Drum set,Not for sale,2.0.0,Yes,FtrHaniwaDrumSet03_Remake_0_0,0_0,14077,x5WMC9bCWExRtzLMK,36FD,"(0, 0)"
dootoid,,Brown,Color,,,No,Yes,No,1.0,Normal,1000.0,NFS,828,Brown,Beige,,,1x1,Dig Spot,,,,207,,,,,,Yes,Haniwa,No,No lighting,Drum set,Not for sale,2.0.0,Yes,FtrHaniwaDrumSet03_Remake_1_0,1_0,14077,DAodQEs2cMXLxrbgP,36FD,"(1, 0)"
dootoid,,Green,Color,,,No,Yes,No,1.0,Normal,1000.0,NFS,828,Green,Green,,,1x1,Dig Spot,,,,207,,,,,,Yes,Haniwa,No,No lighting,Drum set,Not for sale,2.0.0,Yes,FtrHaniwaDrumSet03_Remake_2_0,2_0,14077,qJ4mDCDp5tvFuuv3L,36FD,"(2, 0)"
dootoid,,Pink,Color,,,No,Yes,No,1.0,Normal,1000.0,NFS,828,Pink,Pink,,,1x1,Dig Spot,,,,207,,,,,,Yes,Haniwa,No,No lighting,Drum set,Not for sale,2.0.0,Yes,FtrHaniwaDrumSet03_Remake_3_0,3_0,14077,SDosepCRXEnuL3moe,36FD,"(3, 0)"
dootoid,,Blue,Color,,,No,Yes,No,1.0,Normal,1000.0,NFS,828,Blue,Blue,,,1x1,Dig Spot,,,,207,,,,,,Yes,Haniwa,No,No lighting,Drum set,Not for sale,2.0.0,Yes,FtrHaniwaDrumSet03_Remake_4_0,4_0,14077,YsHeBQo7KB9kcqJTq,36FD,"(4, 0)"
dootoid,,White,Color,,,No,Yes,No,1.0,Normal,1000.0,NFS,828,White,Beige,,,1x1,Dig Spot,,,,207,,,,,,Yes,Haniwa,No,No lighting,Drum set,Not for sale,2.0.0,Yes,FtrHaniwaDrumSet03_Remake_5_0,5_0,14077,jRKoogv4aPaDyXnFR,36FD,"(5, 0)"
dootoid,,Black,Color,,,No,Yes,No,1.0,Normal,1000.0,NFS,828,Black,Gray,,,1x1,Dig Spot,,,,207,,,,,,Yes,Haniwa,No,No lighting,Drum set,Not for sale,2.0.0,Yes,FtrHaniwaDrumSet03_Remake_6_0,6_0,14077,oJ4Xgtsje6QB5KQTy,36FD,"(6, 0)"
drummoid,,Blue,Color,,,No,Yes,No,1.0,Normal,1000.0,NFS,828,Blue,Yellow,,,1x1,Dig Spot,,,,207,,,,,,Yes,Haniwa,No,No lighting,Drum set,Not for sale,2.0.0,Yes,FtrHaniwaDrumSet02_Remake_0_0,0_0,14076,3FxTEEABz9pzypv6e,36FC,"(0, 0)"
drummoid,,Green,Color,,,No,Yes,No,1.0,Normal,1000.0,NFS,828,Green,Orange,,,1x1,Dig Spot,,,,207,,,,,,Yes,Haniwa,No,No lighting,Drum set,Not for sale,2.0.0,Yes,FtrHaniwaDrumSet02_Remake_1_0,1_0,14076,8ZZXNwQnAS6bh6hF7,36FC,"(1, 0)"
drummoid,,Brown,Color,,,No,Yes,No,1.0,Normal,1000.0,NFS,828,Brown,Aqua,,,1x1,Dig Spot,,,,207,,,,,,Yes,Haniwa,No,No lighting,Drum set,Not for sale,2.0.0,Yes,FtrHaniwaDrumSet02_Remake_2_0,2_0,14076,LmLwAqrn2gmyy94CG,36FC,"(2, 0)"
drummoid,,Purple,Color,,,No,Yes,No,1.0,Normal,1000.0,NFS,828,Purple,Pink,,,1x1,Dig Spot,,,,207,,,,,,Yes,Haniwa,No,No lighting,Drum set,Not for sale,2.0.0,Yes,FtrHaniwaDrumSet02_Remake_3_0,3_0,14076,wL8H5i45pvaN4ez43,36FC,"(3, 0)"
drummoid,,Gray,Color,,,No,Yes,No,1.0,Normal,1000.0,NFS,828,Black,Gray,,,1x1,Dig Spot,,,,207,,,,,,Yes,Haniwa,No,No lighting,Drum set,Not for sale,2.0.0,Yes,FtrHaniwaDrumSet02_Remake_4_0,4_0,14076,PtxT2A6XiDPi7sDrr,36FC,"(4, 0)"
flutteroid,,Orange,Color,,,No,Yes,No,1.0,Normal,1000.0,NFS,828,Orange,Purple,,,1x1,Dig Spot,,,,207,,,,,,Yes,Haniwa,No,No lighting,Hi-hat,Not for sale,2.0.0,Yes,FtrHaniwaHiHat03_Remake_0_0,0_0,14095,PnANnG3CmoM7bbYo5,370F,"(0, 0)"
flutteroid,,Yellow,Color,,,No,Yes,No,1.0,Normal,1000.0,NFS,828,Yellow,White,,,1x1,Dig Spot,,,,207,,,,,,Yes,Haniwa,No,No lighting,Hi-hat,Not for sale,2.0.0,Yes,FtrHaniwaHiHat03_Remake_1_0,1_0,14095,pYQn6jhuzQWLM4xaS,370F,"(1, 0)"
flutteroid,,Green,Color,,,No,Yes,No,1.0,Normal,1000.0,NFS,828,Green,Green,,,1x1,Dig Spot,,,,207,,,,,,Yes,Haniwa,No,No lighting,Hi-hat,Not for sale,2.0.0,Yes,FtrHaniwaHiHat03_Remake_2_0,2_0,14095,KofmhMtLMLxjzg9s9,370F,"(2, 0)"
flutteroid,,Pink,Color,,,No,Yes,No,1.0,Normal,1000.0,NFS,828,Pink,Pink,,,1x1,Dig Spot,,,,207,,,,,,Yes,Haniwa,No,No lighting,Hi-hat,Not for sale,2.0.0,Yes,FtrHaniwaHiHat03_Remake_3_0,3_0,14095,NJe72u8Funhrzi2pX,370F,"(3, 0)"
flutteroid,,Purple,Color,,,No,Yes,No,1.0,Normal,1000.0,NFS,828,Purple,Aqua,,,1x1,Dig Spot,,,,207,,,,,,Yes,Haniwa,No,No lighting,Hi-hat,Not for sale,2.0.0,Yes,FtrHaniwaHiHat03_Remake_4_0,4_0,14095,KbTCmZxTdRTzx4WrD,370F,"(4, 0)"
jingloid,,Purple,Color,,,No,Yes,No,1.0,Normal,1000.0,NFS,828,Purple,Purple,,,1x1,Dig Spot,,,,207,,,,,,Yes,Haniwa,No,No lighting,Crash,Not for sale,2.0.0,Yes,FtrHaniwaCrash02_Remake_0_0,0_0,14100,SHBN9jqjR6Yu5kw7X,3714,"(0, 0)"
jingloid,,Gold,Color,,,No,Yes,No,1.0,Normal,1000.0,NFS,828,Yellow,Yellow,,,1x1,Dig Spot,,,,207,,,,,,Yes,Haniwa,No,No lighting,Crash,Not for sale,2.0.0,Yes,FtrHaniwaCrash02_Remake_1_0,1_0,14100,QH2JzvyktqnyTRGAk,3714,"(1, 0)"
jingloid,,Pink,Color,,,No,Yes,No,1.0,Normal,1000.0,NFS,828,Pink,Pink,,,1x1,Dig Spot,,,,207,,,,,,Yes,Haniwa,No,No lighting,Crash,Not for sale,2.0.0,Yes,FtrHaniwaCrash02_Remake_2_0,2_0,14100,uoeXQ6YpWKZguELii,3714,"(2, 0)"
jingloid,,Silver,Color,,,No,Yes,No,1.0,Normal,1000.0,NFS,828,Gray,Gray,,,1x1,Dig Spot,,,,207,,,,,,Yes,Haniwa,No,No lighting,Crash,Not for sale,2.0.0,Yes,FtrHaniwaCrash02_Remake_3_0,3_0,14100,NLaYePxeua5ewfTKM,3714,"(3, 0)"
jingloid,,Blue,Color,,,No,Yes,No,1.0,Normal,1000.0,NFS,828,Aqua,Colorful,,,1x1,Dig Spot,,,,207,,,,,,Yes,Haniwa,No,No lighting,Crash,Not for sale,2.0.0,Yes,FtrHaniwaCrash02_Remake_4_0,4_0,14100,Y82RxftBpcAwTFFGB,3714,"(4, 0)"
laseroid,,Green,Color,,,No,Yes,No,1.0,Normal,1000.0,NFS,828,Green,Pink,,,1x1,Dig Spot,,,,207,,,,,,Yes,Haniwa,No,Fluorescent,Melody,Not for sale,2.0.0,Yes,FtrHaniwaMelody06_Remake_0_0,0_0,14060,TfJzAoKKah2XtstCg,36EC,"(0, 0)"
laseroid,,Yellow,Color,,,No,Yes,No,1.0,Normal,1000.0,NFS,828,Yellow,Orange,,,1x1,Dig Spot,,,,207,,,,,,Yes,Haniwa,No,Fluorescent,Melody,Not for sale,2.0.0,Yes,FtrHaniwaMelody06_Remake_1_0,1_0,14060,dcD6eb3GLPoAHWD3i,36EC,"(1, 0)"
laseroid,,Pink,Color,,,No,Yes,No,1.0,Normal,1000.0,NFS,828,Pink,Pink,,,1x1,Dig Spot,,,,207,,,,,,Yes,Haniwa,No,Fluorescent,Melody,Not for sale,2.0.0,Yes,FtrHaniwaMelody06_Remake_2_0,2_0,14060,TZThNwk4MZEJ6QcRN,36EC,"(2, 0)"
laseroid,,Blue,Color,,,No,Yes,No,1.0,Normal,1000.0,NFS,828,Aqua,Pink,,,1x1,Dig Spot,,,,207,,,,,,Yes,Haniwa,No,Fluorescent,Melody,Not for sale,2.0.0,Yes,FtrHaniwaMelody06_Remake_3_0,3_0,14060,YxheX9JpfrYA9XGk2,36EC,"(3, 0)"
laseroid,,Silver,Color,,,No,Yes,No,1.0,Normal,1000.0,NFS,828,Gray,Aqua,,,1x1,Dig Spot,,,,207,,,,,,Yes,Haniwa,No,Fluorescent,Melody,Not for sale,2.0.0,Yes,FtrHaniwaMelody06_Remake_4_0,4_0,14060,y2NfpzKhnwhMmg7KY,36EC,"(4, 0)"
oinkoid,,Beige,Color,,,No,Yes,No,1.0,Normal,1000.0,NFS,828,Beige,Purple,,,1x1,Dig Spot,,,,207,,,,,,Yes,Haniwa,No,No lighting,Melody,Not for sale,2.0.0,Yes,FtrHaniwaMelody10_Remake_0_0,0_0,14064,CvNnWjCvnDJaTn8NL,36F0,"(0, 0)"
oinkoid,,Brown,Color,,,No,Yes,No,1.0,Normal,1000.0,NFS,828,Brown,Blue,,,1x1,Dig Spot,,,,207,,,,,,Yes,Haniwa,No,No lighting,Melody,Not for sale,2.0.0,Yes,FtrHaniwaMelody10_Remake_1_0,1_0,14064,XkPAZ2ZPwwj9qjEcj,36F0,"(1, 0)"
oinkoid,,Yellow,Color,,,No,Yes,No,1.0,Normal,1000.0,NFS,828,Yellow,Brown,,,1x1,Dig Spot,,,,207,,,,,,Yes,Haniwa,No,No lighting,Melody,Not for sale,2.0.0,Yes,FtrHaniwaMelody10_Remake_2_0,2_0,14064,TYq3Sy3J6BiSYnGg9,36F0,"(2, 0)"
oinkoid,,Blue,Color,,,No,Yes,No,1.0,Normal,1000.0,NFS,828,Aqua,Green,,,1x1,Dig Spot,,,,207,,,,,,Yes,Haniwa,No,No lighting,Melody,Not for sale,2.0.0,Yes,FtrHaniwaMelody10_Remake_3_0,3_0,14064,dYSvLEQvhfysTyqZ7,36F0,"(3, 0)"
oinkoid,,Pink,Color,,,No,Yes,No,1.0,Normal,1000.0,NFS,828,Pink,Red,,,1x1,Dig Spot,,,,207,,,,,,Yes,Haniwa,No,No lighting,Melody,Not for sale,2.0.0,Yes,FtrHaniwaMelody10_Remake_4_0,4_0,14064,G7NZZTHmyBbiaq4N8,36F0,"(4, 0)"
oinkoid,,Black,Color,,,No,Yes,No,1.0,Normal,1000.0,NFS,828,Black,Gray,,,1x1,Dig Spot,,,,207,,,,,,Yes,Haniwa,No,No lighting,Melody,Not for sale,2.0.0,Yes,FtrHaniwaMelody10_Remake_5_0,5_0,14064,Tfj8TThfSfoht39xy,36F0,"(5, 0)"
petaloid,,Green,Color,,,No,Yes,No,1.0,Normal,1000.0,NFS,828,Green,Yellow,,,1x1,Dig Spot,,,,207,,,,,,Yes,Haniwa,No,No lighting,Melody,Not for sale,2.0.0,Yes,FtrHaniwaMelody13_Remake_0_0,0_0,14067,eT455JwgBZ96y2PpL,36F3,"(0, 0)"
petaloid,,Brown,Color,,,No,Yes,No,1.0,Normal,1000.0,NFS,828,Brown,Beige,,,1x1,Dig Spot,,,,207,,,,,,Yes,Haniwa,No,No lighting,Melody,Not for sale,2.0.0,Yes,FtrHaniwaMelody13_Remake_1_0,1_0,14067,bTNGy796xgNJFBK44,36F3,"(1, 0)"
petaloid,,Yellow,Color,,,No,Yes,No,1.0,Normal,1000.0,NFS,828,Yellow,Purple,,,1x1,Dig Spot,,,,207,,,,,,Yes,Haniwa,No,No lighting,Melody,Not for sale,2.0.0,Yes,FtrHaniwaMelody13_Remake_2_0,2_0,14067,BCnbn4NgpFyosNjzS,36F3,"(2, 0)"
petaloid,,Blue,Color,,,No,Yes,No,1.0,Normal,1000.0,NFS,828,Aqua,Yellow,,,1x1,Dig Spot,,,,207,,,,,,Yes,Haniwa,No,No lighting,Melody,Not for sale,2.0.0,Yes,FtrHaniwaMelody13_Remake_3_0,3_0,14067,nYsxTGJ8x8ch4sfHt,36F3,"(3, 0)"
petaloid,,Pink,Color,,,No,Yes,No,1.0,Normal,1000.0,NFS,828,Pink,Yellow,,,1x1,Dig Spot,,,,207,,,,,,Yes,Haniwa,No,No lighting,Melody,Not for sale,2.0.0,Yes,FtrHaniwaMelody13_Remake_4_0,4_0,14067,xx4YpiQEoW3QLTDHi,36F3,"(4, 0)"
petaloid,,Purple,Color,,,No,Yes,No,1.0,Normal,1000.0,NFS,828,Purple,Green,,,1x1,Dig Spot,,,,207,,,,,,Yes,Haniwa,No,No lighting,Melody,Not for sale,2.0.0,Yes,FtrHaniwaMelody13_Remake_5_0,5_0,14067,daHiapjHoRfAg5q89,36F3,"(5, 0)"
petaloid,,White,Color,,,No,Yes,No,1.0,Normal,1000.0,NFS,828,White,Beige,,,1x1,Dig Spot,,,,207,,,,,,Yes,Haniwa,No,No lighting,Melody,Not for sale,2.0.0,Yes,FtrHaniwaMelody13_Remake_6_0,6_0,14067,okcZ7zr7HNiZnGMPT,36F3,"(6, 0)"
rattloid,,Red,Color,,,No,Yes,No,1.0,Normal,1000.0,NFS,828,Red,Orange,,,1x1,Dig Spot,,,,207,,,,,,Yes,Haniwa,No,No lighting,Crash,Not for sale,2.0.0,Yes,FtrHaniwaCrash03_Remake_0_0,0_0,14101,8fJBG54PLzNR7eNwT,3715,"(0, 0)"
rattloid,,Brown,Color,,,No,Yes,No,1.0,Normal,1000.0,NFS,828,Brown,Brown,,,1x1,Dig Spot,,,,207,,,,,,Yes,Haniwa,No,No lighting,Crash,Not for sale,2.0.0,Yes,FtrHaniwaCrash03_Remake_1_0,1_0,14101,YZvg2phjfBH3K6H49,3715,"(1, 0)"
rattloid,,White,Color,,,No,Yes,No,1.0,Normal,1000.0,NFS,828,White,Pink,,,1x1,Dig Spot,,,,207,,,,,,Yes,Haniwa,No,No lighting,Crash,Not for sale,2.0.0,Yes,FtrHaniwaCrash03_Remake_2_0,2_0,14101,uShTToJcco2N3Fw4u,3715,"(2, 0)"
rattloid,,Blue,Color,,,No,Yes,No,1.0,Normal,1000.0,NFS,828,Aqua,White,,,1x1,Dig Spot,,,,207,,,,,,Yes,Haniwa,No,No lighting,Crash,Not for sale,2.0.0,Yes,FtrHaniwaCrash03_Remake_3_0,3_0,14101,GbrCHWpKxigRRw3sx,3715,"(3, 0)"
rattloid,,Green,Color,,,No,Yes,No,1.0,Normal,1000.0,NFS,828,Green,Green,,,1x1,Dig Spot,,,,207,,,,,,Yes,Haniwa,No,No lighting,Crash,Not for sale,2.0.0,Yes,FtrHaniwaCrash03_Remake_4_0,4_0,14101,bS6i5MmvfLPJrRyXN,3715,"(4, 0)"
rattloid,,Black,Color,,,No,Yes,No,1.0,Normal,1000.0,NFS,828,Black,Black,,,1x1,Dig Spot,,,,207,,,,,,Yes,Haniwa,No,No lighting,Crash,Not for sale,2.0.0,Yes,FtrHaniwaCrash03_Remake_5_0,5_0,14101,RJE9WXB6HxcydqsDT,3715,"(5, 0)"
ringoid,,Red,Color,,,No,Yes,No,1.0,Normal,1000.0,NFS,828,Red,Blue,,,1x1,Dig Spot,,,,207,,,,,,Yes,Haniwa,No,No lighting,Melody,Not for sale,2.0.0,Yes,FtrHaniwaMelody09_Remake_0_0,0_0,14063,dTPEbXWszDXsYJPYE,36EF,"(0, 0)"
ringoid,,Yellow,Color,,,No,Yes,No,1.0,Normal,1000.0,NFS,828,Yellow,Beige,,,1x1,Dig Spot,,,,207,,,,,,Yes,Haniwa,No,No lighting,Melody,Not for sale,2.0.0,Yes,FtrHaniwaMelody09_Remake_1_0,1_0,14063,4zYMSwioGjc9g59MJ,36EF,"(1, 0)"
ringoid,,Green,Color,,,No,Yes,No,1.0,Normal,1000.0,NFS,828,Green,White,,,1x1,Dig Spot,,,,207,,,,,,Yes,Haniwa,No,No lighting,Melody,Not for sale,2.0.0,Yes,FtrHaniwaMelody09_Remake_2_0,2_0,14063,3vMtcnGjgDJfDFSqC,36EF,"(2, 0)"
ringoid,,Blue,Color,,,No,Yes,No,1.0,Normal,1000.0,NFS,828,Aqua,Pink,,,1x1,Dig Spot,,,,207,,,,,,Yes,Haniwa,No,No lighting,Melody,Not for sale,2.0.0,Yes,FtrHaniwaMelody09_Remake_3_0,3_0,14063,8BQcnoj9AdBwM3J3B,36EF,"(3, 0)"
ringoid,,Purple,Color,,,No,Yes,No,1.0,Normal,1000.0,NFS,828,Purple,Yellow,,,1x1,Dig Spot,,,,207,,,,,,Yes,Haniwa,No,No lighting,Melody,Not for sale,2.0.0,Yes,FtrHaniwaMelody09_Remake_4_0,4_0,14063,A4krXyNkJb849WX8z,36EF,"(4, 0)"
ringoid,,White,Color,,,No,Yes,No,1.0,Normal,1000.0,NFS,828,White,Aqua,,,1x1,Dig Spot,,,,207,,,,,,Yes,Haniwa,No,No lighting,Melody,Not for sale,2.0.0,Yes,FtrHaniwaMelody09_Remake_5_0,5_0,14063,qRnR2wqxJzdaEwEXE,36EF,"(5, 0)"
rumbloid,,Purple,Color,,,No,Yes,No,1.0,Normal,1000.0,NFS,828,Purple,Purple,,,1x1,Dig Spot,,,,207,,,,,,Yes,Haniwa,No,No lighting,Kick,Not for sale,2.0.0,Yes,FtrHaniwaKick01_Remake_0_0,0_0,14081,vjMiNcLibjYECkxkq,3701,"(0, 0)"
rumbloid,,Yellow,Color,,,No,Yes,No,1.0,Normal,1000.0,NFS,828,Yellow,Yellow,,,1x1,Dig Spot,,,,207,,,,,,Yes,Haniwa,No,No lighting,Kick,Not for sale,2.0.0,Yes,FtrHaniwaKick01_Remake_1_0,1_0,14081,LMiF4qrxGBsa7YPFG,3701,"(1, 0)"
rumbloid,,Green,Color,,,No,Yes,No,1.0,Normal,1000.0,NFS,828,Green,Green,,,1x1,Dig Spot,,,,207,,,,,,Yes,Haniwa,No,No lighting,Kick,Not for sale,2.0.0,Yes,FtrHaniwaKick01_Remake_2_0,2_0,14081,y6ugmmeCGHhrpku2N,3701,"(2, 0)"
rumbloid,,Pink,Color,,,No,Yes,No,1.0,Normal,1000.0,NFS,828,Pink,Pink,,,1x1,Dig Spot,,,,207,,,,,,Yes,Haniwa,No,No lighting,Kick,Not for sale,2.0.0,Yes,FtrHaniwaKick01_Remake_3_0,3_0,14081,MMGyK7b3mm6GMZBTH,3701,"(3, 0)"
rumbloid,,Blue,Color,,,No,Yes,No,1.0,Normal,1000.0,NFS,828,Aqua,Blue,,,1x1,Dig Spot,,,,207,,,,,,Yes,Haniwa,No,No lighting,Kick,Not for sale,2.0.0,Yes,FtrHaniwaKick01_Remake_4_0,4_0,14081,jTBhNGbMyJT25JcFW,3701,"(4, 0)"
rumbloid,,White,Color,,,No,Yes,No,1.0,Normal,1000.0,NFS,828,White,Orange,,,1x1,Dig Spot,,,,207,,,,,,Yes,Haniwa,No,No lighting,Kick,Not for sale,2.0.0,Yes,FtrHaniwaKick01_Remake_5_0,5_0,14081,SnXZijYWJPyywzceB,3701,"(5, 0)"
rumbloid,,Gray,Color,,,No,Yes,No,1.0,Normal,1000.0,NFS,828,Gray,Gray,,,1x1,Dig Spot,,,,207,,,,,,Yes,Haniwa,No,No lighting,Kick,Not for sale,2.0.0,Yes,FtrHaniwaKick01_Remake_6_0,6_0,14081,ziF4XCu4d6AuHnxrR,3701,"(6, 0)"
scatteroid,,Light brown,Color,,,No,Yes,No,1.0,Normal,1000.0,NFS,828,Orange,Brown,,,1x1,Dig Spot,,,,207,,,,,,Yes,Haniwa,No,No lighting,Hi-hat,Not for sale,2.0.0,Yes,FtrHaniwaHiHat00_Remake_0_0,0_0,14092,uqdcnDFeKLM3agHpj,370C,"(0, 0)"
scatteroid,,Brown,Color,,,No,Yes,No,1.0,Normal,1000.0,NFS,828,Brown,Red,,,1x1,Dig Spot,,,,207,,,,,,Yes,Haniwa,No,No lighting,Hi-hat,Not for sale,2.0.0,Yes,FtrHaniwaHiHat00_Remake_1_0,1_0,14092,c8gD5b5bJumYEvjJh,370C,"(1, 0)"
scatteroid,,Green,Color,,,No,Yes,No,1.0,Normal,1000.0,NFS,828,Green,Green,,,1x1,Dig Spot,,,,207,,,,,,Yes,Haniwa,No,No lighting,Hi-hat,Not for sale,2.0.0,Yes,FtrHaniwaHiHat00_Remake_2_0,2_0,14092,mDhHB5jRyYW583Ds8,370C,"(2, 0)"
scatteroid,,Pink,Color,,,No,Yes,No,1.0,Normal,1000.0,NFS,828,Pink,Purple,,,1x1,Dig Spot,,,,207,,,,,,Yes,Haniwa,No,No lighting,Hi-hat,Not for sale,2.0.0,Yes,FtrHaniwaHiHat00_Remake_3_0,3_0,14092,uZhmStH2rYAipTGw6,370C,"(3, 0)"
scatteroid,,White,Color,,,No,Yes,No,1.0,Normal,1000.0,NFS,828,White,Aqua,,,1x1,Dig Spot,,,,207,,,,,,Yes,Haniwa,No,No lighting,Hi-hat,Not for sale,2.0.0,Yes,FtrHaniwaHiHat00_Remake_4_0,4_0,14092,4LBKu9CfFnmuCWF9f,370C,"(4, 0)"
spikenoid,,Green,Color,,,No,Yes,No,1.0,Normal,1000.0,NFS,828,Green,Yellow,,,1x1,Dig Spot,,,,207,,,,,,Yes,Haniwa,No,No lighting,Hi-hat,Not for sale,2.0.0,Yes,FtrHaniwaHiHat01_Remake_0_0,0_0,14093,7wqLb9iDPfxNPCQ7J,370D,"(0, 0)"
spikenoid,,Orange,Color,,,No,Yes,No,1.0,Normal,1000.0,NFS,828,Orange,Green,,,1x1,Dig Spot,,,,207,,,,,,Yes,Haniwa,No,No lighting,Hi-hat,Not for sale,2.0.0,Yes,FtrHaniwaHiHat01_Remake_1_0,1_0,14093,fpWbxosn7wCN7D69x,370D,"(1, 0)"
spikenoid,,Brown,Color,,,No,Yes,No,1.0,Normal,1000.0,NFS,828,Brown,Brown,,,1x1,Dig Spot,,,,207,,,,,,Yes,Haniwa,No,No lighting,Hi-hat,Not for sale,2.0.0,Yes,FtrHaniwaHiHat01_Remake_2_0,2_0,14093,qRynut9Adq235zZNf,370D,"(2, 0)"
spikenoid,,Light green,Color,,,No,Yes,No,1.0,Normal,1000.0,NFS,828,Green,Orange,,,1x1,Dig Spot,,,,207,,,,,,Yes,Haniwa,No,No lighting,Hi-hat,Not for sale,2.0.0,Yes,FtrHaniwaHiHat01_Remake_3_0,3_0,14093,gGZdx5ewXg4y7H5h3,370D,"(3, 0)"
spikenoid,,Blue,Color,,,No,Yes,No,1.0,Normal,1000.0,NFS,828,Blue,Aqua,,,1x1,Dig Spot,,,,207,,,,,,Yes,Haniwa,No,No lighting,Hi-hat,Not for sale,2.0.0,Yes,FtrHaniwaHiHat01_Remake_4_0,4_0,14093,qDPHppg6AHoCtXoxg,370D,"(4, 0)"
spikenoid,,Camel,Color,,,No,Yes,No,1.0,Normal,1000.0,NFS,828,Yellow,Purple,,,1x1,Dig Spot,,,,207,,,,,,Yes,Haniwa,No,No lighting,Hi-hat,Not for sale,2.0.0,Yes,FtrHaniwaHiHat01_Remake_5_0,5_0,14093,hsERyTLqcNS9Q9vFS,370D,"(5, 0)"
spikenoid,,Gray,Color,,,No,Yes,No,1.0,Normal,1000.0,NFS,828,Gray,Brown,,,1x1,Dig Spot,,,,207,,,,,,Yes,Haniwa,No,No lighting,Hi-hat,Not for sale,2.0.0,Yes,FtrHaniwaHiHat01_Remake_6_0,6_0,14093,fobHgEXsH5jZHTbAM,370D,"(6, 0)"
sproingoid,,Camel,Color,,,No,Yes,No,1.0,Normal,1000.0,NFS,828,Beige,Brown,,,1x1,Dig Spot,,,,207,,,,,,Yes,Haniwa,No,No lighting,Snare,Not for sale,2.0.0,Yes,FtrHaniwaSnare01_Remake_0_0,0_0,14087,izp6P8ee5aoQDoDtj,3707,"(0, 0)"
sproingoid,,Green,Color,,,No,Yes,No,1.0,Normal,1000.0,NFS,828,Green,Green,,,1x1,Dig Spot,,,,207,,,,,,Yes,Haniwa,No,No lighting,Snare,Not for sale,2.0.0,Yes,FtrHaniwaSnare01_Remake_1_0,1_0,14087,QQtuywNY4nKtwuyXR,3707,"(1, 0)"
sproingoid,,Red,Color,,,No,Yes,No,1.0,Normal,1000.0,NFS,828,Red,Red,,,1x1,Dig Spot,,,,207,,,,,,Yes,Haniwa,No,No lighting,Snare,Not for sale,2.0.0,Yes,FtrHaniwaSnare01_Remake_2_0,2_0,14087,gzmYYERemNzmgS4jo,3707,"(2, 0)"
sproingoid,,Blue,Color,,,No,Yes,No,1.0,Normal,1000.0,NFS,828,Blue,Blue,,,1x1,Dig Spot,,,,207,,,,,,Yes,Haniwa,No,No lighting,Snare,Not for sale,2.0.0,Yes,FtrHaniwaSnare01_Remake_3_0,3_0,14087,L96gQcAnqNFzA7kQZ,3707,"(3, 0)"
squeakoid,,Yellow,Color,,,No,Yes,No,1.0,Normal,1000.0,NFS,828,Yellow,Colorful,,,1x1,Dig Spot,,,,207,,,,,,Yes,Haniwa,No,No lighting,Melody,Not for sale,2.0.0,Yes,FtrHaniwaMelody07_Remake_0_0,0_0,14061,eYCP55udxWgnRCuNH,36ED,"(0, 0)"
squeakoid,,White,Color,,,No,Yes,No,1.0,Normal,1000.0,NFS,828,White,Colorful,,,1x1,Dig Spot,,,,207,,,,,,Yes,Haniwa,No,No lighting,Melody,Not for sale,2.0.0,Yes,FtrHaniwaMelody07_Remake_1_0,1_0,14061,unhzZtbYT7eecDwLv,36ED,"(1, 0)"
squeakoid,,Brown,Color,,,No,Yes,No,1.0,Normal,1000.0,NFS,828,Beige,Green,,,1x1,Dig Spot,,,,207,,,,,,Yes,Haniwa,No,No lighting,Melody,Not for sale,2.0.0,Yes,FtrHaniwaMelody07_Remake_2_0,2_0,14061,tahFmnPKvGPPivbfy,36ED,"(2, 0)"
squeakoid,,Pink,Color,,,No,Yes,No,1.0,Normal,1000.0,NFS,828,Pink,Yellow,,,1x1,Dig Spot,,,,207,,,,,,Yes,Haniwa,No,No lighting,Melody,Not for sale,2.0.0,Yes,FtrHaniwaMelody07_Remake_3_0,3_0,14061,SmYTnQkSYc7n3WLLs,36ED,"(3, 0)"
squeakoid,,Blue,Color,,,No,Yes,No,1.0,Normal,1000.0,NFS,828,Aqua,Blue,,,1x1,Dig Spot,,,,207,,,,,,Yes,Haniwa,No,No lighting,Melody,Not for sale,2.0.0,Yes,FtrHaniwaMelody07_Remake_4_0,4_0,14061,GnhxiXe9qGT3cgn5L,36ED,"(4, 0)"
squeezoid,,Beige,Color,,,No,Yes,No,1.0,Normal,1000.0,NFS,828,Beige,Beige,,,1x1,Dig Spot,,,,207,,,,,,Yes,Haniwa,No,No lighting,Hi-hat,Not for sale,2.0.0,Yes,FtrHaniwaHiHat02_Remake_0_0,0_0,14094,SGpxaN9kgJpZ2hba7,370E,"(0, 0)"
squeezoid,,Yellow,Color,,,No,Yes,No,1.0,Normal,1000.0,NFS,828,Yellow,Yellow,,,1x1,Dig Spot,,,,207,,,,,,Yes,Haniwa,No,No lighting,Hi-hat,Not for sale,2.0.0,Yes,FtrHaniwaHiHat02_Remake_1_0,1_0,14094,WrWB42QYBEMsaxGaR,370E,"(1, 0)"
squeezoid,,Pink,Color,,,No,Yes,No,1.0,Normal,1000.0,NFS,828,Pink,Pink,,,1x1,Dig Spot,,,,207,,,,,,Yes,Haniwa,No,No lighting,Hi-hat,Not for sale,2.0.0,Yes,FtrHaniwaHiHat02_Remake_2_0,2_0,14094,28KjoqrjgtpKs9PdN,370E,"(2, 0)"
squeezoid,,Blue,Color,,,No,Yes,No,1.0,Normal,1000.0,NFS,828,Aqua,Aqua,,,1x1,Dig Spot,,,,207,,,,,,Yes,Haniwa,No,No lighting,Hi-hat,Not for sale,2.0.0,Yes,FtrHaniwaHiHat02_Remake_3_0,3_0,14094,EmAhuAb3RWdnnWPcr,370E,"(3, 0)"
squeezoid,,White,Color,,,No,Yes,No,1.0,Normal,1000.0,NFS,828,White,White,,,1x1,Dig Spot,,,,207,,,,,,Yes,Haniwa,No,No lighting,Hi-hat,Not for sale,2.0.0,Yes,FtrHaniwaHiHat02_Remake_4_0,4_0,14094,xXAgKWMoxgmc9ExLA,370E,"(4, 0)"
squeezoid,,Black,Color,,,No,Yes,No,1.0,Normal,1000.0,NFS,828,Black,Black,,,1x1,Dig Spot,,,,207,,,,,,Yes,Haniwa,No,No lighting,Hi-hat,Not for sale,2.0.0,Yes,FtrHaniwaHiHat02_Remake_5_0,5_0,14094,JdKRPgvRE4MKKzwkX,370E,"(5, 0)"
stelloid,,Green,Color,,,No,Yes,No,1.0,Normal,1000.0,NFS,828,Green,Green,,,1x1,Dig Spot,,,,207,,,,,,Yes,Haniwa,No,No lighting,Crash,Not for sale,2.0.0,Yes,FtrHaniwaCrash01_Remake_0_0,0_0,14099,Ju5Lizt89WDsngGXg,3713,"(0, 0)"
stelloid,,Yellow,Color,,,No,Yes,No,1.0,Normal,1000.0,NFS,828,Yellow,Yellow,,,1x1,Dig Spot,,,,207,,,,,,Yes,Haniwa,No,No lighting,Crash,Not for sale,2.0.0,Yes,FtrHaniwaCrash01_Remake_1_0,1_0,14099,c6dspWAnLKbhTWmQ7,3713,"(1, 0)"
stelloid,,Blue,Color,,,No,Yes,No,1.0,Normal,1000.0,NFS,828,Blue,Aqua,,,1x1,Dig Spot,,,,207,,,,,,Yes,Haniwa,No,No lighting,Crash,Not for sale,2.0.0,Yes,FtrHaniwaCrash01_Remake_2_0,2_0,14099,XEeNcKzHy3puyiwcM,3713,"(2, 0)"
stelloid,,White,Color,,,No,Yes,No,1.0,Normal,1000.0,NFS,828,White,Aqua,,,1x1,Dig Spot,,,,207,,,,,,Yes,Haniwa,No,No lighting,Crash,Not for sale,2.0.0,Yes,FtrHaniwaCrash01_Remake_3_0,3_0,14099,JDiZmMYwd8EN8rCpB,3713,"(3, 0)"
stelloid,,Black,Color,,,No,Yes,No,1.0,Normal,1000.0,NFS,828,Black,Gray,,,1x1,Dig Spot,,,,207,,,,,,Yes,Haniwa,No,No lighting,Crash,Not for sale,2.0.0,Yes,FtrHaniwaCrash01_Remake_4_0,4_0,14099,99n8GEX2zCEkaPqjc,3713,"(4, 0)"
thwopoid,,Pink,Color,,,No,Yes,No,1.0,Normal,1000.0,NFS,828,Pink,Green,,,1x1,Dig Spot,,,,207,,,,,,Yes,Haniwa,No,No lighting,Kick,Not for sale,2.0.0,Yes,FtrHaniwaKick00_Remake_0_0,0_0,14080,RkSNMk3vQqZPMxnTd,3700,"(0, 0)"
thwopoid,,Beige,Color,,,No,Yes,No,1.0,Normal,1000.0,NFS,828,Beige,Orange,,,1x1,Dig Spot,,,,207,,,,,,Yes,Haniwa,No,No lighting,Kick,Not for sale,2.0.0,Yes,FtrHaniwaKick00_Remake_1_0,1_0,14080,hoPPafWBSt4dFPqww,3700,"(1, 0)"
thwopoid,,Green,Color,,,No,Yes,No,1.0,Normal,1000.0,NFS,828,Green,Brown,,,1x1,Dig Spot,,,,207,,,,,,Yes,Haniwa,No,No lighting,Kick,Not for sale,2.0.0,Yes,FtrHaniwaKick00_Remake_2_0,2_0,14080,xB9xcd3YbgkeTyHxs,3700,"(2, 0)"
thwopoid,,Gray,Color,,,No,Yes,No,1.0,Normal,1000.0,NFS,828,Gray,Green,,,1x1,Dig Spot,,,,207,,,,,,Yes,Haniwa,No,No lighting,Kick,Not for sale,2.0.0,Yes,FtrHaniwaKick00_Remake_3_0,3_0,14080,k9qheXA3nekhxK7qN,3700,"(3, 0)"
tockoid,,Pop,Color,,,No,Yes,No,1.0,Normal,1000.0,NFS,828,Beige,Red,,,1x1,Dig Spot,,,,207,,,,,,Yes,Haniwa,No,No lighting,Melody,Not for sale,2.0.0,Yes,FtrHaniwaMelody08_Remake_0_0,0_0,14062,vgkd37jWYPAuTf45e,36EE,"(0, 0)"
tockoid,,Natural,Color,,,No,Yes,No,1.0,Normal,1000.0,NFS,828,Beige,Brown,,,1x1,Dig Spot,,,,207,,,,,,Yes,Haniwa,No,No lighting,Melody,Not for sale,2.0.0,Yes,FtrHaniwaMelody08_Remake_1_0,1_0,14062,Fo8YKMc7tve2xEEFb,36EE,"(1, 0)"
tockoid,,Cool,Color,,,No,Yes,No,1.0,Normal,1000.0,NFS,828,Yellow,Blue,,,1x1,Dig Spot,,,,207,,,,,,Yes,Haniwa,No,No lighting,Melody,Not for sale,2.0.0,Yes,FtrHaniwaMelody08_Remake_2_0,2_0,14062,tar6Q5dianc9z7tWE,36EE,"(2, 0)"
tockoid,,Cute,Color,,,No,Yes,No,1.0,Normal,1000.0,NFS,828,Pink,Purple,,,1x1,Dig Spot,,,,207,,,,,,Yes,Haniwa,No,No lighting,Melody,Not for sale,2.0.0,Yes,FtrHaniwaMelody08_Remake_3_0,3_0,14062,yoqhTXby3wpDPN3Wg,36EE,"(3, 0)"
tockoid,,Chic,Color,,,No,Yes,No,1.0,Normal,1000.0,NFS,828,Gray,Black,,,1x1,Dig Spot,,,,207,,,,,,Yes,Haniwa,No,No lighting,Melody,Not for sale,2.0.0,Yes,FtrHaniwaMelody08_Remake_4_0,4_0,14062,g86Kc4SgpX3MXvYcn,36EE,"(4, 0)"
tremoloid,,Blue,Color,,,No,Yes,No,1.0,Normal,1000.0,NFS,828,Aqua,Blue,,,1x1,Dig Spot,,,,207,,,,,,Yes,Haniwa,No,No lighting,Melody,Not for sale,2.0.0,Yes,FtrHaniwaMelody11_Remake_0_0,0_0,14065,x3FLSndkAMvtkQDT5,36F1,"(0, 0)"
tremoloid,,Yellow,Color,,,No,Yes,No,1.0,Normal,1000.0,NFS,828,Yellow,Brown,,,1x1,Dig Spot,,,,207,,,,,,Yes,Haniwa,No,No lighting,Melody,Not for sale,2.0.0,Yes,FtrHaniwaMelody11_Remake_1_0,1_0,14065,292St2TCXP2e4FB6s,36F1,"(1, 0)"
tremoloid,,Green,Color,,,No,Yes,No,1.0,Normal,1000.0,NFS,828,Green,White,,,1x1,Dig Spot,,,,207,,,,,,Yes,Haniwa,No,No lighting,Melody,Not for sale,2.0.0,Yes,FtrHaniwaMelody11_Remake_2_0,2_0,14065,bsojZ7Nso77tSGNLF,36F1,"(2, 0)"
tremoloid,,Purple,Color,,,No,Yes,No,1.0,Normal,1000.0,NFS,828,Purple,Purple,,,1x1,Dig Spot,,,,207,,,,,,Yes,Haniwa,No,No lighting,Melody,Not for sale,2.0.0,Yes,FtrHaniwaMelody11_Remake_3_0,3_0,14065,iuCGmtkroEd7w3yGB,36F1,"(3, 0)"
tremoloid,,White,Color,,,No,Yes,No,1.0,Normal,1000.0,NFS,828,White,Aqua,,,1x1,Dig Spot,,,,207,,,,,,Yes,Haniwa,No,No lighting,Melody,Not for sale,2.0.0,Yes,FtrHaniwaMelody11_Remake_4_0,4_0,14065,qkZtMnBgpF6h2HX96,36F1,"(4, 0)"
twangoid,,Brown,Color,,,No,Yes,No,1.0,Normal,1000.0,NFS,828,Brown,Red,,,1x1,Dig Spot,,,,207,,,,,,Yes,Haniwa,No,No lighting,Melody,Not for sale,2.0.0,Yes,FtrHaniwaMelody05_Remake_0_0,0_0,14059,mQmNuA8udomfPdMyM,36EB,"(0, 0)"
twangoid,,Yellow,Color,,,No,Yes,No,1.0,Normal,1000.0,NFS,828,Yellow,Brown,,,1x1,Dig Spot,,,,207,,,,,,Yes,Haniwa,No,No lighting,Melody,Not for sale,2.0.0,Yes,FtrHaniwaMelody05_Remake_1_0,1_0,14059,WoxSqB5oFXXF485hC,36EB,"(1, 0)"
twangoid,,Green,Color,,,No,Yes,No,1.0,Normal,1000.0,NFS,828,Green,Brown,,,1x1,Dig Spot,,,,207,,,,,,Yes,Haniwa,No,No lighting,Melody,Not for sale,2.0.0,Yes,FtrHaniwaMelody05_Remake_2_0,2_0,14059,DC23XDgR8vZevdkva,36EB,"(2, 0)"
twangoid,,Blue,Color,,,No,Yes,No,1.0,Normal,1000.0,NFS,828,Blue,Black,,,1x1,Dig Spot,,,,207,,,,,,Yes,Haniwa,No,No lighting,Melody,Not for sale,2.0.0,Yes,FtrHaniwaMelody05_Remake_3_0,3_0,14059,qRSyqQt3Qmub68cyY,36EB,"(3, 0)"
twangoid,,Black,Color,,,No,Yes,No,1.0,Normal,1000.0,NFS,828,Black,Yellow,,,1x1,Dig Spot,,,,207,,,,,,Yes,Haniwa,No,No lighting,Melody,Not for sale,2.0.0,Yes,FtrHaniwaMelody05_Remake_4_0,4_0,14059,ZB5Q5hq8QQ2SKWBfJ,36EB,"(4, 0)"
wallopoid,,Camel,Color,,,No,Yes,No,1.0,Normal,1000.0,NFS,828,Beige,Beige,,,1x1,Dig Spot,,,,207,,,,,,Yes,Haniwa,No,No lighting,Drum set,Not for sale,2.0.0,Yes,FtrHaniwaDrumSet01_Remake_0_0,0_0,14075,XuJSMaA3duE3PCpcy,36FB,"(0, 0)"
wallopoid,,Brown,Color,,,No,Yes,No,1.0,Normal,1000.0,NFS,828,Brown,Brown,,,1x1,Dig Spot,,,,207,,,,,,Yes,Haniwa,No,No lighting,Drum set,Not for sale,2.0.0,Yes,FtrHaniwaDrumSet01_Remake_1_0,1_0,14075,qZaCGLDMsccBoS4hG,36FB,"(1, 0)"
wallopoid,,Green,Color,,,No,Yes,No,1.0,Normal,1000.0,NFS,828,Green,Blue,,,1x1,Dig Spot,,,,207,,,,,,Yes,Haniwa,No,No lighting,Drum set,Not for sale,2.0.0,Yes,FtrHaniwaDrumSet01_Remake_2_0,2_0,14075,hWyFMenaNriQJ7p5b,36FB,"(2, 0)"
wallopoid,,Blue,Color,,,No,Yes,No,1.0,Normal,1000.0,NFS,828,Aqua,Pink,,,1x1,Dig Spot,,,,207,,,,,,Yes,Haniwa,No,No lighting,Drum set,Not for sale,2.0.0,Yes,FtrHaniwaDrumSet01_Remake_3_0,3_0,14075,zfgGWbLjYKkkomPEH,36FB,"(3, 0)"
wallopoid,,White,Color,,,No,Yes,No,1.0,Normal,1000.0,NFS,828,White,Pink,,,1x1,Dig Spot,,,,207,,,,,,Yes,Haniwa,No,No lighting,Drum set,Not for sale,2.0.0,Yes,FtrHaniwaDrumSet01_Remake_4_0,4_0,14075,eBmgYB9BNTSGGRQS3,36FB,"(4, 0)"
wallopoid,,Black,Color,,,No,Yes,No,1.0,Normal,1000.0,NFS,828,Black,Red,,,1x1,Dig Spot,,,,207,,,,,,Yes,Haniwa,No,No lighting,Drum set,Not for sale,2.0.0,Yes,FtrHaniwaDrumSet01_Remake_5_0,5_0,14075,xotcjsMf53SQ29aDf,36FB,"(5, 0)"
whirroid,,Blue,Color,,,No,Yes,No,1.0,Normal,1000.0,NFS,828,Aqua,Gray,,,1x1,Dig Spot,,,,207,,,,,,Yes,Haniwa,No,No lighting,Drum set,Not for sale,2.0.0,Yes,FtrHaniwaDrumSet04_Remake_0_0,0_0,14078,vmvaJpxu3Fn4ajdfK,36FE,"(0, 0)"
whirroid,,Red,Color,,,No,Yes,No,1.0,Normal,1000.0,NFS,828,Red,Gray,,,1x1,Dig Spot,,,,207,,,,,,Yes,Haniwa,No,No lighting,Drum set,Not for sale,2.0.0,Yes,FtrHaniwaDrumSet04_Remake_1_0,1_0,14078,7EuhpxDDrpzggXZjm,36FE,"(1, 0)"
whirroid,,Gold,Color,,,No,Yes,No,1.0,Normal,1000.0,NFS,828,Yellow,Gray,,,1x1,Dig Spot,,,,207,,,,,,Yes,Haniwa,No,No lighting,Drum set,Not for sale,2.0.0,Yes,FtrHaniwaDrumSet04_Remake_2_0,2_0,14078,Qix3oTA2REPSSRt2Z,36FE,"(2, 0)"
whirroid,,Silver,Color,,,No,Yes,No,1.0,Normal,1000.0,NFS,828,Gray,Gray,,,1x1,Dig Spot,,,,207,,,,,,Yes,Haniwa,No,No lighting,Drum set,Not for sale,2.0.0,Yes,FtrHaniwaDrumSet04_Remake_3_0,3_0,14078,JR7hnbShE9McLoThT,36FE,"(3, 0)"
whistloid,,Blue,Color,,,No,Yes,No,1.0,Normal,1000.0,NFS,828,Aqua,Aqua,,,1x1,Dig Spot,,,,207,,,,,,Yes,Haniwa,No,No lighting,Melody,Not for sale,2.0.0,Yes,FtrHaniwaMelody03_Remake_0_0,0_0,14057,Dx4Sog9gFTaCjtjJQ,36E9,"(0, 0)"
whistloid,,Brown,Color,,,No,Yes,No,1.0,Normal,1000.0,NFS,828,Brown,Brown,,,1x1,Dig Spot,,,,207,,,,,,Yes,Haniwa,No,No lighting,Melody,Not for sale,2.0.0,Yes,FtrHaniwaMelody03_Remake_1_0,1_0,14057,yLrmxceegmPpxfSu7,36E9,"(1, 0)"
whistloid,,Yellow,Color,,,No,Yes,No,1.0,Normal,1000.0,NFS,828,Yellow,Yellow,,,1x1,Dig Spot,,,,207,,,,,,Yes,Haniwa,No,No lighting,Melody,Not for sale,2.0.0,Yes,FtrHaniwaMelody03_Remake_2_0,2_0,14057,SZ7anchqB2suN8SKj,36E9,"(2, 0)"
whistloid,,Green,Color,,,No,Yes,No,1.0,Normal,1000.0,NFS,828,Green,Green,,,1x1,Dig Spot,,,,207,,,,,,Yes,Haniwa,No,No lighting,Melody,Not for sale,2.0.0,Yes,FtrHaniwaMelody03_Remake_3_0,3_0,14057,PeGr2ce8BNW7q6G64,36E9,"(3, 0)"
whistloid,,Pink,Color,,,No,Yes,No,1.0,Normal,1000.0,NFS,828,Pink,Pink,,,1x1,Dig Spot,,,,207,,,,,,Yes,Haniwa,No,No lighting,Melody,Not for sale,2.0.0,Yes,FtrHaniwaMelody03_Remake_4_0,4_0,14057,e7QSeTQ4dJnQuWcJ6,36E9,"(4, 0)"
whistloid,,White,Color,,,No,Yes,No,1.0,Normal,1000.0,NFS,828,White,White,,,1x1,Dig Spot,,,,207,,,,,,Yes,Haniwa,No,No lighting,Melody,Not for sale,2.0.0,Yes,FtrHaniwaMelody03_Remake_5_0,5_0,14057,qG2qzyEwT97mS9CLL,36E9,"(5, 0)"
xylophoid,,Yellow,Color,,,No,Yes,No,1.0,Normal,1000.0,NFS,828,Yellow,Purple,,,1x1,Dig Spot,,,,207,,,,,,Yes,Haniwa,No,No lighting,Melody,Not for sale,2.0.0,Yes,FtrHaniwaMelody00_Remake_0_0,0_0,14046,nEot8dYGCy7exGuaA,36DE,"(0, 0)"
xylophoid,,Blue,Color,,,No,Yes,No,1.0,Normal,1000.0,NFS,828,Aqua,Yellow,,,1x1,Dig Spot,,,,207,,,,,,Yes,Haniwa,No,No lighting,Melody,Not for sale,2.0.0,Yes,FtrHaniwaMelody00_Remake_1_0,1_0,14046,pFA6oQgA5CFYSbje6,36DE,"(1, 0)"
xylophoid,,Pink,Color,,,No,Yes,No,1.0,Normal,1000.0,NFS,828,Pink,Green,,,1x1,Dig Spot,,,,207,,,,,,Yes,Haniwa,No,No lighting,Melody,Not for sale,2.0.0,Yes,FtrHaniwaMelody00_Remake_2_0,2_0,14046,PbxGNexhtrJXCWBP7,36DE,"(2, 0)"
xylophoid,,White,Color,,,No,Yes,No,1.0,Normal,1000.0,NFS,828,White,Yellow,,,1x1,Dig Spot,,,,207,,,,,,Yes,Haniwa,No,No lighting,Melody,Not for sale,2.0.0,Yes,FtrHaniwaMelody00_Remake_3_0,3_0,14046,27huQwjK8BSR3b87Y,36DE,"(3, 0)"
xylophoid,,Brown,Color,,,No,Yes,No,1.0,Normal,1000.0,NFS,828,Brown,Blue,,,1x1,Dig Spot,,,,207,,,,,,Yes,Haniwa,No,No lighting,Melody,Not for sale,2.0.0,Yes,FtrHaniwaMelody00_Remake_4_0,4_0,14046,Kt2cGKRAwAtzQPQ4N,36DE,"(4, 0)"
