Name,Framed Image,Album Image,Buy,Sell,HHA Base Points,Color 1,Color 2,Size,Source,Source Notes,Season/Event,Season/Event Exclusive,Catalog,Version Added,Unlocked?,Filename,Internal ID,Unique Entry ID,Internal ID as hex
Agent K.K.,,,3200,800.0,103,Brown,Orange,1x1,K.K. concert; Nook Shopping Daily Selection,"Possible song K.K. will play when choosing ""It's hard to say."" as your mood",,,For sale,1.0.0,Yes,mjk_Keiji,2472,omxkkikQ5jwtoGiXa,09A8
Aloha K.K.,,,3200,800.0,103,Brown,Aqua,1x1,K.K. concert; Nook Shopping Daily Selection,"Possible song K.K. will play when choosing ""Laid-back."" as your mood",,,For sale,1.0.0,Yes,mjk_Aloha,2423,rxKK6nfmC4rWvXxCv,0977
Animal City,,,NFS,800.0,103,Brown,,1x1,K.K. concert,Hidden song - only by request,,,Not for sale,1.0.0,Yes,mjk_DoubutuNoMachi,4312,PTLK2jL5rb7t5Rm5j,10D8
Bubblegum K.K.,,,3200,800.0,103,Brown,Aqua,1x1,K.K. concert; Nook Shopping Daily Selection,"Possible song K.K. will play when choosing ""I feel good!"" as your mood",,,For sale,1.0.0,Yes,mjk_Idol,2492,ZgwCoTem6x9efZAnD,09BC
Café K.K.,,,3200,800.0,103,Brown,Colorful,1x1,K.K. concert; Nook Shopping Daily Selection,"Possible song K.K. will play when choosing ""I feel good!"" as your mood",,,For sale,1.0.0,Yes,mjk_Paris,2454,ZXwXi8YnFpks2RPuK,0996
Chillwave,,,3200,800.0,103,Brown,White,1x1,K.K. concert; Nook Shopping Daily Selection,"Possible song K.K. will play when choosing ""Laid-back."" as your mood",,,For sale,2.0.0,Yes,mjk_Chillwave,7661,ystJwQvoZ6wxxk4Rt,1DED
Comrade K.K.,,,3200,800.0,103,Brown,White,1x1,K.K. concert; Nook Shopping Daily Selection,"Possible song K.K. will play when choosing ""A little blue..."" as your mood",,,For sale,1.0.0,Yes,mjk_ShowaKayo,2448,5ufeoTSFwRxQTrXdq,0990
DJ K.K.,,,3200,800.0,103,Brown,Pink,1x1,K.K. concert; Nook Shopping Daily Selection,"Possible song K.K. will play when choosing ""A little grumpy..."" as your mood",,,For sale,1.0.0,Yes,mjk_EuroBeat,2443,6H8pzhuYdfNpD8KTd,098B
Drivin',,,NFS,800.0,103,Brown,,1x1,K.K. concert,Hidden song - only by request,,,Not for sale,1.0.0,Yes,mjk_Drive,4314,at7FbmJfbKvsGHB5T,10DA
Farewell,,,NFS,800.0,103,Brown,,1x1,K.K. concert,Hidden song - only by request,,,Not for sale,1.0.0,Yes,mjk_Sayonara,4313,diprrz97SbCJGzXM3,10D9
Forest Life,,,3200,800.0,103,Brown,Yellow,1x1,K.K. concert; Nook Shopping Daily Selection,"Possible song K.K. will play when choosing ""Laid-back."" as your mood",,,For sale,1.0.0,Yes,mjk_MoriNoSeikatsu,2461,ZM4S88gPPapGknNeR,099D
Go K.K. Rider,,,3200,800.0,103,Brown,White,1x1,K.K. concert; Nook Shopping Daily Selection,"Possible song K.K. will play when choosing ""A little grumpy..."" as your mood",,,For sale,1.0.0,Yes,mjk_KekeRider,2450,w6jLsBX6ZX4oPDwDh,0992
Hazure01,,,NFS,,0,,,1x1,K.K. concert,Played by K.K. if you request something he doesn't have (does not give take-home track),,,Not in catalog,1.0.0,Yes,mjk_Miss1,4315,yzpTLMjxFrMMyPe9t,10DB
Hazure02,,,NFS,,0,,,1x1,K.K. concert,Played by K.K. if you request something he doesn't have (does not give take-home track),,,Not in catalog,1.0.0,Yes,mjk_Miss2,4316,oeZ6a9qJA54fyuwA3,10DC
Hazure03,,,NFS,,0,,,1x1,K.K. concert,Played by K.K. if you request something he doesn't have (does not give take-home track),,,Not in catalog,1.0.0,Yes,mjk_Miss3,4317,cXrvAEgQstHcnP5Zf,10DD
Hypno K.K.,,,3200,800.0,103,Brown,White,1x1,K.K. concert; Nook Shopping Daily Selection,"Possible song K.K. will play when choosing ""It's hard to say."" as your mood",,,For sale,1.0.0,Yes,mjk_UtataneNoYume,2480,qwHrcscJZNxD5mn8k,09B0
I Love You,,,3200,800.0,103,Brown,Colorful,1x1,K.K. concert; Nook Shopping Daily Selection,"Possible song K.K. will play when choosing ""Laid-back."" as your mood",,,For sale,1.0.0,Yes,mjk_Daisuki,2458,cic3w9hqeY222ni2z,099A
Imperial K.K.,,,3200,800.0,103,Brown,Pink,1x1,K.K. concert; Nook Shopping Daily Selection,"Possible song K.K. will play when choosing ""A little grumpy..."" as your mood",,,For sale,1.0.0,Yes,mjk_China,2427,6y3ftdfGBa3oYAfrA,097B
K.K. Adventure,,,3200,800.0,103,Brown,Orange,1x1,K.K. concert; Nook Shopping Daily Selection,"Possible song K.K. will play when choosing ""A little grumpy..."" as your mood",,,For sale,1.0.0,Yes,mjk_Hollywood,2484,6FWZByesWNcjXBPQX,09B4
K.K. Aria,,,3200,800.0,103,Brown,Blue,1x1,K.K. concert; Nook Shopping Daily Selection,"Possible song K.K. will play when choosing ""Laid-back."" as your mood",,,For sale,1.0.0,Yes,mjk_Maria,2413,9ZSqWa7JjfMhwPWEE,096D
K.K. Ballad,,,3200,800.0,103,Brown,Black,1x1,K.K. concert; Nook Shopping Daily Selection,"Possible song K.K. will play when choosing ""A little blue..."" as your mood",,,For sale,1.0.0,Yes,mjk_Ballad,2447,awbEqrBQ52aCi4YKj,098F
K.K. Bashment,,,3200,800.0,103,Brown,White,1x1,K.K. concert; Nook Shopping Daily Selection,"Possible song K.K. will play when choosing ""A little blue..."" as your mood",,,For sale,2.0.0,Yes,mjk_Bashment,7664,3GeLa8tgcNhGZCLFP,1DF0
K.K. Bazaar,,,3200,800.0,103,Brown,Black,1x1,K.K. concert; Nook Shopping Daily Selection,"Possible song K.K. will play when choosing ""A little grumpy..."" as your mood",,,For sale,1.0.0,Yes,mjk_Roma,2486,yJdhdZPjGQSs4xL7a,09B6
K.K. Birthday,,,NFS,800.0,103,Brown,Aqua,1x1,K.K. concert,Received on your first time seeing K.K. perform during your birthday,Birthday,Yes,Not for sale,1.0.0,Yes,mjk_BirthdaySong,2495,xrFkTdiZ9fHkYMvDr,09BF
K.K. Blues,,,3200,800.0,103,Brown,White,1x1,K.K. concert; Nook Shopping Daily Selection,"Possible song K.K. will play when choosing ""It's hard to say."" as your mood",,,For sale,1.0.0,Yes,mjk_Blues,2436,HtTcKk7AdJLrmwXXK,0984
K.K. Bossa,,,3200,800.0,103,Brown,White,1x1,K.K. concert; Nook Shopping Daily Selection,"Possible song K.K. will play when choosing ""Laid-back."" as your mood",,,For sale,1.0.0,Yes,mjk_Bossa,2415,Bu3tGw6JnhnMEabz2,096F
K.K. Break,,,3200,800.0,103,Brown,Purple,1x1,K.K. concert; Nook Shopping Daily Selection,"Possible song K.K. will play when choosing ""A little grumpy..."" as your mood",,,For sale,2.0.0,Yes,mjk_Break,7666,cR4WKiLY93LkbSN6q,1DF2
K.K. Calypso,,,3200,800.0,103,Brown,White,1x1,K.K. concert; Nook Shopping Daily Selection,"Possible song K.K. will play when choosing ""I feel good!"" as your mood",,,For sale,1.0.0,Yes,mjk_Caripso,2416,g7TbqwnzRw64kcmso,0970
K.K. Casbah,,,3200,800.0,103,Brown,Beige,1x1,K.K. concert; Nook Shopping Daily Selection,"Possible song K.K. will play when choosing ""A little grumpy..."" as your mood",,,For sale,1.0.0,Yes,mjk_Turkey,2428,CuWyihNkLbL5rwbYZ,097C
K.K. Chorale,,,3200,800.0,103,Brown,Beige,1x1,K.K. concert; Nook Shopping Daily Selection,"Possible song K.K. will play when choosing ""A little blue..."" as your mood",,,For sale,1.0.0,Yes,mjk_Sanbika,2405,rijxxXt45dqkXze5A,0965
K.K. Chorinho,,,3200,800.0,103,Brown,Aqua,1x1,K.K. concert; Nook Shopping Daily Selection,"Possible song K.K. will play when choosing ""A little grumpy..."" as your mood",,,For sale,2.0.0,Yes,mjk_Choro,7660,sxuGwPKb8EX7pD2GK,1DEC
K.K. Condor,,,3200,800.0,103,Brown,Beige,1x1,K.K. concert; Nook Shopping Daily Selection,"Possible song K.K. will play when choosing ""A little blue..."" as your mood",,,For sale,1.0.0,Yes,mjk_Peru,2425,EoALBg9oEc9NmJpaf,0979
K.K. Country,,,3200,800.0,103,Brown,Black,1x1,K.K. concert; Nook Shopping Daily Selection,"Possible song K.K. will play when choosing ""I feel good!"" as your mood",,,For sale,1.0.0,Yes,mjk_Country,2445,rN2cyPLzaZaMGmrwj,098D
K.K. Cruisin',,,3200,800.0,103,Brown,Black,1x1,K.K. concert; Nook Shopping Daily Selection,"Possible song K.K. will play when choosing ""A little grumpy..."" as your mood",,,For sale,1.0.0,Yes,mjk_Urban,2439,hPBjqhB66YBw6Tz4n,0987
K.K. D&B,,,3200,800.0,103,Brown,Colorful,1x1,K.K. concert; Nook Shopping Daily Selection,"Possible song K.K. will play when choosing ""It's hard to say."" as your mood",,,For sale,1.0.0,Yes,mjk_Drumnbass,2441,rkBHJtfrcabbt57bD,0989
K.K. Dirge,,,3200,800.0,103,Brown,Black,1x1,K.K. concert; Nook Shopping Daily Selection,"Possible song K.K. will play when choosing ""A little blue..."" as your mood",,,For sale,1.0.0,Yes,mjk_KowaiUta,2451,2DDYNvo8uNo5zNPo8,0993
K.K. Disco,,,3200,800.0,103,Brown,Colorful,1x1,K.K. concert; Nook Shopping Daily Selection,"Possible song K.K. will play when choosing ""I feel good!"" as your mood",,,For sale,1.0.0,Yes,mjk_Disco,2494,tAZn6EXuFip47sbbo,09BE
K.K. Dixie,,,3200,800.0,103,Brown,Colorful,1x1,K.K. concert; Nook Shopping Daily Selection,"Possible song K.K. will play when choosing ""I feel good!"" as your mood",,,For sale,1.0.0,Yes,mjk_Dixie,2464,bCL6Df8hoG7kooXcL,09A0
K.K. Dub,,,3200,800.0,103,Brown,Beige,1x1,K.K. concert; Nook Shopping Daily Selection,"Possible song K.K. will play when choosing ""Laid-back."" as your mood",,,For sale,2.0.0,Yes,mjk_Dub,7662,dKMnHPfH5R3EGEdX4,1DEE
K.K. Étude,,,3200,800.0,103,Brown,Black,1x1,K.K. concert; Nook Shopping Daily Selection,"Possible song K.K. will play when choosing ""A little blue..."" as your mood",,,For sale,1.0.0,Yes,mjk_Etude,2411,PgDmhWq5W4ciF6TW5,096B
K.K. Faire,,,3200,800.0,103,Brown,Orange,1x1,K.K. concert; Nook Shopping Daily Selection,"Possible song K.K. will play when choosing ""Laid-back."" as your mood",,,For sale,1.0.0,Yes,mjk_Haisai,2422,3i2RNpZeHPhxq6bPY,0976
K.K. Flamenco,,,3200,800.0,103,Brown,Red,1x1,K.K. concert; Nook Shopping Daily Selection,"Possible song K.K. will play when choosing ""A little grumpy..."" as your mood",,,For sale,1.0.0,Yes,mjk_Flamenco,2490,KXRPPacevShYgCh33,09BA
K.K. Folk,,,3200,800.0,103,Brown,Colorful,1x1,K.K. concert; Nook Shopping Daily Selection,"Possible song K.K. will play when choosing ""It's hard to say."" as your mood",,,For sale,1.0.0,Yes,mjk_Minyo,2430,L9SqkeaoQNXGphs6H,097E
K.K. Fugue,,,3200,800.0,103,Brown,Black,1x1,K.K. concert; Nook Shopping Daily Selection,"Possible song K.K. will play when choosing ""Laid-back."" as your mood",,,For sale,2.0.0,Yes,mjk_Fugue,7657,46QADLGQz9nA2KA4g,1DE9
K.K. Fusion,,,3200,800.0,103,Brown,Colorful,1x1,K.K. concert; Nook Shopping Daily Selection,"Possible song K.K. will play when choosing ""Laid-back."" as your mood",,,For sale,1.0.0,Yes,mjk_Fusion,2410,Lx9Kk9gmmori3huxC,096A
K.K. Groove,,,3200,800.0,103,Brown,Blue,1x1,K.K. concert; Nook Shopping Daily Selection,"Possible song K.K. will play when choosing ""I feel good!"" as your mood",,,For sale,1.0.0,Yes,mjk_Raregroove,2488,7ss8K3czErhJNQiXJ,09B8
K.K. Gumbo,,,3200,800.0,103,Brown,Beige,1x1,K.K. concert; Nook Shopping Daily Selection,"Possible song K.K. will play when choosing ""It's hard to say."" as your mood",,,For sale,1.0.0,Yes,mjk_NewOrleans,2434,nPNjtqN3AJdfxLuAx,0982
K.K. Hop,,,3200,800.0,103,Brown,Yellow,1x1,K.K. concert; Nook Shopping Daily Selection,"Possible song K.K. will play when choosing ""It's hard to say."" as your mood",,,For sale,2.0.0,Yes,mjk_Hiphop,7665,D5vWDETq9hyZEwsvG,1DF1
K.K. House,,,3200,800.0,103,Brown,Pink,1x1,K.K. concert; Nook Shopping Daily Selection,"Possible song K.K. will play when choosing ""A little grumpy..."" as your mood",,,For sale,1.0.0,Yes,mjk_House,2478,DoMmMBQBeXm7sTGPm,09AE
K.K. Island,,,3200,800.0,103,Brown,Aqua,1x1,K.K. concert; Nook Shopping Daily Selection,"Possible song K.K. will play when choosing ""Laid-back."" as your mood",,,For sale,1.0.0,Yes,mjk_DoubutsuNoShima,2482,LrdjwBdn7hS2NXeW2,09B2
K.K. Jazz,,,3200,800.0,103,Brown,Aqua,1x1,K.K. concert; Nook Shopping Daily Selection,"Possible song K.K. will play when choosing ""Laid-back."" as your mood",,,For sale,1.0.0,Yes,mjk_Jazz,2409,eRNA3ktNpPi8qB5Yx,0969
K.K. Jongara,,,3200,800.0,103,Brown,Aqua,1x1,K.K. concert; Nook Shopping Daily Selection,"Possible song K.K. will play when choosing ""A little grumpy..."" as your mood",,,For sale,1.0.0,Yes,mjk_Jongara,2489,2tqAXsz3eiAFcZ5aS,09B9
K.K. Khoomei,,,3200,800.0,103,Brown,White,1x1,K.K. concert; Nook Shopping Daily Selection,"Possible song K.K. will play when choosing ""It's hard to say."" as your mood",,,For sale,2.0.0,Yes,mjk_Khoomii,7667,ourFYo5xsLa8TEsmy,1DF3
K.K. Lament,,,3200,800.0,103,Brown,Gray,1x1,K.K. concert; Nook Shopping Daily Selection,"Possible song K.K. will play when choosing ""A little blue..."" as your mood",,,For sale,1.0.0,Yes,mjk_Enka,2449,LLDo3zTdcLf3JRexf,0991
K.K. Love Song,,,3200,800.0,103,Brown,White,1x1,K.K. concert; Nook Shopping Daily Selection,"Possible song K.K. will play when choosing ""Laid-back."" as your mood",,,For sale,1.0.0,Yes,mjk_LoveSong,2440,Zi4kijYWbE3taJy67,0988
K.K. Lovers,,,3200,800.0,103,Brown,White,1x1,K.K. concert; Nook Shopping Daily Selection,"Possible song K.K. will play when choosing ""A little blue..."" as your mood",,,For sale,2.0.0,Yes,mjk_Lovers,7663,PsFCdv4B7xnuDuA5x,1DEF
K.K. Lullaby,,,3200,800.0,103,Brown,Green,1x1,K.K. concert; Nook Shopping Daily Selection,"Possible song K.K. will play when choosing ""A little blue..."" as your mood",,,For sale,1.0.0,Yes,mjk_Lullaby,2412,WpCHmL6DBXK7RWQNJ,096C
K.K. Mambo,,,3200,800.0,103,Brown,Red,1x1,K.K. concert; Nook Shopping Daily Selection,"Possible song K.K. will play when choosing ""I feel good!"" as your mood",,,For sale,1.0.0,Yes,mjk_Mambo,2418,LftoxEHoft5xpn8ZK,0972
K.K. Marathon,,,3200,800.0,103,Brown,Colorful,1x1,K.K. concert; Nook Shopping Daily Selection,"Possible song K.K. will play when choosing ""It's hard to say."" as your mood",,,For sale,1.0.0,Yes,mjk_Gamelan,2465,EAeRF5hCvgZvpf24R,09A1
K.K. March,,,3200,800.0,103,Brown,Pink,1x1,K.K. concert; Nook Shopping Daily Selection,"Possible song K.K. will play when choosing ""I feel good!"" as your mood",,,For sale,1.0.0,Yes,mjk_March,2406,ZYeSh5EHDgX9bEY4L,0966
K.K. Mariachi,,,3200,800.0,103,Brown,Orange,1x1,K.K. concert; Nook Shopping Daily Selection,"Possible song K.K. will play when choosing ""I feel good!"" as your mood",,,For sale,1.0.0,Yes,mjk_Senor,2456,yK4cu9gRJDzAchPip,0998
K.K. Metal,,,3200,800.0,103,Brown,Purple,1x1,K.K. concert; Nook Shopping Daily Selection,"Possible song K.K. will play when choosing ""A little grumpy..."" as your mood",,,For sale,1.0.0,Yes,mjk_Metal,2474,TNdpcZiy6ZXb2sie3,09AA
K.K. Milonga,,,3200,800.0,103,Brown,Red,1x1,K.K. concert; Nook Shopping Daily Selection,"Possible song K.K. will play when choosing ""A little blue..."" as your mood",,,For sale,1.0.0,Yes,mjk_Milonga,2487,bphgD53QrTdSQWrsw,09B7
K.K. Moody,,,3200,800.0,103,Brown,Orange,1x1,K.K. concert; Nook Shopping Daily Selection,"Possible song K.K. will play when choosing ""Laid-back."" as your mood",,,For sale,1.0.0,Yes,mjk_Bolero,2491,D3WoTWs7t3uojthok,09BB
K.K. Oasis,,,3200,800.0,103,Brown,Colorful,1x1,K.K. concert; Nook Shopping Daily Selection,"Possible song K.K. will play when choosing ""It's hard to say."" as your mood",,,For sale,1.0.0,Yes,mjk_Maharaja,2485,X45bf37FawXymbRTR,09B5
K.K. Parade,,,3200,800.0,103,Brown,Colorful,1x1,K.K. concert; Nook Shopping Daily Selection,"Possible song K.K. will play when choosing ""I feel good!"" as your mood",,,For sale,1.0.0,Yes,mjk_Parade,2455,vaxtch9tWPZTeJKBf,0997
K.K. Polka,,,3200,800.0,103,Brown,Green,1x1,K.K. concert; Nook Shopping Daily Selection,"Possible song K.K. will play when choosing ""I feel good!"" as your mood",,,For sale,2.0.0,Yes,mjk_Polka,7658,CG2yRG4GvRrvS67eW,1DEA
K.K. Ragtime,,,3200,800.0,103,Brown,Gray,1x1,K.K. concert; Nook Shopping Daily Selection,"Possible song K.K. will play when choosing ""I feel good!"" as your mood",,,For sale,1.0.0,Yes,mjk_RagTime,2433,Rz7khNvFcekonfDC8,0981
K.K. Rally,,,3200,800.0,103,Brown,Red,1x1,K.K. concert; Nook Shopping Daily Selection,"Possible song K.K. will play when choosing ""It's hard to say."" as your mood",,,For sale,1.0.0,Yes,mjk_Ondo,2473,qPCRJqX3uM66bDrDb,09A9
K.K. Reggae,,,3200,800.0,103,Brown,Colorful,1x1,K.K. concert; Nook Shopping Daily Selection,"Possible song K.K. will play when choosing ""Laid-back."" as your mood",,,For sale,1.0.0,Yes,mjk_Reggae,2419,BeXTGzse56iMWrovn,0973
K.K. Robot Synth,,,3200,800.0,103,Brown,White,1x1,K.K. concert; Nook Shopping Daily Selection,"Possible song K.K. will play when choosing ""I feel good!"" as your mood",,,For sale,2.0.0,Yes,mjk_Android,7668,HZoKsGn8HfREQhF5e,1DF4
K.K. Rock,,,3200,800.0,103,Brown,Black,1x1,K.K. concert; Nook Shopping Daily Selection,"Possible song K.K. will play when choosing ""A little grumpy..."" as your mood",,,For sale,1.0.0,Yes,mjk_Rock,2431,dGWQ49YGhQ6uxxdth,097F
K.K. Rockabilly,,,3200,800.0,103,Brown,Aqua,1x1,K.K. concert; Nook Shopping Daily Selection,"Possible song K.K. will play when choosing ""I feel good!"" as your mood",,,For sale,1.0.0,Yes,mjk_KekeBilly,2471,DogQSJB5472T5PTgX,09A7
K.K. Safari,,,3200,800.0,103,Brown,Orange,1x1,K.K. concert; Nook Shopping Daily Selection,"Possible song K.K. will play when choosing ""A little grumpy..."" as your mood",,,For sale,1.0.0,Yes,mjk_Afro,2429,YxQuKist5jbDN6YeX,097D
K.K. Salsa,,,3200,800.0,103,Brown,Red,1x1,K.K. concert; Nook Shopping Daily Selection,"Possible song K.K. will play when choosing ""I feel good!"" as your mood",,,For sale,1.0.0,Yes,mjk_Salsa,2417,hMAkxLymhpg5Zt6Xm,0971
K.K. Samba,,,3200,800.0,103,Brown,Aqua,1x1,K.K. concert; Nook Shopping Daily Selection,"Possible song K.K. will play when choosing ""I feel good!"" as your mood",,,For sale,1.0.0,Yes,mjk_Samba,2414,XYFSnTG8QFbGXZJ79,096E
K.K. Ska,,,3200,800.0,103,Brown,Black,1x1,K.K. concert; Nook Shopping Daily Selection,"Possible song K.K. will play when choosing ""I feel good!"" as your mood",,,For sale,1.0.0,Yes,mjk_Ska,2420,TMiRa4nHYSbtCx4Em,0974
K.K. Slack-Key,,,3200,800.0,103,Brown,Red,1x1,K.K. concert; Nook Shopping Daily Selection,"Possible song K.K. will play when choosing ""Laid-back."" as your mood",,,For sale,2.0.0,Yes,mjk_Slackkey,7659,gChZYnRCG8qsFg6yt,1DEB
K.K. Sonata,,,3200,800.0,103,Brown,White,1x1,K.K. concert; Nook Shopping Daily Selection,"Possible song K.K. will play when choosing ""A little blue..."" as your mood",,,For sale,1.0.0,Yes,mjk_Sonata,2479,zxHYzEN2Q7gt5JYMm,09AF
K.K. Song,,,3200,800.0,103,Brown,Colorful,1x1,K.K. concert; Nook Shopping Daily Selection,"Possible song K.K. will play when choosing ""It's hard to say."" as your mood",,,For sale,1.0.0,Yes,mjk_KekeSong,2457,xjLPmvzuXaBSZx4Fy,0999
K.K. Soul,,,3200,800.0,103,Brown,Black,1x1,K.K. concert; Nook Shopping Daily Selection,"Possible song K.K. will play when choosing ""It's hard to say."" as your mood",,,For sale,1.0.0,Yes,mjk_Soul,2438,mXvujh5YZscWL5pKg,0986
K.K. Steppe,,,3200,800.0,103,Brown,Colorful,1x1,K.K. concert; Nook Shopping Daily Selection,"Possible song K.K. will play when choosing ""A little grumpy..."" as your mood",,,For sale,1.0.0,Yes,mjk_Cossack,2426,mGhDWyj7f83gryu4g,097A
K.K. Stroll,,,3200,800.0,103,Brown,White,1x1,K.K. concert; Nook Shopping Daily Selection,"Possible song K.K. will play when choosing ""Laid-back."" as your mood",,,For sale,1.0.0,Yes,mjk_Osanpo,2481,QmR5zsjrqjsYdDcYy,09B1
K.K. Swing,,,3200,800.0,103,Brown,Beige,1x1,K.K. concert; Nook Shopping Daily Selection,"Possible song K.K. will play when choosing ""Laid-back."" as your mood",,,For sale,1.0.0,Yes,mjk_Swing,2408,BxCLYKFj8yeJMqxwD,0968
K.K. Synth,,,3200,800.0,103,Brown,White,1x1,K.K. concert; Nook Shopping Daily Selection,"Possible song K.K. will play when choosing ""Laid-back."" as your mood",,,For sale,1.0.0,Yes,mjk_Electronica,2493,S7sa9ugfRSHNPr9zX,09BD
K.K. Tango,,,3200,800.0,103,Brown,Black,1x1,K.K. concert; Nook Shopping Daily Selection,"Possible song K.K. will play when choosing ""A little grumpy..."" as your mood",,,For sale,1.0.0,Yes,mjk_Tango,2421,9gwFYo6HKxqfxnimX,0975
K.K. Technopop,,,3200,800.0,103,Brown,Black,1x1,K.K. concert; Nook Shopping Daily Selection,"Possible song K.K. will play when choosing ""It's hard to say."" as your mood",,,For sale,1.0.0,Yes,mjk_TechnoBeat,2442,opZrX852viqZH7RJX,098A
K.K. Waltz,,,3200,800.0,103,Brown,Red,1x1,K.K. concert; Nook Shopping Daily Selection,"Possible song K.K. will play when choosing ""A little blue..."" as your mood",,,For sale,1.0.0,Yes,mjk_Waltz,2407,pYKWYuRTejcTphjzd,0967
K.K. Western,,,3200,800.0,103,Brown,Gray,1x1,K.K. concert; Nook Shopping Daily Selection,"Possible song K.K. will play when choosing ""A little blue..."" as your mood",,,For sale,1.0.0,Yes,mjk_Western,2452,AnjsMygxJozFjZCGC,0994
King K.K.,,,3200,800.0,103,Brown,Yellow,1x1,K.K. concert; Nook Shopping Daily Selection,"Possible song K.K. will play when choosing ""A little blue..."" as your mood",,,For sale,1.0.0,Yes,mjk_Daimyo,2466,B6siK6dLxCJACfGZY,09A2
Lucky K.K.,,,3200,800.0,103,Brown,White,1x1,K.K. concert; Nook Shopping Daily Selection,"Possible song K.K. will play when choosing ""A little grumpy..."" as your mood",,,For sale,1.0.0,Yes,mjk_Irish,2424,jCGA9eAgRjkLuNf2q,0978
Marine Song 2001,,,3200,800.0,103,Brown,Aqua,1x1,K.K. concert; Nook Shopping Daily Selection,"Possible song K.K. will play when choosing ""Laid-back."" as your mood",,,For sale,1.0.0,Yes,mjk_HunaUta2001,2468,F8BvgZMycRgAjJv2A,09A4
Mountain Song,,,3200,800.0,103,Brown,Aqua,1x1,K.K. concert; Nook Shopping Daily Selection,"Possible song K.K. will play when choosing ""I feel good!"" as your mood",,,For sale,1.0.0,Yes,mjk_Alpine,2467,5gDvnQ4uLnLwL85MK,09A3
Mr. K.K.,,,3200,800.0,103,Brown,Beige,1x1,K.K. concert; Nook Shopping Daily Selection,"Possible song K.K. will play when choosing ""Laid-back."" as your mood",,,For sale,1.0.0,Yes,mjk_Sensei,2453,tGCobmkpe7AKsPmyn,0995
My Place,,,3200,800.0,103,Brown,Green,1x1,K.K. concert; Nook Shopping Daily Selection,"Possible song K.K. will play when choosing ""Laid-back."" as your mood",,,For sale,1.0.0,Yes,mjk_BokuNoBasho,2460,gQvdSw38P4QZwpkCh,099C
Neapolitan,,,3200,800.0,103,Brown,Black,1x1,K.K. concert; Nook Shopping Daily Selection,"Possible song K.K. will play when choosing ""I feel good!"" as your mood",,,For sale,1.0.0,Yes,mjk_Napolitan,2469,GDhwzHPsaEws6ciix,09A5
Only Me,,,3200,800.0,103,Brown,Gray,1x1,K.K. concert; Nook Shopping Daily Selection,"Possible song K.K. will play when choosing ""A little blue..."" as your mood",,,For sale,1.0.0,Yes,mjk_OnlyMe,2444,wwhnr7dEdx36E8SRv,098C
Pondering,,,3200,800.0,103,Brown,Black,1x1,K.K. concert; Nook Shopping Daily Selection,"Possible song K.K. will play when choosing ""Laid-back."" as your mood",,,For sale,1.0.0,Yes,mjk_KangaeChu,2463,Gkk2Ck8DK627tiZkS,099F
Rockin' K.K.,,,3200,800.0,103,Brown,Black,1x1,K.K. concert; Nook Shopping Daily Selection,"Possible song K.K. will play when choosing ""A little grumpy..."" as your mood",,,For sale,1.0.0,Yes,mjk_RocknRoll,2432,asXTn3mfi7tzowcuj,0980
Soulful K.K.,,,3200,800.0,103,Brown,Orange,1x1,K.K. concert; Nook Shopping Daily Selection,"Possible song K.K. will play when choosing ""Laid-back."" as your mood",,,For sale,1.0.0,Yes,mjk_Gospel,2437,g2F79ptmGzFrrFf55,0985
Space K.K.,,,3200,800.0,103,Brown,White,1x1,K.K. concert; Nook Shopping Daily Selection,"Possible song K.K. will play when choosing ""It's hard to say."" as your mood",,,For sale,1.0.0,Yes,mjk_Minimal,2483,WbnqF3FqDQYJwfXed,09B3
Spring Blossoms,,,3200,800.0,103,Brown,Pink,1x1,K.K. concert; Nook Shopping Daily Selection,"Possible song K.K. will play when choosing ""I feel good!"" as your mood",,,For sale,1.0.0,Yes,mjk_HaruNoKomorebi,2476,q4ZmbxwwgjaNzvR4e,09AC
Stale Cupcakes,,,3200,800.0,103,Brown,Blue,1x1,K.K. concert; Nook Shopping Daily Selection,"Possible song K.K. will play when choosing ""A little blue..."" as your mood",,,For sale,1.0.0,Yes,mjk_BlueOnigiri,2475,wh9i62k97gw3B34ER,09AB
Steep Hill,,,3200,800.0,103,Brown,Orange,1x1,K.K. concert; Nook Shopping Daily Selection,"Possible song K.K. will play when choosing ""A little blue..."" as your mood",,,For sale,1.0.0,Yes,mjk_NiDanZaka,2470,v3WHjrpgdgeZ3jaFC,09A6
Surfin' K.K.,,,3200,800.0,103,Brown,Blue,1x1,K.K. concert; Nook Shopping Daily Selection,"Possible song K.K. will play when choosing ""A little grumpy..."" as your mood",,,For sale,1.0.0,Yes,mjk_Eleki,2446,HEX474yLBRZ5xY5Pv,098E
The K. Funk,,,3200,800.0,103,Brown,Orange,1x1,K.K. concert; Nook Shopping Daily Selection,"Possible song K.K. will play when choosing ""It's hard to say."" as your mood",,,For sale,1.0.0,Yes,mjk_Funk,2435,8ciaF2Yxuhc5Jqpar,0983
To the Edge,,,3200,800.0,103,Brown,White,1x1,K.K. concert; Nook Shopping Daily Selection,"Possible song K.K. will play when choosing ""It's hard to say."" as your mood",,,For sale,1.0.0,Yes,mjk_NamiNami,2462,P5ABGwMHvnYiFHcQN,099E
Two Days Ago,,,3200,800.0,103,Brown,Black,1x1,K.K. concert; Nook Shopping Daily Selection,"Possible song K.K. will play when choosing ""A little blue..."" as your mood",,,For sale,1.0.0,Yes,mjk_Ototoi,2459,AzAHbHLA9oY2ihxrq,099B
Wandering,,,3200,800.0,103,Brown,Gray,1x1,K.K. concert; Nook Shopping Daily Selection,"Possible song K.K. will play when choosing ""Laid-back."" as your mood",,,For sale,1.0.0,Yes,mjk_Horo,2477,eDgjD4iS8sHZ64k3k,09AD
Welcome Horizons,,,NFS,800.0,103,Brown,,1x1,K.K. concert,Received on your first time seeing K.K. perform,,,Not for sale,1.0.0,Yes,mjk_MainTheme,4318,eBR8TwgdbAKWEQc3T,10DE
