Name,Image,DIY,Buy,Sell,Color 1,Color 2,Size,Size Category,Exchange Price,Exchange Currency,Source,Source Notes,Season/Event,Season/Event Exclusive,HHA Base Points,HHA Concept 1,HHA Concept 2,HHA Series,Tag,Catalog,Version Added,Unlocked?,Filename,Internal ID,Unique Entry ID,Internal ID as hex
acorn rug,,Yes,NFS,2400,Brown,Beige,3x3,Medium,,,Crafting,,acorns and pine cones,Yes,201,nature,,tree's bounty or leaves,Park Rugs,Not for sale,2.0.0,Yes,RugOtherAcornM00,12335,Y2BtGdBHjHDAZ5aMi,302F
aluminum rug,,No,1500,375,Gray,Gray,3x2,Medium,,,Saharah; Saharah's Co-op,,,,137,garden,outdoors,,Slender Rugs,For sale,1.0.0,Yes,RugRectAluminumM00,7356,vFkuGbx8Sh2MDLEsq,1CBC
apple rug,,Yes,NFS,1200,Red,Red,3x3,Medium,,,Crafting,,,,103,fancy,child's room,fruits,Fruit Rugs,Not for sale,1.0.0,Yes,RugOtherAppleM00,7327,5GsjYsaz9NDtQ6QFB,1C9F
Bell-bag rug,,No,NFS,6000,Yellow,Yellow,3x3,Medium,1200.0,Nook Miles,Nintendo; Nook Miles Redemption,Mailed to players after the 1.2.0 update in a letter from Bank of Nook,,,151,expensive,,,Park Rugs,Not for sale,1.2.0,Yes,RugOtherBellM00,12214,KfRapmYKpizqQWzCg,2FB6
black blocks rug,,No,1500,375,Black,Gray,3x3,Medium,,,Saharah; Saharah's Co-op,,,,137,living room,,,Pattern Rugs,For sale,1.0.0,Yes,RugSquareBlockM03,11104,4kj8FXzMTqvZvqEra,2B60
black wooden-deck rug,,No,1500,375,Black,Black,3x2,Medium,,,Saharah; Saharah's Co-op,,,,137,outdoors,garden,,Wood Rugs,For sale,1.0.0,Yes,RugRectDeckM03,7382,kQDKkEGfdAjqPxd4w,1CD6
black-design kitchen mat,,No,1000,250,Black,Orange,2x1,Small,,,Saharah; Saharah's Co-op,,,,89,kitchen,,,Kitchen Rugs,For sale,1.0.0,Yes,RugRectNativeKitchenS03,7594,G7CAPiAEpYv6QKbsL,1DAA
blue argyle rug,,No,2000,500,Blue,Green,4x3,Large,,,Saharah; Saharah's Co-op,,,,253,living room,expensive,,Slender Pattern Rugs,For sale,1.0.0,Yes,RugRectArgyleL02,8467,uw8DvCwwBia7ozA72,2113
blue blocks rug,,No,1500,375,Blue,Blue,3x3,Medium,,,Saharah; Saharah's Co-op,,,,137,living room,,,Pattern Rugs,For sale,1.0.0,Yes,RugSquareBlockM01,11102,Mjxd8kenDFZgTFXcm,2B5E
blue dotted rug,,No,2000,500,Blue,Blue,4x3,Large,,,Saharah; Saharah's Co-op,,,,253,fancy,child's room,,Slender Pattern Rugs,For sale,1.0.0,Yes,RugRectDotL03,7467,JAAx9zSMrjXKKw2ij,1D2B
blue exercise mat,,No,1500,375,Blue,Blue,3x2,Medium,,,Saharah's Co-op,,,,137,sports,school,,Slender Rugs,For sale,2.0.0,Yes,RugRectMatM01,12387,DdiGJyEREa2QAMXRM,3063
blue Hawaiian quilt rug,,No,2000,500,Aqua,White,4x4,Large,,,Saharah's Co-op,,,,253,,,,Pattern Rugs,For sale,2.0.0,Yes,RugSquareHawaiianL00,12391,L3nBtt43WwHPYTpDE,3067
blue kilim-style carpet,,No,2000,500,Blue,Black,5x5,Large,,,Saharah; Saharah's Co-op,,,,253,living room,,,Pattern Rugs,For sale,1.0.0,Yes,RugSquareKirimL01,9316,MhvdxvmyKtddid2G2,2464
blue kitchen mat,,No,1000,250,Blue,Blue,2x1,Small,,,Saharah; Saharah's Co-op,,,,89,kitchen,,,Kitchen Rugs,For sale,1.0.0,Yes,RugRectKitchenS02,8394,SLBDbK365pHRnKE5k,20CA
blue medium round mat,,No,1500,375,Blue,Blue,3x3,Medium,,,Saharah; Saharah's Co-op,,,,137,living room,child's room,,Shaggy Round Rugs,For sale,1.0.0,Yes,RugRoundSimpleM02,9546,JfLKCbWRz4CozZYpH,254A
blue message mat,,No,1000,250,Blue,Blue,2x1,Small,,,Saharah; Saharah's Co-op,,,,89,child's room,,,Message Mats,For sale,1.0.0,Yes,RugOtherMessageS01,9310,5grLuDzGkNL4DYk4r,245E
blue Persian rug,,No,2000,500,Blue,Beige,5x5,Large,,,Saharah; Saharah's Co-op,,,,253,expensive,living room,,Pattern Rugs,For sale,1.0.0,Yes,RugSquarePersianL01,8035,CDY97qjWg4xG6egyS,1F63
blue shaggy rug,,No,2000,500,Blue,Blue,5x5,Large,,,Saharah; Saharah's Co-op,,,,253,living room,,,Pattern Rugs,For sale,1.0.0,Yes,RugSquareShaggyL02,9564,v4ZJPY2ToZPHXp6KH,255C
blue small round mat,,No,1000,250,Blue,Blue,2x2,Small,,,Saharah; Saharah's Co-op,,,,89,living room,child's room,,Shaggy Round Rugs,For sale,1.0.0,Yes,RugRoundSimpleS02,9549,BxaqCsC7TqwGdHpib,254D
blue stripes rug,,No,2000,500,Blue,White,4x3,Large,,,Saharah; Saharah's Co-op,,,,253,fancy,child's room,,Slender Pattern Rugs,For sale,1.0.0,Yes,RugRectBorderL02,7533,dAHzKeTqwA9wD2yfa,1D6D
blue vinyl sheet,,No,1500,375,Blue,Colorful,3x2,Medium,,,Saharah; Saharah's Co-op,,,,137,ocean,resort,,Slender Pattern Rugs,For sale,1.0.0,Yes,RugRectVinylM01,7404,b8xZjiyqLPWJsgt73,1CEC
blue wavy rug,,No,2000,500,Blue,Aqua,4x3,Large,,,Saharah; Saharah's Co-op,,,,253,living room,child's room,,Slender Pattern Rugs,For sale,1.0.0,Yes,RugRectWaveL02,7458,SbRQxAyR7EZSRBb4j,1D22
blue wedding rug,,No,NFS,375,Aqua,Aqua,3x2,Medium,4.0,Heart Crystals,Cyrus,,Wedding Season,Yes,437,party,fancy,wedding,Slender Pattern Rugs,Not for sale,1.2.0,Yes,RugRectJuneBrideM00,12462,ghEfAZG8Lt5sb8nt3,30AE
blue-design kitchen mat,,No,1000,250,Blue,Black,2x1,Small,,,Saharah; Saharah's Co-op,,,,89,kitchen,,,Kitchen Rugs,For sale,1.0.0,Yes,RugRectNativeKitchenS01,7595,DiEHu3wPobZXzhhp8,1DAB
bone entrance mat,,No,1000,250,Green,Green,2x1,Small,,,Saharah's Co-op,,,,89,living room,child's room,,Icon Rugs,For sale,2.0.0,Yes,RugOtherBoneS00,12363,udGT7fiMezZW5ptrC,304B
botanical rug,,No,2000,500,Green,Green,4x3,Large,,,Saharah; Saharah's Co-op,,,,253,living room,,,Slender Pattern Rugs,For sale,1.0.0,Yes,RugRectBotanicalL00,7353,nEqsaya7wt6FsWwDC,1CB9
brown argyle rug,,No,2000,500,Brown,Yellow,4x3,Large,,,Saharah; Saharah's Co-op,,,,253,living room,expensive,,Slender Pattern Rugs,For sale,1.0.0,Yes,RugRectArgyleL03,8468,yrQTuyQr2m6axKkr2,2114
brown cow-print rug,,No,1500,375,Brown,White,3x2,Medium,,,Saharah's Co-op,,,,137,living room,expensive,,Slender Pattern Rugs,For sale,2.0.0,Yes,RugOtherAnimalM00,14191,KJwqjJp9YWCALKSNd,376F
brown kitchen mat,,No,1000,250,Brown,Brown,2x1,Small,,,Saharah; Saharah's Co-op,,,,89,kitchen,,,Kitchen Rugs,For sale,1.0.0,Yes,RugRectKitchenS00,7341,2ya9gAeftrSe4YSmE,1CAD
brown shaggy rug,,No,2000,500,Brown,Brown,5x5,Large,,,Saharah; Saharah's Co-op,,,,253,living room,,,Pattern Rugs,For sale,1.0.0,Yes,RugSquareShaggyL01,9563,cAFej6s3C7T3DYykj,255B
brown wooden-deck rug,,No,1500,375,Brown,Brown,3x2,Medium,,,Saharah; Saharah's Co-op,,,,137,outdoors,garden,,Wood Rugs,For sale,1.0.0,Yes,RugRectDeckM00,7323,MSPQjkRRMRGNRTeEt,1C9B
Bunny Day rug,,Yes,NFS,2400,Colorful,Colorful,3x3,Medium,,,Crafting,,Bunny Day (days before); Bunny Day,Yes,351,fancy,child's room,Bunny Day,Icon Rugs,Not for sale,1.1.0,Yes,RugOtherEasterM00,7546,6tC8Zhswobdah6ftE,1D7A
cherry rug,,Yes,NFS,1200,Red,Red,3x3,Medium,,,Crafting,,,,103,fancy,child's room,fruits,Fruit Rugs,Not for sale,1.0.0,Yes,RugOtherCherryM00,7328,R9Bxb8FQw7Fj2YuCa,1CA0
cherry-blossom rug,,Yes,NFS,2400,Pink,Pink,3x3,Medium,,,Crafting,,cherry-blossom petals,Yes,103,fancy,harmonious,cherry blossoms,Icon Rugs,Not for sale,2.0.0,Yes,RugOtherSakuraM00,12351,CcifD7vuYJm5bwrZ5,303F
Cinnamoroll rug,,No,1500,375,White,Aqua,3x3,Medium,,,Nook Shopping Promotion,Scan the associated Sanrio amiibo card,,,201,fancy,child's room,Cinnamoroll,Sanrio Rugs,Not in catalog,1.9.0,Yes,RugOtherCinnamonM00,12288,QGLTyMNpsBoKRTcZ7,3000
coconut mat,,No,1000,250,Brown,Brown,2x1,Small,,,Saharah's Co-op,,,,89,café,,,Slender Rugs,For sale,2.0.0,Yes,RugRectCoconutmatS00,13057,EjrmBRgYWehusZa2N,3301
colorful vinyl sheet,,No,1500,375,Colorful,Colorful,3x2,Medium,,,Saharah; Saharah's Co-op,,,,137,ocean,resort,,Slender Pattern Rugs,For sale,1.0.0,Yes,RugRectVinylM00,7359,FAAQgrJJM4svoYJb8,1CBF
cookie rug,,No,1500,375,Orange,Yellow,3x3,Medium,,,Saharah's Co-op,,,,137,,,,Icon Rugs,For sale,2.0.0,Yes,RugRoundBiscuitM00,12219,fZLyR8EQBdjPaM3DL,2FBB
dark bamboo bath mat,,Yes,NFS,480,Brown,Brown,2x1,Small,,,Crafting,,,,103,harmonious,public bath,bamboo,Wood Rugs,Not for sale,2.0.0,Yes,RugRectBambooS01,12400,Zsefv3Y8qxYqEy3HE,3070
dark bamboo rug,,Yes,NFS,960,Brown,Brown,3x2,Medium,,,Crafting,,,,103,harmonious,retro,bamboo,Wood Rugs,Not for sale,1.0.0,Yes,RugRectBambooM01,11114,yC3qR56GTSs3PZuJi,2B6A
dark square tile,,No,1000,250,Black,Black,2x2,Small,,,Saharah's Co-op,,,,89,living room,facility,,Wood Rugs,For sale,2.0.0,Yes,RugSquareWoodS03,13592,RTxLCmZR43xEhpShK,3518
dark stones rug,,No,1000,250,Black,Black,2x2,Small,,,Saharah's Co-op,,,,89,garden,European,,Pattern Rugs,For sale,2.0.0,Yes,RugSquareStoneS01,13594,bJHqqykWdvmzJ9EJT,351A
dark-wood flooring sheet,,No,1000,250,Brown,Brown,2x1,Small,,,Saharah's Co-op,,,,89,shop,apparel shop,,Wood Rugs,For sale,2.0.0,Yes,RugRectDisplayStandS02,14039,x2syTNwYeaW4Mxq87,36D7
dark-wood flooring tile,,No,1000,250,Brown,Brown,1x1,Small,,,Saharah's Co-op,,,,89,apparel shop,facility,,Wood Rugs,For sale,2.0.0,Yes,RugSquareDisplayStandS02,14036,4mY6nD2swycxSXQku,36D4
Earth rug,,No,1500,375,Blue,White,3x3,Medium,,,Saharah; Saharah's Co-op,,,,137,space,sci-fi,,Icon Rugs,For sale,1.0.0,Yes,RugRoundEarthM00,7357,RPF9JQeXN8cD4afuE,1CBD
elegant beige rug,,No,2000,500,Beige,Beige,4x4,Large,,,Saharah's Co-op,,,,253,,,,Pattern Rugs,For sale,2.0.0,Yes,RugSquareElegantL01,14144,uz8vNGT54vMG3XjvJ,3740
elegant black rug,,No,2000,500,Black,Black,4x4,Large,,,Saharah's Co-op,,,,253,,,,Pattern Rugs,For sale,2.0.0,Yes,RugSquareElegantL02,14146,FqtWjzFN4t2zfbSFw,3742
elegant blue rug,,No,2000,500,Blue,Aqua,4x4,Large,,,Saharah's Co-op,,,,253,,,,Pattern Rugs,For sale,2.0.0,Yes,RugSquareElegantL03,14145,Lrv8sqJR58fnEBoCH,3741
elegant brown rug,,No,2000,500,Brown,Brown,4x4,Large,,,Saharah's Co-op,,,,253,,,,Pattern Rugs,For sale,2.0.0,Yes,RugSquareElegantL00,14012,TFoCKovb9EWhomZRA,36BC
festive rug,,Yes,NFS,1500,Brown,Colorful,4x4,Large,,,Crafting,,ornaments,Yes,201,party,fancy,festive,Pattern Rugs,Not for sale,1.6.0,Yes,RugSquareChristmasL00,7544,gtnhB8Je9YTRgmJgE,1D78
fish rug,,No,NFS,375,Aqua,Aqua,3x3,Medium,,,C.J.,,Fishing Tourney (Spring); Fishing Tourney (Summer); Fishing Tourney (Fall); Fishing Tourney (Winter),Yes,501,ocean,child's room,,Icon Rugs,Not for sale,1.0.0,Yes,RugOtherFishM00,7361,iWb2Ca8YMDYnpyDrx,1CC1
fluffy rug,,No,1500,375,White,White,3x3,Medium,,,Saharah; Saharah's Co-op,,,,137,fancy,child's room,,Icon Rugs,For sale,1.0.0,Yes,RugOtherCloudM00,7329,DKPzh943uZYKHKsX7,1CA1
football rug,,No,2000,500,Brown,White,3x3,Medium,,,Nook Shopping Seasonal,,Big Game Celebration,Yes,201,fitness,child's room,,Icon Rugs,Seasonal,1.7.0,Yes,RugOtherFootballM00,13904,r5zaZS3Ar6oHTkTGM,3650
fossil rug,,No,1500,375,Purple,White,3x3,Medium,,,Saharah; Saharah's Co-op,,,,137,fancy,child's room,,Park Rugs,For sale,1.0.0,Yes,RugOtherFossilM00,7366,P2tKuDsb8sxfpKXh3,1CC6
frozen floor tiles,,Yes,NFS,3200,Aqua,Aqua,2x2,Small,,,Crafting,,snowflakes,Yes,103,freezing cold,,frozen,Pattern Rugs,Not for sale,2.0.0,Yes,RugSquareIceS00,13572,RLGupv2AHKtPZSiMu,3504
glowing-moss rug,,Yes,NFS,300,Green,Green,3x2,Medium,,,Crafting,,,,103,nature,fantasy,,Slender Pattern Rugs,Not for sale,2.0.0,Yes,RugRectGlowMossM00,13877,h4TbbaAX8yuK99GcD,3635
gray brick rug,,No,1000,250,Gray,Gray,2x2,Small,,,Saharah's Co-op,,,,89,garden,European,,Pattern Rugs,For sale,2.0.0,Yes,RugSquareBrickS01,13597,ioDyQEaC2DhRyXQ67,351D
gray floor tiles,,No,1000,250,Black,Black,2x2,Small,,,Saharah's Co-op,,,,89,living room,facility,,Pattern Rugs,For sale,2.0.0,Yes,RugSquareTileS00,13566,BwxnCvAdHi2ipphjj,34FE
green bamboo mat,,Yes,NFS,480,Green,Green,2x1,Small,,,Crafting,,,,201,harmonious,garden,bamboo,Kitchen Rugs,Not for sale,2.0.0,Yes,RugRectBambooBathmatS00,12329,ZB86Sp2wk7jjmPFf8,3029
green checked rug,,No,2000,500,Green,Purple,4x4,Large,,,Saharah; Saharah's Co-op,,,,253,living room,child's room,,Pattern Rugs,For sale,1.0.0,Yes,RugSquareCheckQuiltL03,7464,hAYpTXLShJh7p5gcB,1D28
green exercise mat,,No,1500,375,Green,Green,3x2,Medium,,,Saharah's Co-op,,,,137,sports,school,,Slender Rugs,For sale,2.0.0,Yes,RugRectMatM02,12388,x2HEgGGPNS9b5tgGD,3064
green exquisite rug,,No,1000,250,Green,Yellow,2x1,Small,,,Saharah's Co-op,,,,89,harmonious,restaurant,,Slender Pattern Rugs,For sale,2.0.0,Yes,RugRectChinamatS01,12221,HSAXrcHbfgF4KEG5F,2FBD
green Hawaiian quilt rug,,No,2000,500,Green,White,4x4,Large,,,Saharah's Co-op,,,,253,,,,Pattern Rugs,For sale,2.0.0,Yes,RugSquareHawaiianL03,12392,KosWdPvmbZa9LCDn8,3068
green kilim-style carpet,,No,2000,500,Green,Green,5x5,Large,,,Saharah; Saharah's Co-op,,,,253,living room,,,Pattern Rugs,For sale,1.0.0,Yes,RugSquareKirimL02,9314,86w3TxnYsZLSzeX2q,2462
green kitchen mat,,No,1000,250,Green,Green,2x1,Small,,,Saharah; Saharah's Co-op,,,,89,kitchen,,,Kitchen Rugs,For sale,1.0.0,Yes,RugRectKitchenS03,8393,QpRcMgKRTNvayFdy9,20C9
green shaggy rug,,No,2000,500,Green,Green,5x5,Large,,,Saharah; Saharah's Co-op,,,,253,living room,,,Pattern Rugs,For sale,1.0.0,Yes,RugSquareShaggyL00,7354,hNWup2nSxzMMsGfyy,1CBA
green stripes rug,,No,2000,500,Green,White,4x3,Large,,,Saharah; Saharah's Co-op,,,,253,fancy,child's room,,Slender Pattern Rugs,For sale,1.0.0,Yes,RugRectBorderL03,7534,DEEzqeCYXaxA8i63W,1D6E
Hello Kitty rug,,No,1500,375,White,Red,3x3,Medium,,,Nook Shopping Promotion,Scan the associated Sanrio amiibo card,,,201,fancy,child's room,Hello Kitty,Sanrio Rugs,Not in catalog,1.9.0,Yes,RugOtherKittyM00,12291,gk42LeDJJsjsTeGfv,3003
imperial rug,,No,2000,500,Red,Red,4x4,Large,,,Saharah's Co-op,,,,253,harmonious,restaurant,,Pattern Rugs,For sale,2.0.0,Yes,RugSquareChinaL00,12395,ggoGewuex9epXNZaB,306B
iron entrance mat,,No,1000,250,Black,Black,2x1,Small,,,Saharah; Saharah's Co-op,,,,89,shop,café,iron,Slender Rugs,For sale,1.0.0,Yes,RugRectIronmatS00,7337,KaHhjd5QbpmmmhkCg,1CA9
ivory medium round mat,,No,1500,375,Beige,White,3x3,Medium,,,Saharah; Saharah's Co-op,,,,137,living room,child's room,,Shaggy Round Rugs,For sale,1.0.0,Yes,RugRoundSimpleM00,7325,ucw27wEffTFj9DK4v,1C9D
ivory simple bath mat,,No,1000,250,Beige,Beige,2x1,Small,,,Saharah; Saharah's Co-op,,,,89,bathroom,public bath,,Slender Rugs,For sale,1.0.0,Yes,RugRectBathmatS00,7333,iFx2DHj9qJsY8vzsT,1CA5
ivory small round mat,,No,1000,250,Beige,White,2x2,Small,,,Saharah; Saharah's Co-op,,,,89,living room,child's room,,Shaggy Round Rugs,For sale,1.0.0,Yes,RugRoundSimpleS00,7334,8to7AD6FkrkZkaKX5,1CA6
Kerokerokeroppi rug,,No,1500,375,Green,Beige,3x3,Medium,,,Nook Shopping Promotion,Scan the associated Sanrio amiibo card,,,201,garden,harmonious,Kerokerokeroppi,Sanrio Rugs,Not in catalog,1.9.0,Yes,RugRoundKeroppiM00,12289,smABvGpiNirHZ449q,3001
Kiki & Lala rug,,No,1500,375,Pink,Aqua,3x3,Medium,,,Nook Shopping Promotion,Scan the associated Sanrio amiibo card,,,201,fancy,child's room,Kiki & Lala,Sanrio Rugs,Not in catalog,1.9.0,Yes,RugOtherKikilalaM00,12290,7t6nDHA4oEok4fjPr,3002
lacy rug,,No,1500,375,Beige,White,3x3,Medium,,,Saharah; Saharah's Co-op,,,,137,fancy,expensive,,Shaggy Round Rugs,For sale,1.0.0,Yes,RugRoundLaceM00,7368,bzWc6Hh3tAnYcgh3f,1CC8
ladybug rug,,No,NFS,375,Red,Black,3x3,Medium,,,Flick,,Bug-Off (1); Bug-Off (2); Bug-Off (3); Bug-Off (4),Yes,501,fancy,child's room,,Icon Rugs,Not for sale,1.0.0,Yes,RugRoundLadybirdM00,7360,T7T3r6GJqfhndy5xp,1CC0
Lakitu's Cloud rug,,No,1500,375,White,White,3x3,Medium,,,Nook Shopping Promotion,Not available before March 1st 2021,,,201,fancy,child's room,Mario,Icon Rugs,Not in catalog,1.8.0,Yes,RugOtherMarioBM00,13873,H66iRYRxAHNP8bZdf,3631
large Paradise Planning rug,,No,NFS,500,Red,Red,4x4,Large,1800.0,Poki,Wardell,,Happy Home Paradise,Yes,151,,,,Pattern Rugs,Not for sale,2.0.0,Yes,RugSquarePatternL00,14706,9Nsr7mTBvgd4R7sxR,3972
LEGO® space logo rug,,No,1500,375,Yellow,Red,3x2,Medium,,,Nook Shopping Promotion,,,,201,child's room,space,LEGO®,RugLEGO,Not in catalog,3.0.0,Yes,RugOtherLEGOM00,1293,eAocrWuwiE9kiNMyX,050D
light bamboo bath mat,,Yes,NFS,1200,Beige,Brown,2x1,Small,,,Crafting,,young spring bamboo,Yes,201,harmonious,public bath,bamboo,Wood Rugs,Not for sale,2.0.0,Yes,RugRectBambooS00,12399,c8ssiZHTGjWaSrBtw,306F
light bamboo rug,,Yes,NFS,2400,Beige,Brown,3x2,Medium,,,Crafting,,young spring bamboo,Yes,201,harmonious,retro,bamboo,Wood Rugs,Not for sale,1.0.0,Yes,RugRectBambooM00,11113,c34AemWJDW8WvYGrm,2B69
light square tile,,No,1000,250,Beige,Beige,2x2,Small,,,Saharah's Co-op,,,,89,living room,facility,,Wood Rugs,For sale,2.0.0,Yes,RugSquareWoodS00,13568,iTXijyHZredEYXZDZ,3500
light stones rug,,No,1000,250,Gray,Gray,2x2,Small,,,Saharah's Co-op,,,,89,garden,European,,Pattern Rugs,For sale,2.0.0,Yes,RugSquareStoneS00,13567,MPfMGMqdjmur7L67z,34FF
light-brown cow-print rug,,No,1500,375,Brown,White,3x2,Medium,,,Saharah's Co-op,,,,137,living room,expensive,,Slender Pattern Rugs,For sale,2.0.0,Yes,RugOtherAnimalM01,14245,oe9tHv9xzH3pgEPvJ,37A5
light-wood flooring sheet,,No,1000,250,Beige,Beige,2x1,Small,,,Saharah's Co-op,,,,89,shop,apparel shop,,Wood Rugs,For sale,2.0.0,Yes,RugRectDisplayStandS00,13860,E2TyniSoRxLaPTe7P,3624
light-wood flooring tile,,No,1000,250,Beige,Beige,1x1,Small,,,Saharah's Co-op,,,,89,apparel shop,facility,,Wood Rugs,For sale,2.0.0,Yes,RugSquareDisplayStandS00,13861,3oPdNhD9Q9ueWso2N,3625
magic-circle rug,,No,1500,375,Purple,Purple,3x3,Medium,,,Saharah; Saharah's Co-op,,,,137,horror,,,Shaggy Round Rugs,For sale,1.0.0,Yes,RugRoundMagicM00,7367,77PHyfuxLmPTgriT2,1CC7
maple-leaf rug,,Yes,NFS,2400,Red,Orange,3x3,Medium,,,Crafting,,maple leaves,Yes,201,harmonious,garden,tree's bounty or leaves,Icon Rugs,Not for sale,2.0.0,Yes,RugOtherMapleM00,12390,2SeNZcru6oTK6S8YJ,3066
mermaid rug,,Yes,NFS,10360,Aqua,Pink,3x3,Medium,,,Crafting,,,,451,ocean,fancy,mermaid,Icon Rugs,Not for sale,1.3.0,Yes,RugOtherMermaidM00,12563,WfJHsYQ4KETP2yDEs,3113
modern wavy rug,,No,2000,500,Colorful,Colorful,4x3,Large,,,Saharah; Saharah's Co-op,,,,253,living room,child's room,,Slender Pattern Rugs,For sale,1.0.0,Yes,RugRectWaveL00,7350,tfdJqWZ2ETosBdHem,1CB6
Mom's cool kitchen mat,,No,NFS,88,Aqua,Aqua,2x1,Small,,,Mom,Received in November in the Northern Hemisphere and received in May in the Southern Hemisphere,,,365,fancy,kitchen,motherly,Kitchen Rugs,Not for sale,1.0.0,Yes,RugRectMomS00,7402,QR6HWdrKgLeoFAkzR,1CEA
Mom's lively kitchen mat,,No,NFS,88,Yellow,Yellow,2x1,Small,,,Mom,Received in November in the Northern Hemisphere and received in May in the Southern Hemisphere,,,365,fancy,kitchen,motherly,Kitchen Rugs,Not for sale,1.0.0,Yes,RugRectMomS02,9543,MvLXeraTpCoKRqmWA,2547
Mom's playful kitchen mat,,No,NFS,88,Pink,Pink,2x1,Small,,,Mom,Received in November in the Northern Hemisphere and received in May in the Southern Hemisphere,,,365,fancy,kitchen,motherly,Kitchen Rugs,Not for sale,1.0.0,Yes,RugRectMomS01,9542,3F5HHssaHXMit7YMH,2546
Mom's reliable kitchen mat,,No,NFS,88,Purple,Purple,2x1,Small,,,Mom,Received in November in the Northern Hemisphere and received in May in the Southern Hemisphere,,,365,fancy,kitchen,motherly,Kitchen Rugs,Not for sale,1.0.0,Yes,RugRectMomS03,9541,pe2KbbDbmkWPyd56c,2545
monochromatic dotted rug,,No,2000,500,Black,White,4x3,Large,,,Saharah; Saharah's Co-op,,,,253,fancy,child's room,,Slender Pattern Rugs,For sale,1.0.0,Yes,RugRectDotL00,7349,n7kdsLeGa9sFzPfYR,1CB5
monochromatic wavy rug,,No,2000,500,Black,White,4x3,Large,,,Saharah; Saharah's Co-op,,,,253,living room,child's room,,Slender Pattern Rugs,For sale,1.0.0,Yes,RugRectWaveL01,7456,KEQx7PcEYYP5C8QGW,1D20
moon rug,,No,2000,500,Yellow,Yellow,3x3,Medium,,,Nook Shopping Seasonal,,Moon-Viewing Day,Yes,201,space,harmonious,stars,Shaggy Round Rugs,Seasonal,1.4.0,Yes,RugRoundMoonM00,13287,ZSc6ADmEcAnG92DWv,33E7
mush rug,,No,1500,375,Red,Red,3x3,Medium,,,Saharah; Saharah's Co-op,,,,137,fancy,child's room,mush,Icon Rugs,For sale,1.0.0,Yes,RugOtherMushM00,7363,deKdNh2bu4udJ5zYx,1CC3
My Melody rug,,No,1500,375,Pink,White,3x3,Medium,,,Nook Shopping Promotion,Scan the associated Sanrio amiibo card,,,201,fancy,child's room,My Melody,Sanrio Rugs,Not in catalog,1.9.0,Yes,RugOtherMymelodyM00,12292,yrbMifhEWhbM6A7nv,3004
natural wooden-deck rug,,No,1500,375,Brown,Brown,3x2,Medium,,,Saharah; Saharah's Co-op,,,,137,outdoors,garden,,Wood Rugs,For sale,1.0.0,Yes,RugRectDeckM01,7380,4xyhHztk2b3GbRKu6,1CD4
natural-wood flooring sheet,,No,1000,250,Beige,Beige,2x1,Small,,,Saharah's Co-op,,,,89,shop,apparel shop,,Wood Rugs,For sale,2.0.0,Yes,RugRectDisplayStandS01,14040,AZNySSdAmQkzWn6XX,36D8
natural-wood flooring tile,,No,1000,250,Beige,Beige,1x1,Small,,,Saharah's Co-op,,,,89,apparel shop,facility,,Wood Rugs,For sale,2.0.0,Yes,RugSquareDisplayStandS01,14037,pfHmxKED8rbMj57XC,36D5
natural-wood square tile,,No,1000,250,Brown,Brown,2x2,Small,,,Saharah's Co-op,,,,89,living room,facility,,Wood Rugs,For sale,2.0.0,Yes,RugSquareWoodS02,13593,yhxQcsvCcLgMFcCmN,3519
Nook Inc. botanical rug,,No,NFS,5000,Yellow,Green,3x3,Medium,1000.0,Nook Miles,Nook Miles Redemption,,,,151,fancy,living room,,Park Rugs,Not for sale,1.1.0,Yes,RugOtherTanukiM00,12325,WiHenFMXuxj7q2rgq,3025
Nook Inc. rug,,No,NFS,5000,Green,Green,3x3,Medium,1000.0,Nook Miles,Nook Miles Redemption,,,,151,fancy,child's room,,Park Rugs,Not for sale,1.0.0,Yes,RugOtherLeafM00,7364,HFmdcXn43ApSRKdk4,1CC4
Nook Inc. silk rug,,No,NFS,3000,Green,Green,4x3,Large,600.0,Nook Miles,Nook Miles Redemption,Requires a Nintendo Switch Online membership,,,89,facility,shop,,Slender Pattern Rugs,Not for sale,1.1.0,Yes,RugRectTanukiL00,12396,XQ72LLzAakWbavKFr,306C
orange rug,,Yes,NFS,1200,Orange,Orange,3x3,Medium,,,Crafting,,,,103,fancy,child's room,fruits,Fruit Rugs,Not for sale,1.0.0,Yes,RugOtherOrangeM00,7330,cXGa9CDpwXcCMzQw2,1CA2
oval entrance mat,,No,1000,250,Blue,Blue,2x1,Small,,,Saharah; Saharah's Co-op,,,,89,living room,,,Slender Rugs,For sale,1.0.0,Yes,RugOtherCountryS00,7370,TJaw3inQooLN9DXGt,1CCA
peach checked rug,,No,2000,500,Pink,Aqua,4x4,Large,,,Saharah; Saharah's Co-op,,,,253,living room,child's room,,Pattern Rugs,For sale,1.0.0,Yes,RugSquareCheckQuiltL02,7463,QLtQLYyCeg7A28tzC,1D27
peach rug,,Yes,NFS,1200,Pink,Pink,3x3,Medium,,,Crafting,,,,103,fancy,child's room,fruits,Fruit Rugs,Not for sale,1.0.0,Yes,RugOtherPeachM00,7331,tqGgxHpeDfRCGRrjY,1CA3
peach stripes rug,,No,2000,500,Pink,White,4x3,Large,,,Saharah; Saharah's Co-op,,,,253,fancy,child's room,,Slender Pattern Rugs,For sale,1.0.0,Yes,RugRectBorderL01,7532,LGhZCR8PgGQJYqST9,1D6C
pear rug,,Yes,NFS,1200,Green,Green,3x3,Medium,,,Crafting,,,,103,fancy,child's room,fruits,Fruit Rugs,Not for sale,1.0.0,Yes,RugOtherPearM00,7332,hLakk5wPNF2RHRCHR,1CA4
pink Hawaiian quilt rug,,No,2000,500,Pink,White,4x4,Large,,,Saharah's Co-op,,,,253,,,,Pattern Rugs,For sale,2.0.0,Yes,RugSquareHawaiianL02,12393,SRMw5MpysCbKEKg8t,3069
pink heart rug,,No,1500,375,Pink,Pink,3x3,Medium,,,Saharah; Saharah's Co-op,,,,137,fancy,child's room,,Heart Rugs,For sale,1.0.0,Yes,RugOtherHeartM00,7322,TY5kKqhPpxgifmRJF,1C9A
pink rose rug,,No,1500,375,Pink,Pink,3x3,Medium,,,Saharah; Saharah's Co-op,,,,137,fancy,expensive,,Rose Rug,For sale,1.0.0,Yes,RugOtherRoseM00,7365,adYBsXgG3etWwtsds,1CC5
pirate rug,,No,NFS,375,Beige,Beige,3x2,Medium,,,Gullivarrr,,,,451,ocean,horror,pirate,Slender Pattern Rugs,Not for sale,1.3.0,Yes,RugRectPiratesM00,12564,RPasRWt9A7bb4h4yv,3114
Pompompurin rug,,No,1500,375,Yellow,Yellow,3x3,Medium,,,Nook Shopping Promotion,Scan the associated Sanrio amiibo card,,,201,fancy,child's room,Pompompurin,Sanrio Rugs,Not in catalog,1.9.0,Yes,RugOtherPurinM00,12293,updiXar2svW2mCdva,3005
purple heart rug,,No,1500,375,Purple,Pink,3x3,Medium,,,Saharah; Saharah's Co-op,,,,137,fancy,child's room,,Heart Rugs,For sale,1.0.0,Yes,RugOtherHeartM02,7580,LzB8y9NY5cwZJETQy,1D9C
purple Persian rug,,No,2000,500,Purple,Beige,5x5,Large,,,Saharah; Saharah's Co-op,,,,253,expensive,living room,,Pattern Rugs,For sale,1.0.0,Yes,RugSquarePersianL03,8037,QzKyWFwcBF6DNoMQS,1F65
purple shaggy rug,,No,2000,500,Purple,Purple,5x5,Large,,,Saharah; Saharah's Co-op,,,,253,living room,,,Pattern Rugs,For sale,1.0.0,Yes,RugSquareShaggyL03,9562,jYsKTqR44uCHSGbnE,255A
record rug,,No,1500,375,Black,Red,3x3,Medium,,,Saharah's Co-op,,,,137,,,,Icon Rugs,For sale,2.0.0,Yes,RugRoundRecordM00,12328,qj27J9JpEkG9g25Rm,3028
red argyle rug,,No,2000,500,Red,Red,4x3,Large,,,Saharah; Saharah's Co-op,,,,253,living room,expensive,,Slender Pattern Rugs,For sale,1.0.0,Yes,RugRectArgyleL01,8466,JcnvagFXFrtRojuX5,2112
red blocks rug,,No,1500,375,Red,Red,3x3,Medium,,,Saharah; Saharah's Co-op,,,,137,living room,,,Pattern Rugs,For sale,1.0.0,Yes,RugSquareBlockM00,11101,PWaKA8fJZfRLdgBjP,2B5D
red brick rug,,No,1000,250,Red,Brown,2x2,Small,,,Saharah's Co-op,,,,89,garden,European,,Pattern Rugs,For sale,2.0.0,Yes,RugSquareBrickS00,13571,8NahbkoGyfbwoySfM,3503
red carpet,,No,1500,375,Red,Red,3x2,Medium,,,Saharah; Saharah's Co-op,,,,137,expensive,party,,Slender Rugs,For sale,1.0.0,Yes,RugRectElegantM00,7348,DrZgYBvviB7CGP3nx,1CB4
red dotted rug,,No,2000,500,Red,Red,4x3,Large,,,Saharah; Saharah's Co-op,,,,253,fancy,child's room,,Slender Pattern Rugs,For sale,1.0.0,Yes,RugRectDotL02,7465,6KoyAtx4QA2BuXKea,1D29
red exercise mat,,No,1500,375,Red,Red,3x2,Medium,,,Saharah's Co-op,,,,137,sports,school,,Slender Rugs,For sale,2.0.0,Yes,RugRectMatM03,12389,NaSNe8vRWZbAZoebM,3065
red exquisite rug,,No,1000,250,Red,Red,2x1,Small,,,Saharah's Co-op,,,,89,harmonious,restaurant,,Slender Pattern Rugs,For sale,2.0.0,Yes,RugRectChinamatS00,12220,Nn6qx5QZw239ML4j2,2FBC
red kilim-style carpet,,No,2000,500,Red,Red,5x5,Large,,,Saharah; Saharah's Co-op,,,,253,living room,,,Pattern Rugs,For sale,1.0.0,Yes,RugSquareKirimL00,9313,dhvJNNbRm9qDxXrpJ,2461
red medium round mat,,No,1500,375,Red,Red,3x3,Medium,,,Saharah; Saharah's Co-op,,,,137,living room,child's room,,Shaggy Round Rugs,For sale,1.0.0,Yes,RugRoundSimpleM01,9545,Ev2FGNQPGqW8Nn7fk,2549
red message mat,,No,1000,250,Red,Red,2x1,Small,,,Saharah; Saharah's Co-op,,,,89,child's room,,,Message Mats,For sale,1.0.0,Yes,RugOtherMessageS03,9312,uYJPL9oP3tgpZHNhL,2460
red Persian rug,,No,2000,500,Red,Beige,5x5,Large,,,Saharah; Saharah's Co-op,,,,253,expensive,living room,,Pattern Rugs,For sale,1.0.0,Yes,RugSquarePersianL00,7347,ToTG8debi3YH93yqJ,1CB3
red rose rug,,No,1500,375,Red,Red,3x3,Medium,,,Saharah; Saharah's Co-op,,,,137,fancy,expensive,flowers,Rose Rug,For sale,1.0.0,Yes,RugOtherRoseM01,8758,cXt7bSZGo8G4MWZ3x,2236
red small round mat,,No,1000,250,Red,Red,2x2,Small,,,Saharah; Saharah's Co-op,,,,89,living room,child's room,,Shaggy Round Rugs,For sale,1.0.0,Yes,RugRoundSimpleS01,9548,z6C8NBYbSkshNZG7J,254C
red vinyl sheet,,No,1500,375,Red,Colorful,3x2,Medium,,,Saharah; Saharah's Co-op,,,,137,ocean,resort,,Slender Pattern Rugs,For sale,1.0.0,Yes,RugRectVinylM02,7405,2tPPLjzq42Z8wjtNv,1CED
red watermelon rug,,No,1500,375,Red,Green,3x3,Medium,,,Saharah's Co-op,,,,137,,,,Fruit Rugs,For sale,2.0.0,Yes,RugOtherWatermelonM00,12215,uAFL2apYYrYEZksq3,2FB7
red wavy rug,,No,2000,500,Red,Yellow,4x3,Large,,,Saharah; Saharah's Co-op,,,,253,living room,child's room,,Slender Pattern Rugs,For sale,1.0.0,Yes,RugRectWaveL03,7457,pPTXqs45y6k23f62j,1D21
red wedding rug,,No,NFS,375,Red,Red,3x2,Medium,4.0,Heart Crystals,Cyrus,,Wedding Season,Yes,437,party,fancy,wedding,Slender Pattern Rugs,Not for sale,1.2.0,Yes,RugRectJuneBrideM02,12465,LmxrQZwL5HrEzsHqK,30B1
red-and-blue checked rug,,No,2000,500,Red,Blue,4x4,Large,,,Saharah; Saharah's Co-op,,,,253,living room,child's room,,Pattern Rugs,For sale,1.0.0,Yes,RugSquareCheckQuiltL00,7343,zrouM9QCzYKg3kBcc,1CAF
red-design kitchen mat,,No,1000,250,Red,Black,2x1,Small,,,Saharah; Saharah's Co-op,,,,89,kitchen,,,Kitchen Rugs,For sale,1.0.0,Yes,RugRectNativeKitchenS00,7340,7KtKd8P5tbGSfG2qZ,1CAC
retro dotted rug,,No,2000,500,Green,Green,4x3,Large,,,Saharah; Saharah's Co-op,,,,253,fancy,child's room,,Slender Pattern Rugs,For sale,1.0.0,Yes,RugRectDotL01,7466,29Pm3PcqEJ3nP36sh,1D2A
rough rug,,No,1000,250,Brown,Brown,2x1,Small,,,Saharah; Saharah's Co-op,,,,89,school,facility,,Slender Rugs,For sale,1.0.0,Yes,RugRectDoormatS00,7324,oEg77tXhJ6GReb7gp,1C9C
round glowing-moss rug,,Yes,NFS,200,Green,Green,2x2,Small,,,Crafting,,,,103,nature,fantasy,,Shaggy Round Rugs,Not for sale,2.0.0,Yes,RugRoundGlowMossS00,13878,hBAApWnka5p3taup2,3636
round vine rug,,Yes,NFS,400,Green,Green,2x2,Small,,,Crafting,,,,103,nature,local,,Shaggy Round Rugs,Not for sale,2.0.0,Yes,RugRoundVineS00,13906,4swv5cokrfFG3Pvpw,3652
rubber mud mat,,No,1000,250,Green,Green,2x1,Small,,,Saharah; Saharah's Co-op,,,,89,school,,,Slender Rugs,For sale,1.0.0,Yes,RugRectRubberScraperS00,7339,Er4wGFd53SAq3zsGX,1CAB
shamrock rug,,No,1500,375,Green,Green,3x3,Medium,,,Nook Shopping Seasonal,,Shamrock Day,Yes,201,fancy,,,Icon Rugs,Seasonal,1.8.0,Yes,RugOtherShamrockM00,7547,FcnuoWDXY7oGanq74,1D7B
shanty mat,,No,2000,500,Brown,Beige,4x4,Large,,,Saharah; Saharah's Co-op,,,,253,harmonious,horror,,Simple Rugs,For sale,1.0.0,Yes,RugSquareOldStrawL00,7345,jLR8r3aHpRe4yJyxA,1CB1
shell rug,,Yes,NFS,5400,Beige,Pink,3x3,Medium,,,Crafting,,,,103,ocean,fancy,shell,Park Rugs,Not for sale,1.0.0,Yes,RugOtherShellM00,7362,kC3KJRKazh5c6m2uN,1CC2
simple entrance mat,,No,1000,250,Black,Black,2x1,Small,,,Saharah's Co-op,,,,89,living room,facility,,Slender Rugs,For sale,2.0.0,Yes,RugRectEntranceS00,13058,sgqHLSNKe9ezJFrnL,3302
simple green bath mat,,No,1000,250,Green,Green,2x1,Small,,,Saharah; Saharah's Co-op,,,,89,bathroom,public bath,,Slender Rugs,For sale,1.0.0,Yes,RugRectBathmatS03,7516,zfRhHqsvfBg5D6CJA,1D5C
simple medium avocado mat,,No,1500,375,Green,Green,3x3,Medium,,,Saharah; Saharah's Co-op,,,,137,living room,facility,,Simple Rugs,For sale,1.0.0,Yes,RugSquareSimpleM03,7524,9BzJWMCmruohLvY8x,1D64
simple medium black mat,,No,1500,375,Black,Black,3x3,Medium,,,Saharah; Saharah's Co-op,,,,137,living room,facility,,Simple Rugs,For sale,1.0.0,Yes,RugSquareSimpleM07,7539,Nmx4FN5RX5LJ2xRF8,1D73
simple medium blue mat,,No,1500,375,Blue,Blue,3x3,Medium,,,Saharah; Saharah's Co-op,,,,137,living room,facility,,Simple Rugs,For sale,1.0.0,Yes,RugSquareSimpleM02,7523,7nEjDqYTsZdF3n8Ky,1D63
simple medium brown mat,,No,1500,375,Brown,Brown,3x3,Medium,,,Saharah; Saharah's Co-op,,,,137,living room,facility,,Simple Rugs,For sale,1.0.0,Yes,RugSquareSimpleM01,7519,FAqsC7JonfkPt3jc2,1D5F
simple medium orange mat,,No,1500,375,Orange,Orange,3x3,Medium,,,Saharah; Saharah's Co-op,,,,137,living room,facility,,Simple Rugs,For sale,1.0.0,Yes,RugSquareSimpleM05,7536,Bt6N5gWJJNtdNg8TC,1D70
simple medium purple mat,,No,1500,375,Purple,Purple,3x3,Medium,,,Saharah; Saharah's Co-op,,,,137,living room,facility,,Simple Rugs,For sale,1.0.0,Yes,RugSquareSimpleM06,7538,9WryqBnvAMiSF7vJ6,1D72
simple medium red mat,,No,1500,375,Red,Red,3x3,Medium,,,Saharah; Saharah's Co-op,,,,137,living room,facility,,Simple Rugs,For sale,1.0.0,Yes,RugSquareSimpleM04,7540,yB22Mz4KP2wbzjYtv,1D74
simple navy bath mat,,No,1000,250,Gray,Gray,2x1,Small,,,Saharah; Saharah's Co-op,,,,89,bathroom,public bath,,Slender Rugs,For sale,1.0.0,Yes,RugRectBathmatS01,7518,AZQdF6gMi89DXP9K3,1D5E
simple pink bath mat,,No,1000,250,Pink,Pink,2x1,Small,,,Saharah; Saharah's Co-op,,,,89,bathroom,public bath,,Slender Rugs,For sale,1.0.0,Yes,RugRectBathmatS02,7517,Lqze8wPcmFatBMFDw,1D5D
simple small avocado mat,,No,1000,250,Green,Green,2x2,Small,,,Saharah; Saharah's Co-op,,,,89,living room,facility,,Simple Rugs,For sale,1.0.0,Yes,RugSquareSimpleS03,7520,PKfPEbTw8C55Qc5oH,1D60
simple small black mat,,No,1000,250,Black,Black,2x2,Small,,,Saharah; Saharah's Co-op,,,,89,living room,facility,,Simple Rugs,For sale,1.0.0,Yes,RugSquareSimpleS07,7543,uSGDYs7hCuxMBTZbi,1D77
simple small blue mat,,No,1000,250,Blue,Blue,2x2,Small,,,Saharah; Saharah's Co-op,,,,89,living room,facility,,Simple Rugs,For sale,1.0.0,Yes,RugSquareSimpleS02,7521,Q7FSQ4q6Hzt2YihKH,1D61
simple small brown mat,,No,1000,250,Brown,Brown,2x2,Small,,,Saharah; Saharah's Co-op,,,,89,living room,facility,,Simple Rugs,For sale,1.0.0,Yes,RugSquareSimpleS01,7522,aKCpcBCjrn6wWcyw2,1D62
simple small orange mat,,No,1000,250,Orange,Orange,2x2,Small,,,Saharah; Saharah's Co-op,,,,89,living room,facility,,Simple Rugs,For sale,1.0.0,Yes,RugSquareSimpleS05,7541,WomwFGQsQgogZNtQf,1D75
simple small purple mat,,No,1000,250,Purple,Purple,2x2,Small,,,Saharah; Saharah's Co-op,,,,89,living room,facility,,Simple Rugs,For sale,1.0.0,Yes,RugSquareSimpleS06,7542,h7wpDFdwKgJs2BvgG,1D76
simple small red mat,,No,1000,250,Red,Red,2x2,Small,,,Saharah; Saharah's Co-op,,,,89,living room,facility,,Simple Rugs,For sale,1.0.0,Yes,RugSquareSimpleS04,7537,nRakPP7nXacJB3YHX,1D71
skull rug,,No,1500,375,Gray,Black,3x3,Medium,,,Saharah's Co-op,,,,137,horror,child's room,,Icon Rugs,For sale,2.0.0,Yes,RugOtherSkullM00,12334,45XdJjQY2JqipTQ9F,302E
sloppy rug,,No,2000,500,Aqua,Aqua,4x4,Large,,,Saharah; Saharah's Co-op,,,,253,living room,child's room,sloppy,Simple Rugs,For sale,1.0.0,Yes,RugOtherSloppyL00,7371,337rrvb9iapfJC4nb,1CCB
small Paradise Planning mat,,No,NFS,250,Red,Red,2x1,Small,900.0,Poki,Wardell,,Happy Home Paradise,Yes,151,living room,,,Slender Pattern Rugs,Not for sale,2.0.0,Yes,RugRectPatternS00,14707,pTEGa3pxpuMwuwLmJ,3973
snowflake rug,,No,1500,375,Aqua,White,3x3,Medium,,,Saharah; Saharah's Co-op,,,,137,freezing cold,fancy,,Shaggy Round Rugs,For sale,1.0.0,Yes,RugRoundSnowM00,7346,upNaAkxPwQRHP6NXi,1CB2
spooky rug,,No,NFS,2000,Orange,Purple,4x4,Large,,,All villagers,Trade candy or a lollipop with a villager,Halloween,Yes,231,horror,party,spooky,Pattern Rugs,Not for sale,1.5.0,Yes,RugSquareHalloweenL00,7545,vgzmZDqaGRtrDN7Pv,1D79
stage rug,,No,1500,375,Colorful,Yellow,3x3,Medium,,,Saharah's Co-op,,,,137,concert,party,,Shaggy Round Rugs,For sale,2.0.0,Yes,RugRoundStageM00,12725,5ooaYbBht82jjATW9,31B5
starry-skies rug,,Yes,NFS,5500,Blue,Blue,3x3,Medium,,,Crafting,,,,103,,,stars,Shaggy Round Rugs,Not for sale,2.0.0,Yes,RugRoundZodiacM00,12521,xzKfkAfhP9hgzsRXw,30E9
summer-shell rug,,Yes,NFS,7200,Aqua,Aqua,3x3,Medium,,,Crafting,,summer shells,Yes,201,ocean,fancy,,Park Rugs,Not for sale,1.6.0,Yes,RugOtherShellSnailM00,12217,fBGGF9Cqbudi6cmsk,2FB9
sunflower rug,,No,1500,375,Yellow,Brown,3x3,Medium,,,Nook Shopping Seasonal,,Summer Solstice,Yes,201,fancy,child's room,flowers,Icon Rugs,Seasonal,1.6.0,Yes,RugOtherSunflowerM00,13596,D8jXWc5Nq678JDmpr,351C
tatami mat,,No,1500,375,Green,Yellow,3x2,Medium,,,Saharah; Saharah's Co-op,,,,137,harmonious,,,Wood Rugs,For sale,1.0.0,Yes,RugRectTatamiM00,7369,m7efgfNG3HZR6G29s,1CC9
tree-stump rug,,Yes,NFS,720,Beige,Brown,3x3,Medium,,,Crafting,,,,103,nature,local,,Park Rugs,Not for sale,2.0.0,Yes,RugOtherStumpM00,12379,LeZfLvbzy4LHMFotw,305B
tropical rug,,No,1500,375,Green,Beige,3x3,Medium,,,Saharah; Saharah's Co-op,,,,137,ocean,resort,,Park Rugs,For sale,1.0.0,Yes,RugRoundIslandM00,7358,tjgfDcBRhWQrxhjzk,1CBE
Turkey Day rug,,No,NFS,500,Beige,Beige,4x4,Large,,,Franklin,Reward for giving Franklin the requested ingredients,Turkey Day,Yes,351,party,,Turkey Day,Pattern Rugs,Not for sale,1.6.0,Yes,RugSquareHarvestL00,13525,S3E3mJ2PfFsqN6FPq,34D5
turquoise heart rug,,No,1500,375,Aqua,Aqua,3x3,Medium,,,Saharah; Saharah's Co-op,,,,137,fancy,child's room,,Heart Rugs,For sale,1.0.0,Yes,RugOtherHeartM01,7579,MeN8d4a4YKoFc2zDW,1D9B
white exercise mat,,No,1500,375,White,White,3x2,Medium,,,Saharah's Co-op,,,,137,sports,school,,Slender Rugs,For sale,2.0.0,Yes,RugRectMatM00,12386,PTEdMjQ6RhLp5JNQt,3062
white heart rug,,No,1500,375,White,White,3x3,Medium,,,Saharah; Saharah's Co-op,,,,137,fancy,child's room,,Heart Rugs,For sale,1.0.0,Yes,RugOtherHeartM03,7578,ur5qNz9QEkkCEPRDQ,1D9A
white message mat,,No,1000,250,White,White,2x1,Small,,,Saharah; Saharah's Co-op,,,,89,child's room,,,Message Mats,For sale,1.0.0,Yes,RugOtherMessageS00,7338,ey5h5kDoaHvTgEdkj,1CAA
white rose rug,,No,1500,375,White,White,3x3,Medium,,,Saharah; Saharah's Co-op,,,,137,fancy,expensive,flowers,Rose Rug,For sale,1.0.0,Yes,RugOtherRoseM03,8757,fWrizz9CC3Lg8apM2,2235
white simple medium mat,,No,1500,375,Beige,White,3x3,Medium,,,Saharah; Saharah's Co-op,,,,137,living room,facility,,Simple Rugs,For sale,1.0.0,Yes,RugSquareSimpleM00,7335,vXD2oADv2fg4QRCp6,1CA7
white simple small mat,,No,1000,250,Beige,White,2x2,Small,,,Saharah; Saharah's Co-op,,,,89,living room,facility,,Simple Rugs,For sale,1.0.0,Yes,RugSquareSimpleS00,7336,vhxZi6oAZWm9gxRfK,1CA8
white square tile,,No,1000,250,White,White,2x2,Small,,,Saharah's Co-op,,,,89,living room,facility,,Wood Rugs,For sale,2.0.0,Yes,RugSquareWoodS01,13595,AybYhmrNqDQF7nmwA,351B
white wedding rug,,No,NFS,375,White,White,3x2,Medium,4.0,Heart Crystals,Cyrus,,Wedding Season,Yes,437,party,fancy,wedding,Slender Pattern Rugs,Not for sale,1.2.0,Yes,RugRectJuneBrideM03,12464,At7cbGksXn6rvhkQr,30B0
white wooden-deck rug,,No,1500,375,White,White,3x2,Medium,,,Saharah; Saharah's Co-op,,,,137,outdoors,garden,,Wood Rugs,For sale,1.0.0,Yes,RugRectDeckM02,7381,nmBMJkGHnxGdzYzzP,1CD5
white-wood flooring sheet,,No,1000,250,White,White,2x1,Small,,,Saharah's Co-op,,,,89,shop,apparel shop,,Wood Rugs,For sale,2.0.0,Yes,RugRectDisplayStandS03,14038,MnwwbhGePuQcNsm7C,36D6
white-wood flooring tile,,No,1000,250,White,White,1x1,Small,,,Saharah's Co-op,,,,89,apparel shop,facility,,Wood Rugs,For sale,2.0.0,Yes,RugSquareDisplayStandS03,14035,QDuruxueRohGJyFPh,36D3
yellow argyle rug,,No,2000,500,Yellow,Yellow,4x3,Large,,,Saharah; Saharah's Co-op,,,,253,living room,fancy,,Slender Pattern Rugs,For sale,1.0.0,Yes,RugRectArgyleL00,7352,TEzohiZZfTSxoSNpd,1CB8
yellow bamboo mat,,Yes,NFS,1200,Yellow,Yellow,2x1,Small,,,Crafting,,young spring bamboo,Yes,103,harmonious,retro,bamboo,Kitchen Rugs,Not for sale,2.0.0,Yes,RugRectBambooBathmatS01,12330,hKGKs9oChoax3Qkqp,302A
yellow blocks rug,,No,1500,375,Yellow,Brown,3x3,Medium,,,Saharah; Saharah's Co-op,,,,137,living room,,,Pattern Rugs,For sale,1.0.0,Yes,RugSquareBlockM02,11103,Gb4rwvjZv74CDT8qE,2B5F
yellow checked rug,,No,2000,500,Yellow,Green,4x4,Large,,,Saharah; Saharah's Co-op,,,,253,living room,child's room,,Pattern Rugs,For sale,1.0.0,Yes,RugSquareCheckQuiltL01,7462,GdqeFkwTpKJLFQpyK,1D26
yellow Hawaiian quilt rug,,No,2000,500,Yellow,White,4x4,Large,,,Saharah's Co-op,,,,253,,,,Pattern Rugs,For sale,2.0.0,Yes,RugSquareHawaiianL01,12394,rsqpEquuEaidZAdjW,306A
yellow kilim-style carpet,,No,2000,500,Yellow,Beige,5x5,Large,,,Saharah; Saharah's Co-op,,,,253,living room,,,Pattern Rugs,For sale,1.0.0,Yes,RugSquareKirimL03,9315,274gPov62L9zR3onG,2463
yellow kitchen mat,,No,1000,250,Yellow,Yellow,2x1,Small,,,Saharah; Saharah's Co-op,,,,89,kitchen,,,Kitchen Rugs,For sale,1.0.0,Yes,RugRectKitchenS01,8395,CyGFnLgFnD3jrgKio,20CB
yellow medium round mat,,No,1500,375,Yellow,Yellow,3x3,Medium,,,Saharah; Saharah's Co-op,,,,137,living room,child's room,,Shaggy Round Rugs,For sale,1.0.0,Yes,RugRoundSimpleM03,9544,TfKNppy5CiswuZGSw,2548
yellow message mat,,No,1000,250,Yellow,Yellow,2x1,Small,,,Saharah; Saharah's Co-op,,,,89,child's room,,,Message Mats,For sale,1.0.0,Yes,RugOtherMessageS02,9311,6NpR38JASvkZDezYq,245F
yellow Persian rug,,No,2000,500,Yellow,Beige,5x5,Large,,,Saharah; Saharah's Co-op,,,,253,expensive,living room,,Pattern Rugs,For sale,1.0.0,Yes,RugSquarePersianL02,8036,HdsBjfD2ongYrBt5m,1F64
yellow rose rug,,No,1500,375,Yellow,Yellow,3x3,Medium,,,Saharah; Saharah's Co-op,,,,137,fancy,expensive,flowers,Rose Rug,For sale,1.0.0,Yes,RugOtherRoseM02,8759,jta8sYzY36aqcjp3T,2237
yellow small round mat,,No,1000,250,Yellow,Yellow,2x2,Small,,,Saharah; Saharah's Co-op,,,,89,living room,child's room,,Shaggy Round Rugs,For sale,1.0.0,Yes,RugRoundSimpleS03,9547,FS2ZvZLcRQDHp6hHr,254B
yellow star rug,,Yes,NFS,1500,Yellow,Yellow,3x3,Medium,,,Crafting,,,,103,,,stars,Park Rugs,Not for sale,2.0.0,Yes,RugOtherStarM00,12222,7CPoE3KPnJ3SqK4Mk,2FBE
yellow stripes rug,,No,2000,500,Yellow,White,4x3,Large,,,Saharah; Saharah's Co-op,,,,253,fancy,child's room,,Slender Pattern Rugs,For sale,1.0.0,Yes,RugRectBorderL00,7351,mJP9gz2YZAcQsWELE,1CB7
yellow vinyl sheet,,No,1500,375,Yellow,Colorful,3x2,Medium,,,Saharah; Saharah's Co-op,,,,137,ocean,resort,,Slender Pattern Rugs,For sale,1.0.0,Yes,RugRectVinylM03,7403,8tMeC24TcYdot9ZuC,1CEB
yellow watermelon rug,,No,1500,375,Yellow,Green,3x3,Medium,,,Saharah's Co-op,,,,137,,,,Fruit Rugs,For sale,2.0.0,Yes,RugOtherWatermelonM01,12216,a7xgXP8K6df43NCBQ,2FB8
yellow-design kitchen mat,,No,1000,250,Yellow,Black,2x1,Small,,,Saharah; Saharah's Co-op,,,,89,kitchen,,,Kitchen Rugs,For sale,1.0.0,Yes,RugRectNativeKitchenS02,7596,B76hfTkYR2vm96Hfd,1DAC
Yoshi's Egg rug,,No,1500,375,Green,White,3x3,Medium,,,Nook Shopping Promotion,Not available before March 1st 2021,,,201,fancy,child's room,Mario,Icon Rugs,Not in catalog,1.8.0,Yes,RugOtherMarioAM00,13872,CfuABFvYQYNAKQcR6,3630
