Name,Closet Image,Storage Image,Variation,DIY,Buy,Sell,HHA Base Points,Color 1,Color 2,Size,Exchange Price,Exchange Currency,Source,Source Notes,Season/Event,Season/Event Exclusive,Seasonal Availability,Seasonality,Mannequin Season,Gender,Style 1,Style 2,Label Themes,Sort Order,Villager Equippable,Catalog,Version Added,Unlocked?,Filename,ClothGroup ID,Internal ID,Unique Entry ID,Internal ID as hex
aerobics leggings,,,Red & pink,No,700,175,23,Pink,Red,1x1,,,Kicks; Kicks' Co-op,,,,All Year,All Year,,Free,Active,Active,sporty,1,No,For sale,1.0.0,Yes,SocksTexAerobics0,621,5197,Smui8G3P6D8WgqK9G,144D
aerobics leggings,,,Light blue & salmon pink,No,700,175,23,Pink,Aqua,1x1,,,Kicks; Kicks' Co-op,,,,All Year,All Year,,Free,Active,Active,sporty,2,No,For sale,1.0.0,Yes,SocksTexAerobics3,621,9796,nYBBFZjyvYjTSN4fD,2644
aerobics leggings,,,Purple & orange,No,700,175,23,Orange,Purple,1x1,,,Kicks; Kicks' Co-op,,,,All Year,All Year,,Free,Active,Active,sporty,3,No,For sale,1.0.0,Yes,SocksTexAerobics2,621,9795,jWvfpeefbhQpHQFoM,2643
aerobics leggings,,,Emerald & lime,No,700,175,23,Green,Aqua,1x1,,,Kicks; Kicks' Co-op,,,,All Year,All Year,,Free,Active,Active,sporty,4,No,For sale,1.0.0,Yes,SocksTexAerobics1,621,9794,eZKx89GvGsXcSDiMk,2642
aerobics leggings,,,Yellow & blue,No,700,175,23,Blue,Yellow,1x1,,,Kicks; Kicks' Co-op,,,,All Year,All Year,,Free,Active,Active,sporty,5,No,For sale,1.0.0,Yes,SocksTexAerobics4,621,9797,gYqiyt5aP9KjqNnXQ,2645
Aran-knit socks,,,White,No,720,180,51,White,White,1x1,,,Able Sisters,Available from either Mabel's temporary shop or Able Sisters shop,Winter (shopping),No,Winter,Winter,,Free,Simple,Elegant,everyday; comfy,1,No,For sale,1.0.0,Yes,SocksTexAlan1,536,9058,XX9wX5KzyENyLGa5e,2362
Aran-knit socks,,,Black,No,720,180,51,Black,Black,1x1,,,Able Sisters,Available from either Mabel's temporary shop or Able Sisters shop,Winter (shopping),No,Winter,Winter,,Free,Simple,Elegant,everyday; comfy,2,No,For sale,1.0.0,Yes,SocksTexAlan5,536,9062,pLZq39rKg8rn454r4,2366
Aran-knit socks,,,Red,No,720,180,51,Red,Red,1x1,,,Able Sisters,Available from either Mabel's temporary shop or Able Sisters shop,Winter (shopping),No,Winter,Winter,,Free,Simple,Elegant,everyday; comfy,3,No,For sale,1.0.0,Yes,SocksTexAlan2,536,9059,7xkmotJQfLFN6Rohx,2363
Aran-knit socks,,,Green,No,720,180,51,Green,Green,1x1,,,Able Sisters,Available from either Mabel's temporary shop or Able Sisters shop,Winter (shopping),No,Winter,Winter,,Free,Simple,Elegant,everyday; comfy,4,No,For sale,1.0.0,Yes,SocksTexAlan3,536,9060,NH6u8astq42zMebAa,2364
Aran-knit socks,,,Blue,No,720,180,51,Blue,Blue,1x1,,,Able Sisters,Available from either Mabel's temporary shop or Able Sisters shop,Winter (shopping),No,Winter,Winter,,Free,Simple,Elegant,everyday; comfy,5,No,For sale,1.0.0,Yes,SocksTexAlan4,536,9061,Gardfqrryv6SLZSQB,2365
Aran-knit socks,,,Beige,No,720,180,51,Beige,Beige,1x1,,,Able Sisters,Available from either Mabel's temporary shop or Able Sisters shop,Winter (shopping),No,Winter,Winter,,Free,Simple,Elegant,everyday; comfy,6,No,For sale,1.0.0,Yes,SocksTexAlan0,536,4742,stTCJiLMdhmZ2ztyw,1286
argyle crew socks,,,White,No,720,180,51,White,Red,1x1,,,Able Sisters,Available from Able Sisters shop only,,,All Year,Autumn,,Free,Elegant,Simple,everyday; formal; work,1,No,For sale,1.0.0,Yes,SocksTexArgyle5,880,9925,dT8t2ZMFSfktJkoDd,26C5
argyle crew socks,,,Gray,No,720,180,51,Gray,Pink,1x1,,,Able Sisters,Available from Able Sisters shop only,,,All Year,Autumn,,Free,Elegant,Simple,everyday; formal; work,2,No,For sale,1.0.0,Yes,SocksTexArgyle4,880,9924,2LSJz8d2eCLmuyiMg,26C4
argyle crew socks,,,Red,No,720,180,51,Red,White,1x1,,,Able Sisters,Available from Able Sisters shop only,,,All Year,Autumn,,Free,Elegant,Simple,everyday; formal; work,3,No,For sale,1.0.0,Yes,SocksTexArgyle1,880,9921,9MeYsgc2wAGCmj4mC,26C1
argyle crew socks,,,Pink,No,720,180,51,Pink,White,1x1,,,Able Sisters,Available from Able Sisters shop only,,,All Year,Autumn,,Free,Elegant,Simple,everyday; formal; work,4,No,For sale,1.0.0,Yes,SocksTexArgyle7,880,9927,9Gibgt5gRyngn6EuR,26C7
argyle crew socks,,,Orange,No,720,180,51,Orange,White,1x1,,,Able Sisters,Available from Able Sisters shop only,,,All Year,Autumn,,Free,Elegant,Simple,everyday; formal; work,5,No,For sale,1.0.0,Yes,SocksTexArgyle6,880,9926,CyRT5FdBTnic9cYrF,26C6
argyle crew socks,,,Green,No,720,180,51,Green,Yellow,1x1,,,Able Sisters,Available from Able Sisters shop only,,,All Year,Autumn,,Free,Elegant,Simple,everyday; formal; work,6,No,For sale,1.0.0,Yes,SocksTexArgyle2,880,9922,dm4YEXfYftcwG3NB8,26C2
argyle crew socks,,,Blue,No,720,180,51,Blue,Aqua,1x1,,,Able Sisters,Available from Able Sisters shop only,,,All Year,Autumn,,Free,Elegant,Simple,everyday; formal; work,7,No,For sale,1.0.0,Yes,SocksTexArgyle0,880,5806,QyJBC6G3E7dzXidaW,16AE
argyle crew socks,,,Beige,No,720,180,51,Beige,Brown,1x1,,,Able Sisters,Available from Able Sisters shop only,,,All Year,Autumn,,Free,Elegant,Simple,everyday; formal; work,8,No,For sale,1.0.0,Yes,SocksTexArgyle3,880,9923,KrrN2AHTcePZaMyMo,26C3
back-bow socks,,,White,No,600,150,23,White,Pink,1x1,,,Kicks; Kicks' Co-op,,Spring (shopping),Yes,Spring,Spring,,Free,Cute,Cute,everyday; fairy tale; party; vacation,1,No,For sale,1.0.0,Yes,SocksTexRibbon3,519,9055,NXYXEomdp3yqkafZ7,235F
back-bow socks,,,Black,No,600,150,23,Black,White,1x1,,,Kicks; Kicks' Co-op,,Spring (shopping),Yes,Spring,Spring,,Free,Cute,Cute,everyday; fairy tale; party; vacation,2,No,For sale,1.0.0,Yes,SocksTexRibbon2,519,9054,NbaHgge5Zf54Y6dQT,235E
back-bow socks,,,Pink,No,600,150,23,Pink,Black,1x1,,,Kicks; Kicks' Co-op,,Spring (shopping),Yes,Spring,Spring,,Free,Cute,Cute,everyday; fairy tale; party; vacation,3,No,For sale,1.0.0,Yes,SocksTexRibbon0,519,4718,SerX2gLYQTKxmFi7W,126E
back-bow socks,,,Yellow,No,600,150,23,Yellow,Green,1x1,,,Kicks; Kicks' Co-op,,Spring (shopping),Yes,Spring,Spring,,Free,Cute,Cute,everyday; fairy tale; party; vacation,4,No,For sale,1.0.0,Yes,SocksTexRibbon1,519,9053,KE3idPQwqM2kvbNFw,235D
back-bow socks,,,Peacock blue,No,600,150,23,Green,Pink,1x1,,,Kicks; Kicks' Co-op,,Spring (shopping),Yes,Spring,Spring,,Free,Cute,Cute,everyday; fairy tale; party; vacation,5,No,For sale,1.0.0,Yes,SocksTexRibbon5,519,9057,ju47pefTtHj739pAr,2361
back-bow socks,,,Blue,No,600,150,23,Aqua,Yellow,1x1,,,Kicks; Kicks' Co-op,,Spring (shopping),Yes,Spring,Spring,,Free,Cute,Cute,everyday; fairy tale; party; vacation,6,No,For sale,1.0.0,Yes,SocksTexRibbon4,519,9056,ZuzCi6zDF9G9Swfci,2360
bobby socks,,,White,No,480,120,51,White,White,1x1,,,Able Sisters,Available from either Mabel's temporary shop or Able Sisters shop,,,All Year,Spring,All Year,Free,Elegant,Simple,formal; work,1,No,For sale,1.0.0,Yes,SocksTexFolded0,604,5171,aL52HPePkC84gPQup,1433
bobby socks,,,Gray,No,480,120,51,Gray,Gray,1x1,,,Able Sisters,Available from either Mabel's temporary shop or Able Sisters shop,,,All Year,Spring,,Free,Elegant,Simple,formal; work,2,No,For sale,1.0.0,Yes,SocksTexFolded1,604,10017,a9aLEHyXSdpHqYLm8,2721
bobby socks,,,Black,No,480,120,51,Black,Black,1x1,,,Able Sisters,Available from either Mabel's temporary shop or Able Sisters shop,,,All Year,Spring,,Free,Elegant,Simple,formal; work,3,No,For sale,1.0.0,Yes,SocksTexFolded2,604,10018,iby3kB32wD5rkxYod,2722
bobby socks,,,Brown,No,480,120,51,Brown,Brown,1x1,,,Able Sisters,Available from either Mabel's temporary shop or Able Sisters shop,,,All Year,Spring,,Free,Elegant,Simple,formal; work,4,No,For sale,1.0.0,Yes,SocksTexFolded3,604,10019,ZH9uTJSirjyNrH3Qw,2723
color-blocked socks,,,White,No,840,210,23,White,Colorful,1x1,,,Kicks; Kicks' Co-op,,,,All Year,All Year,,Free,Cute,Elegant,everyday,1,No,For sale,1.0.0,Yes,SocksTexMultiblock5,612,9899,bxt6nkbfnX6KEKifX,26AB
color-blocked socks,,,Pink,No,840,210,23,Pink,Colorful,1x1,,,Kicks; Kicks' Co-op,,,,All Year,All Year,,Free,Cute,Elegant,everyday,2,No,For sale,1.0.0,Yes,SocksTexMultiblock7,612,9901,3Y9LcSKLMJbT5YJfH,26AD
color-blocked socks,,,Lime,No,840,210,23,Green,Colorful,1x1,,,Kicks; Kicks' Co-op,,,,All Year,All Year,,Free,Cute,Elegant,everyday,3,No,For sale,1.0.0,Yes,SocksTexMultiblock6,612,9900,jDEgNFRCGWgFw5hNq,26AC
color-blocked socks,,,Green,No,840,210,23,Green,Colorful,1x1,,,Kicks; Kicks' Co-op,,,,All Year,All Year,,Free,Cute,Elegant,everyday,4,No,For sale,1.0.0,Yes,SocksTexMultiblock1,612,9895,gSZ3co7FeNLM2DqmZ,26A7
color-blocked socks,,,Blue,No,840,210,23,Blue,Colorful,1x1,,,Kicks; Kicks' Co-op,,,,All Year,All Year,,Free,Cute,Elegant,everyday,5,No,For sale,1.0.0,Yes,SocksTexMultiblock3,612,9897,EKGnqpYcYK5KDre8R,26A9
color-blocked socks,,,Purple,No,840,210,23,Purple,Colorful,1x1,,,Kicks; Kicks' Co-op,,,,All Year,All Year,,Free,Cute,Elegant,everyday,6,No,For sale,1.0.0,Yes,SocksTexMultiblock0,612,5180,5nRBXNdkdjyAjs5RQ,143C
color-blocked socks,,,Brown,No,840,210,23,Brown,Colorful,1x1,,,Kicks; Kicks' Co-op,,,,All Year,All Year,,Free,Cute,Elegant,everyday,7,No,For sale,1.0.0,Yes,SocksTexMultiblock2,612,9896,tTwmQJF35W2CdDRNL,26A8
color-blocked socks,,,Beige,No,840,210,23,Beige,Colorful,1x1,,,Kicks; Kicks' Co-op,,,,All Year,All Year,,Free,Cute,Elegant,everyday,8,No,For sale,1.0.0,Yes,SocksTexMultiblock4,612,9898,tkbYFgGoKnqAJZ49K,26AA
compression tights,,,Red,No,600,150,23,Black,Red,1x1,,,Kicks; Kicks' Co-op,,,,All Year,All Year,,Free,Active,Active,outdoorsy; sporty; work,1,No,For sale,1.0.0,Yes,SocksTexCompression4,603,9793,qrFTn5ab3j4nHqzwd,2641
compression tights,,,Pink,No,600,150,23,Black,Pink,1x1,,,Kicks; Kicks' Co-op,,,,All Year,All Year,,Free,Active,Active,outdoorsy; sporty; work,2,No,For sale,1.0.0,Yes,SocksTexCompression2,603,9791,SsdRjyHarAqc72Kmv,263F
compression tights,,,Yellow,No,600,150,23,Black,Yellow,1x1,,,Kicks; Kicks' Co-op,,,,All Year,All Year,,Free,Active,Active,outdoorsy; sporty; work,3,No,For sale,1.0.0,Yes,SocksTexCompression1,603,9790,otHYAzdH3cf86yKEo,263E
compression tights,,,Mint,No,600,150,23,Black,Green,1x1,,,Kicks; Kicks' Co-op,,,,All Year,All Year,,Free,Active,Active,outdoorsy; sporty; work,4,No,For sale,1.0.0,Yes,SocksTexCompression3,603,9792,j6AcTLGBGdk9xgThP,2640
compression tights,,,Blue,No,600,150,23,Black,Blue,1x1,,,Kicks; Kicks' Co-op,,,,All Year,All Year,,Free,Active,Active,outdoorsy; sporty; work,5,No,For sale,1.0.0,Yes,SocksTexCompression0,603,5170,Fc8uttzc2hwQM7RKw,1432
country socks,,,Black ribbons,No,720,180,51,White,Black,1x1,,,Able Sisters,Available from Able Sisters shop only,,,All Year,All Year,,Free,Elegant,Simple,formal; work,1,No,For sale,1.0.0,Yes,SocksTexCountry3,926,8944,ptJF3tBrJxAYRLT5T,22F0
country socks,,,Red ribbons,No,720,180,51,White,Red,1x1,,,Able Sisters,Available from Able Sisters shop only,,,All Year,All Year,,Free,Elegant,Simple,formal; work,2,No,For sale,1.0.0,Yes,SocksTexCountry0,926,6044,wgBZqqpZomaTLZhcz,179C
country socks,,,Green ribbons,No,720,180,51,White,Green,1x1,,,Able Sisters,Available from Able Sisters shop only,,,All Year,All Year,,Free,Elegant,Simple,formal; work,3,No,For sale,1.0.0,Yes,SocksTexCountry1,926,8942,RWpifRdqLmYQL5dGf,22EE
country socks,,,Blue ribbons,No,720,180,51,White,Blue,1x1,,,Able Sisters,Available from Able Sisters shop only,,,All Year,All Year,,Free,Elegant,Simple,formal; work,4,No,For sale,1.0.0,Yes,SocksTexCountry2,926,8943,mDTdqvPWaESchMEGe,22EF
crocheted socks,,,Gray,No,600,150,51,Gray,Gray,1x1,,,Able Sisters,Available from either Mabel's temporary shop or Able Sisters shop,,,All Year,Autumn,,Free,Elegant,Simple,everyday; comfy,1,No,For sale,1.0.0,Yes,SocksTexCrocheting1,626,8939,mopfLb9yhXEj9qXS2,22EB
crocheted socks,,,Purple,No,600,150,51,Pink,Pink,1x1,,,Able Sisters,Available from either Mabel's temporary shop or Able Sisters shop,,,All Year,Autumn,,Free,Elegant,Simple,everyday; comfy,2,No,For sale,1.0.0,Yes,SocksTexCrocheting2,626,8940,PT7ZGkfTfkvtkBmJx,22EC
crocheted socks,,,Blue,No,600,150,51,Aqua,Aqua,1x1,,,Able Sisters,Available from either Mabel's temporary shop or Able Sisters shop,,,All Year,Autumn,,Free,Elegant,Simple,everyday; comfy,3,No,For sale,1.0.0,Yes,SocksTexCrocheting3,626,8941,k8aPtaZcFrRZwZvD6,22ED
crocheted socks,,,Beige,No,600,150,51,Beige,Beige,1x1,,,Able Sisters,Available from either Mabel's temporary shop or Able Sisters shop,,,All Year,Autumn,,Free,Elegant,Simple,everyday; comfy,4,No,For sale,1.0.0,Yes,SocksTexCrocheting0,626,5202,phkn7YMAHEZZFyC3L,1452
denim leggings,,,Indigo blue,No,540,135,51,Blue,Blue,1x1,,,Able Sisters,Available from either Mabel's temporary shop or Able Sisters shop,,,All Year,All Year,All Year,Free,Simple,Simple,everyday; outdoorsy; sporty,1,No,For sale,1.0.0,Yes,SocksTexDenimleggings1,539,9782,zX9ge6E48pkgAtvJG,2636
denim leggings,,,Light blue,No,540,135,51,Aqua,Aqua,1x1,,,Able Sisters,Available from either Mabel's temporary shop or Able Sisters shop,,,All Year,All Year,,Free,Simple,Simple,everyday; outdoorsy; sporty,2,No,For sale,1.0.0,Yes,SocksTexDenimleggings3,539,9784,kJjSEP42iYeHw2XTP,2638
denim leggings,,,Saxon blue,No,540,135,51,Aqua,Aqua,1x1,,,Able Sisters,Available from either Mabel's temporary shop or Able Sisters shop,,,All Year,All Year,,Free,Simple,Simple,everyday; outdoorsy; sporty,3,No,For sale,1.0.0,Yes,SocksTexDenimleggings2,539,9783,z4ygu9Huw9NGZBeYZ,2637
denim leggings,,,Blue,No,540,135,51,Blue,Blue,1x1,,,Able Sisters,Available from either Mabel's temporary shop or Able Sisters shop,,,All Year,All Year,,Free,Simple,Simple,everyday; outdoorsy; sporty,4,No,For sale,1.0.0,Yes,SocksTexDenimleggings0,539,4745,3FSnfcpAYm5Fjbctc,1289
dotted knee-high socks,,,Gray,No,720,180,51,Gray,Gray,1x1,,,Able Sisters,Available from Able Sisters shop only,,,All Year,All Year,Winter,Free,Cute,Simple,everyday,1,No,For sale,1.0.0,Yes,SocksTexDotknee3,1188,12181,wJw3R2v2MKdSepbvE,2F95
dotted knee-high socks,,,Black,No,720,180,51,Black,Black,1x1,,,Able Sisters,Available from Able Sisters shop only,,,All Year,All Year,Winter,Free,Cute,Simple,everyday,2,No,For sale,1.0.0,Yes,SocksTexDotknee0,1188,12174,NvX65fPWJDEAJdBh8,2F8E
dotted knee-high socks,,,Yellow,No,720,180,51,Yellow,Yellow,1x1,,,Able Sisters,Available from Able Sisters shop only,,,All Year,All Year,,Free,Cute,Simple,everyday,3,No,For sale,1.0.0,Yes,SocksTexDotknee1,1188,12179,2yn8c76aCod8W6H9t,2F93
dotted knee-high socks,,,Cyan,No,720,180,51,Green,Green,1x1,,,Able Sisters,Available from Able Sisters shop only,,,All Year,All Year,,Free,Cute,Simple,everyday,4,No,For sale,1.0.0,Yes,SocksTexDotknee2,1188,12180,Kvp83zH2Qcp6XeJro,2F94
embroidered-flower tights,,,Black,No,1000,250,51,Black,White,1x1,,,Able Sisters,Available from Able Sisters shop only,,,All Year,Spring,,Free,Cute,Elegant,everyday; fairy tale; party,1,No,For sale,1.0.0,Yes,SocksTexEmbroidery1,628,9907,SiWtz8aTYoK75JfRz,26B3
embroidered-flower tights,,,Green,No,1000,250,51,Green,Yellow,1x1,,,Able Sisters,Available from Able Sisters shop only,,,All Year,Spring,,Free,Cute,Elegant,everyday; fairy tale; party,2,No,For sale,1.0.0,Yes,SocksTexEmbroidery2,628,9908,jPQA8CohQNBhSwsiq,26B4
embroidered-flower tights,,,Blue,No,1000,250,51,Blue,Orange,1x1,,,Able Sisters,Available from Able Sisters shop only,,,All Year,Spring,,Free,Cute,Elegant,everyday; fairy tale; party,3,No,For sale,1.0.0,Yes,SocksTexEmbroidery4,628,9910,fmZu6dNagF4XW6rvd,26B6
embroidered-flower tights,,,Purple,No,1000,250,51,Purple,Pink,1x1,,,Able Sisters,Available from Able Sisters shop only,,,All Year,Spring,,Free,Cute,Elegant,everyday; fairy tale; party,4,No,For sale,1.0.0,Yes,SocksTexEmbroidery5,628,9911,iivtbk5pG2i2asvBC,26B7
embroidered-flower tights,,,Brown,No,1000,250,51,Brown,Red,1x1,,,Able Sisters,Available from Able Sisters shop only,,,All Year,Spring,,Free,Cute,Elegant,everyday; fairy tale; party,5,No,For sale,1.0.0,Yes,SocksTexEmbroidery0,628,5204,qAsvxHbnuC6DDNZjG,1454
embroidered-flower tights,,,Beige,No,1000,250,51,Beige,Red,1x1,,,Able Sisters,Available from Able Sisters shop only,,,All Year,Spring,,Free,Cute,Elegant,everyday; fairy tale; party,6,No,For sale,1.0.0,Yes,SocksTexEmbroidery3,628,9909,fwcHa7FkHcm4BZdYP,26B5
everyday socks,,,White,No,600,150,51,White,White,1x1,,,Able Sisters,Available from either Mabel's temporary shop or Able Sisters shop,,,All Year,All Year,Summer,Free,Simple,Simple,everyday; work,1,No,For sale,1.0.0,Yes,SocksTexDailysocks5,1059,10038,4s4vWXEwkLbb3efNb,2736
everyday socks,,,Gray,No,600,150,51,Gray,Gray,1x1,,,Able Sisters,Available from either Mabel's temporary shop or Able Sisters shop,,,All Year,All Year,,Free,Simple,Simple,everyday; work,2,No,For sale,1.0.0,Yes,SocksTexDailysocks3,1059,10036,RYHfit78bZMtfDcGL,2734
everyday socks,,,Black,No,600,150,51,Black,Black,1x1,,,Able Sisters,Available from either Mabel's temporary shop or Able Sisters shop,,,All Year,All Year,,Free,Simple,Simple,everyday; work,3,No,For sale,1.0.0,Yes,SocksTexDailysocks1,1059,10034,Pe45hBHF5EJnYr9Es,2732
everyday socks,,,Navy blue,No,600,150,51,Blue,Blue,1x1,,,Able Sisters,Available from either Mabel's temporary shop or Able Sisters shop,,,All Year,All Year,Winter,Free,Simple,Simple,everyday; work,4,No,For sale,1.0.0,Yes,SocksTexDailysocks2,1059,10035,MyTLF7gvqar4TjoR3,2733
everyday socks,,,Brown,No,600,150,51,Brown,Brown,1x1,,,Able Sisters,Available from either Mabel's temporary shop or Able Sisters shop,,,All Year,All Year,,Free,Simple,Simple,everyday; work,5,No,For sale,1.0.0,Yes,SocksTexDailysocks0,1059,9645,7NubAsby6JGtDjkQE,25AD
everyday socks,,,Beige,No,600,150,51,Beige,Beige,1x1,,,Able Sisters,Available from either Mabel's temporary shop or Able Sisters shop,,,All Year,All Year,,Free,Simple,Simple,everyday; work,6,No,For sale,1.0.0,Yes,SocksTexDailysocks4,1059,10037,AjdoBNEpkupPceJ4z,2735
everyday tights,,,White,No,720,180,51,White,White,1x1,,,Able Sisters,Available from either Mabel's temporary shop or Able Sisters shop,,,All Year,All Year,Summer; Winter,Free,Simple,Simple,everyday; work,1,No,For sale,1.0.0,Yes,SocksTexDailytights3,1050,9684,iENLav487Pt8WgfWk,25D4
everyday tights,,,Light gray,No,720,180,51,Gray,Gray,1x1,,,Able Sisters,Available from either Mabel's temporary shop or Able Sisters shop,,,All Year,All Year,All Year,Free,Simple,Simple,everyday; work,2,No,For sale,1.0.0,Yes,SocksTexDailytights1,1050,9682,GG4hZNfY85kX42aEe,25D2
everyday tights,,,Gray,No,720,180,51,Gray,Gray,1x1,,,Able Sisters,Available from either Mabel's temporary shop or Able Sisters shop,,,All Year,All Year,Winter,Free,Simple,Simple,everyday; work,3,No,For sale,1.0.0,Yes,SocksTexDailytights2,1050,9683,HWnMuGqHxjQLh7yDJ,25D3
everyday tights,,,Black,No,720,180,51,Black,Black,1x1,,,Able Sisters,Available from either Mabel's temporary shop or Able Sisters shop,,,All Year,All Year,All Year,Free,Simple,Simple,everyday; work,4,No,For sale,1.0.0,Yes,SocksTexDailytights0,1050,9581,rh6Bpp5D5QL7QXt7F,256D
everyday tights,,,Navy blue,No,720,180,51,Blue,Blue,1x1,,,Able Sisters,Available from either Mabel's temporary shop or Able Sisters shop,,,All Year,All Year,All Year,Free,Simple,Simple,everyday; work,5,No,For sale,1.0.0,Yes,SocksTexDailytights4,1050,9685,Byc5JuPksWfY4wprE,25D5
everyday tights,,,Beige,No,720,180,51,Beige,Beige,1x1,,,Able Sisters,Available from either Mabel's temporary shop or Able Sisters shop,,,All Year,All Year,Summer,Free,Simple,Simple,everyday; work,6,No,For sale,1.0.0,Yes,SocksTexDailytights5,1050,9686,w9RMWiq6CjrmwWJtN,25D6
fishnet tights,,,White,No,480,120,51,White,White,1x1,,,Able Sisters,Available from Able Sisters shop only,,,All Year,All Year,,Free,Elegant,Cool,party; theatrical,1,No,For sale,1.0.0,Yes,SocksTexAmitights1,48,9659,gsjb2cGwKR3nQswoP,25BB
fishnet tights,,,Black,No,480,120,51,Black,Black,1x1,,,Able Sisters,Available from Able Sisters shop only,,,All Year,All Year,All Year,Free,Elegant,Cool,party; theatrical,2,No,For sale,1.0.0,Yes,SocksTexAmitights0,48,3096,3tL4DiJ9rWHthc9Pk,0C18
fishnet tights,,,Red,No,480,120,51,Red,Red,1x1,,,Able Sisters,Available from Able Sisters shop only,,,All Year,All Year,,Free,Elegant,Cool,party; theatrical,3,No,For sale,1.0.0,Yes,SocksTexAmitights2,48,9660,48n6aHZGEPnDEK9jx,25BC
flowery-dot tights,,,White,No,720,180,51,White,White,1x1,,,Able Sisters,Available from Able Sisters shop only,,,All Year,Spring,All Year,Free,Elegant,Cute,fairy tale; formal; party; theatrical,1,No,For sale,1.0.0,Yes,SocksTexFlowerdot0,879,5804,PMGBtgwgdqyfgFLGT,16AC
flowery-dot tights,,,Black,No,720,180,51,Black,Black,1x1,,,Able Sisters,Available from Able Sisters shop only,,,All Year,Spring,Winter,Free,Elegant,Cute,fairy tale; formal; party; theatrical,2,No,For sale,1.0.0,Yes,SocksTexFlowerdot4,879,9920,Can7JCiG9L8Hm9TDc,26C0
flowery-dot tights,,,Pink,No,720,180,51,Pink,White,1x1,,,Able Sisters,Available from Able Sisters shop only,,,All Year,Spring,,Free,Elegant,Cute,fairy tale; formal; party; theatrical,3,No,For sale,1.0.0,Yes,SocksTexFlowerdot1,879,9917,iPqdJXpkmoQHFa3bk,26BD
flowery-dot tights,,,Yellow,No,720,180,51,Yellow,White,1x1,,,Able Sisters,Available from Able Sisters shop only,,,All Year,Spring,,Free,Elegant,Cute,fairy tale; formal; party; theatrical,4,No,For sale,1.0.0,Yes,SocksTexFlowerdot3,879,9919,MKk8HkGiw8Dm5isEd,26BF
flowery-dot tights,,,Blue,No,720,180,51,Aqua,White,1x1,,,Able Sisters,Available from Able Sisters shop only,,,All Year,Spring,,Free,Elegant,Cute,fairy tale; formal; party; theatrical,5,No,For sale,1.0.0,Yes,SocksTexFlowerdot2,879,9918,LQLHZmbq5ooLpTaSc,26BE
frilly knee-high socks,,,Black,No,840,210,23,Black,White,1x1,,,Kicks; Kicks' Co-op,,Spring (shopping),Yes,Spring,Spring,,Free,Cute,Cute,everyday; fairy tale; party; theatrical,1,No,For sale,1.0.0,Yes,SocksTexFrilledknee0,605,5172,vmXP6mnS88memLCX4,1434
frilly knee-high socks,,,Red,No,840,210,23,Red,White,1x1,,,Kicks; Kicks' Co-op,,Spring (shopping),Yes,Spring,Spring,,Free,Cute,Cute,everyday; fairy tale; party; theatrical,2,No,For sale,1.0.0,Yes,SocksTexFrilledknee2,605,11590,xds2s4575YP27vR8A,2D46
frilly knee-high socks,,,Pink,No,840,210,23,Pink,White,1x1,,,Kicks; Kicks' Co-op,,Spring (shopping),Yes,Spring,Spring,,Free,Cute,Cute,everyday; fairy tale; party; theatrical,3,No,For sale,1.0.0,Yes,SocksTexFrilledknee5,605,11593,v9tYcuwPdAT7v3wQS,2D49
frilly knee-high socks,,,Brown,No,840,210,23,Orange,White,1x1,,,Kicks; Kicks' Co-op,,Spring (shopping),Yes,Spring,Spring,,Free,Cute,Cute,everyday; fairy tale; party; theatrical,4,No,For sale,1.0.0,Yes,SocksTexFrilledknee3,605,11591,JNi4geueh5oD227xR,2D47
frilly knee-high socks,,,Yellow,No,840,210,23,Yellow,White,1x1,,,Kicks; Kicks' Co-op,,Spring (shopping),Yes,Spring,Spring,,Free,Cute,Cute,everyday; fairy tale; party; theatrical,5,No,For sale,1.0.0,Yes,SocksTexFrilledknee7,605,11595,WdGcfiFNT7NYtgr2x,2D4B
frilly knee-high socks,,,Green,No,840,210,23,Green,White,1x1,,,Kicks; Kicks' Co-op,,Spring (shopping),Yes,Spring,Spring,,Free,Cute,Cute,everyday; fairy tale; party; theatrical,6,No,For sale,1.0.0,Yes,SocksTexFrilledknee1,605,11589,3Q2vgyB7ck687Eyqg,2D45
frilly knee-high socks,,,Mint,No,840,210,23,Aqua,White,1x1,,,Kicks; Kicks' Co-op,,Spring (shopping),Yes,Spring,Spring,,Free,Cute,Cute,everyday; fairy tale; party; theatrical,7,No,For sale,1.0.0,Yes,SocksTexFrilledknee4,605,11592,CWTTXCXbYiGajL8GN,2D48
frilly knee-high socks,,,Purple,No,840,210,23,Purple,White,1x1,,,Kicks; Kicks' Co-op,,Spring (shopping),Yes,Spring,Spring,,Free,Cute,Cute,everyday; fairy tale; party; theatrical,8,No,For sale,1.0.0,Yes,SocksTexFrilledknee6,605,11594,WXa2dtqHH4yTqi72y,2D4A
frilly socks,,,White,No,720,180,51,White,White,1x1,,,Able Sisters,Available from Able Sisters shop only,,,All Year,Autumn,,Free,Cute,Simple,everyday; fairy tale; formal; party,1,No,For sale,1.0.0,Yes,SocksTexFrilled0,607,5174,JjfAnWLyzasyYMg3v,1436
frilly socks,,,Pink,No,720,180,51,Pink,White,1x1,,,Able Sisters,Available from Able Sisters shop only,,,All Year,Autumn,,Free,Cute,Simple,everyday; fairy tale; formal; party,2,No,For sale,1.0.0,Yes,SocksTexFrilled2,607,8935,eReXG6NHXaQ7K3hBX,22E7
frilly socks,,,Yellow,No,720,180,51,Yellow,White,1x1,,,Able Sisters,Available from Able Sisters shop only,,,All Year,Autumn,,Free,Cute,Simple,everyday; fairy tale; formal; party,3,No,For sale,1.0.0,Yes,SocksTexFrilled1,607,8934,riCwe2zM7QyECk3Jr,22E6
frilly socks,,,Green,No,720,180,51,Green,White,1x1,,,Able Sisters,Available from Able Sisters shop only,,,All Year,Autumn,,Free,Cute,Simple,everyday; fairy tale; formal; party,4,No,For sale,1.0.0,Yes,SocksTexFrilled3,607,8936,k4BtF693DbxH33AL6,22E8
frilly socks,,,Blue,No,720,180,51,Aqua,White,1x1,,,Able Sisters,Available from Able Sisters shop only,,,All Year,Autumn,,Free,Cute,Simple,everyday; fairy tale; formal; party,5,No,For sale,1.0.0,Yes,SocksTexFrilled5,607,8938,gQw822wnuA7Cvo7nF,22EA
frilly socks,,,Purple,No,720,180,51,Purple,White,1x1,,,Able Sisters,Available from Able Sisters shop only,,,All Year,Autumn,,Free,Cute,Simple,everyday; fairy tale; formal; party,6,No,For sale,1.0.0,Yes,SocksTexFrilled4,607,8937,RTFEAwp3SBjAFWdd8,22E9
funny-face socks,,,Black,No,600,150,23,Black,Gray,1x1,,,Kicks; Kicks' Co-op,,Summer (shopping),Yes,Summer,Summer,,Free,Active,Cute,everyday; comfy,1,No,For sale,1.0.0,Yes,SocksTexCharacter4,723,9995,Z325j6mwSX7psKc6s,270B
funny-face socks,,,Red,No,600,150,23,Red,Yellow,1x1,,,Kicks; Kicks' Co-op,,Summer (shopping),Yes,Summer,Summer,,Free,Active,Cute,everyday; comfy,2,No,For sale,1.0.0,Yes,SocksTexCharacter2,723,9993,qSjBCKKdyA4KREoye,2709
funny-face socks,,,Pink,No,600,150,23,Pink,Aqua,1x1,,,Kicks; Kicks' Co-op,,Summer (shopping),Yes,Summer,Summer,,Free,Active,Cute,everyday; comfy,3,No,For sale,1.0.0,Yes,SocksTexCharacter0,723,5406,foRRtKZSXYm9y3rX9,151E
funny-face socks,,,Green,No,600,150,23,Green,Blue,1x1,,,Kicks; Kicks' Co-op,,Summer (shopping),Yes,Summer,Summer,,Free,Active,Cute,everyday; comfy,4,No,For sale,1.0.0,Yes,SocksTexCharacter3,723,9994,hj2f2Lh4d4ZEWsi6B,270A
funny-face socks,,,Blue,No,600,150,23,Blue,Green,1x1,,,Kicks; Kicks' Co-op,,Summer (shopping),Yes,Summer,Summer,,Free,Active,Cute,everyday; comfy,5,No,For sale,1.0.0,Yes,SocksTexCharacter1,723,9992,y8GCEKe7n9XX2TW4n,2708
garter socks,,,White,No,980,245,23,White,White,1x1,,,Kicks; Kicks' Co-op,,,,All Year,All Year,,Free,Cool,Elegant,formal; party; theatrical,1,No,For sale,1.0.0,Yes,SocksTexGarter1,541,9661,iDmZtgECn8KRQuAMs,25BD
garter socks,,,Black,No,980,245,23,Black,Black,1x1,,,Kicks; Kicks' Co-op,,,,All Year,All Year,,Free,Cool,Elegant,formal; party; theatrical,2,No,For sale,1.0.0,Yes,SocksTexGarter0,541,4747,iwKjqecWcWav7tNss,128B
garter socks,,,Red,No,980,245,23,Red,Red,1x1,,,Kicks; Kicks' Co-op,,,,All Year,All Year,,Free,Cool,Elegant,formal; party; theatrical,3,No,For sale,1.0.0,Yes,SocksTexGarter3,541,9663,88SHPWGpx3C5ft2dv,25BF
garter socks,,,Purple,No,980,245,23,Purple,Purple,1x1,,,Kicks; Kicks' Co-op,,,,All Year,All Year,,Free,Cool,Elegant,formal; party; theatrical,4,No,For sale,1.0.0,Yes,SocksTexGarter2,541,9662,RN674wx6333j9XEHA,25BE
geometric-print socks,,,Pink,No,950,237,51,Pink,Colorful,1x1,,,Able Sisters,Available from Able Sisters shop only,,,All Year,Autumn,,Free,Active,Gorgeous,outdoorsy,1,No,For sale,1.0.0,Yes,SocksTexChimayo4,749,9915,PuAirT3RNJoiq4EsZ,26BB
geometric-print socks,,,Yellow,No,950,237,51,Yellow,Colorful,1x1,,,Able Sisters,Available from Able Sisters shop only,,,All Year,Autumn,,Free,Active,Gorgeous,outdoorsy,2,No,For sale,1.0.0,Yes,SocksTexChimayo0,749,5444,iRLnesjDYbtq9h3KN,1544
geometric-print socks,,,Green,No,950,237,51,Green,Colorful,1x1,,,Able Sisters,Available from Able Sisters shop only,,,All Year,Autumn,,Free,Active,Gorgeous,outdoorsy,3,No,For sale,1.0.0,Yes,SocksTexChimayo5,749,9916,jiHCobNrHoCB3jBao,26BC
geometric-print socks,,,Peacock blue,No,950,237,51,Aqua,Colorful,1x1,,,Able Sisters,Available from Able Sisters shop only,,,All Year,Autumn,,Free,Active,Gorgeous,outdoorsy,4,No,For sale,1.0.0,Yes,SocksTexChimayo1,749,9912,LREKsNHetcJzH6h8w,26B8
geometric-print socks,,,Purple,No,950,237,51,Purple,Colorful,1x1,,,Able Sisters,Available from Able Sisters shop only,,,All Year,Autumn,,Free,Active,Gorgeous,outdoorsy,5,No,For sale,1.0.0,Yes,SocksTexChimayo2,749,9913,eLuF389npgRiWzMAS,26B9
geometric-print socks,,,Beige,No,950,237,51,Beige,Colorful,1x1,,,Able Sisters,Available from Able Sisters shop only,,,All Year,Autumn,,Free,Active,Gorgeous,outdoorsy,6,No,For sale,1.0.0,Yes,SocksTexChimayo3,749,9914,ssdvzowHC9cjHtC7E,26BA
hand-knit socks,,,Orange,No,700,175,51,Orange,Orange,1x1,,,Able Sisters,Available from either Mabel's temporary shop or Able Sisters shop,,,All Year,Autumn,,Free,Simple,Elegant,outdoorsy; comfy,1,No,For sale,1.0.0,Yes,SocksTexHandknit2,620,9077,digGMqMoQXzCPZHcp,2375
hand-knit socks,,,Green,No,700,175,51,Green,Green,1x1,,,Able Sisters,Available from either Mabel's temporary shop or Able Sisters shop,,,All Year,Autumn,,Free,Simple,Elegant,outdoorsy; comfy,2,No,For sale,1.0.0,Yes,SocksTexHandknit0,620,5196,z54zAKmuyqXF6pRiL,144C
hand-knit socks,,,Purple,No,700,175,51,Purple,Purple,1x1,,,Able Sisters,Available from either Mabel's temporary shop or Able Sisters shop,,,All Year,Autumn,,Free,Simple,Elegant,outdoorsy; comfy,3,No,For sale,1.0.0,Yes,SocksTexHandknit1,620,9076,j5an4tBSddSdQKoTE,2374
holey socks,,,Blue,No,NFS,10,53,Blue,Blue,1x1,,,Recycle box,,,,All Year,All Year,,Free,Simple,Simple,goth; comfy,1,No,Not for sale,1.0.0,Yes,SocksTexHole0,610,5178,eaux4kbxPYywzEPnk,143A
holey socks,,,Navy blue,No,NFS,10,53,Blue,Blue,1x1,,,Recycle box,,,,All Year,All Year,,Free,Simple,Simple,goth; comfy,2,No,Not for sale,1.0.0,Yes,SocksTexHole1,610,9070,ekrFBBgdDZN9rCRyX,236E
holey socks,,,White,No,NFS,10,53,Beige,Beige,1x1,,,Recycle box,,,,All Year,All Year,,Free,Simple,Simple,goth; comfy,3,No,Not for sale,1.0.0,Yes,SocksTexHole2,610,9071,mCipqhEgf8Co9QRig,236F
holey tights,,,Black,No,350,87,51,Black,Black,1x1,,,Able Sisters,Available from either Mabel's temporary shop or Able Sisters shop,,,All Year,Autumn,,Free,Cool,Active,everyday; goth; theatrical,1,No,For sale,1.0.0,Yes,SocksTexHoletights0,608,5176,CWxgPmSn9NHnRk7n8,1438
holey tights,,,Red,No,350,87,51,Red,Red,1x1,,,Able Sisters,Available from either Mabel's temporary shop or Able Sisters shop,,,All Year,Autumn,Winter,Free,Cool,Active,everyday; goth; theatrical,2,No,For sale,1.0.0,Yes,SocksTexHoletights3,608,9666,XddtgttTuvd2aGgJz,25C2
holey tights,,,Pink,No,350,87,51,Pink,Pink,1x1,,,Able Sisters,Available from either Mabel's temporary shop or Able Sisters shop,,,All Year,Autumn,,Free,Cool,Active,everyday; goth; theatrical,3,No,For sale,1.0.0,Yes,SocksTexHoletights1,608,9664,kfjtinkEFrk92xCDv,25C0
holey tights,,,Yellow,No,350,87,51,Yellow,Yellow,1x1,,,Able Sisters,Available from either Mabel's temporary shop or Able Sisters shop,,,All Year,Autumn,,Free,Cool,Active,everyday; goth; theatrical,4,No,For sale,1.0.0,Yes,SocksTexHoletights7,608,9670,ZZ6wt2b5AyB4R3pEd,25C6
holey tights,,,Green,No,350,87,51,Green,Green,1x1,,,Able Sisters,Available from either Mabel's temporary shop or Able Sisters shop,,,All Year,Autumn,,Free,Cool,Active,everyday; goth; theatrical,5,No,For sale,1.0.0,Yes,SocksTexHoletights5,608,9668,HsCb6Xa2yr6KfoP3j,25C4
holey tights,,,Light blue,No,350,87,51,Aqua,Aqua,1x1,,,Able Sisters,Available from either Mabel's temporary shop or Able Sisters shop,,,All Year,Autumn,,Free,Cool,Active,everyday; goth; theatrical,6,No,For sale,1.0.0,Yes,SocksTexHoletights2,608,9665,kRb3QxmzBz664qW7k,25C1
holey tights,,,Blue,No,350,87,51,Blue,Blue,1x1,,,Able Sisters,Available from either Mabel's temporary shop or Able Sisters shop,,,All Year,Autumn,,Free,Cool,Active,everyday; goth; theatrical,7,No,For sale,1.0.0,Yes,SocksTexHoletights6,608,9669,PYaDDkoBgonoD9ZgF,25C5
holey tights,,,Purple,No,350,87,51,Purple,Purple,1x1,,,Able Sisters,Available from either Mabel's temporary shop or Able Sisters shop,,,All Year,Autumn,,Free,Cool,Active,everyday; goth; theatrical,8,No,For sale,1.0.0,Yes,SocksTexHoletights4,608,9667,dwSSLoeYvH4S8Bdvf,25C3
horizontal-striped tights,,,White,No,720,180,51,White,Gray,1x1,,,Able Sisters,Available from Able Sisters shop only,Halloween (days before); Halloween,No,All Year,All Year,,Free,Simple,Active,everyday; goth; party,1,No,For sale,1.5.0,Yes,SocksTexHalloween2,1275,13373,iK4EJqE7E77gmjvvQ,343D
horizontal-striped tights,,,Black,No,720,180,51,Black,Gray,1x1,,,Able Sisters,Available from Able Sisters shop only,Halloween (days before); Halloween,No,All Year,All Year,,Free,Simple,Active,everyday; goth; party,2,No,For sale,1.5.0,Yes,SocksTexHalloween5,1275,13376,5xyRgKDWLF4wqhWjK,3440
horizontal-striped tights,,,Red,No,720,180,51,Red,Purple,1x1,,,Able Sisters,Available from Able Sisters shop only,Halloween (days before); Halloween,No,All Year,All Year,,Free,Simple,Active,everyday; goth; party,3,No,For sale,1.5.0,Yes,SocksTexHalloween4,1275,13375,ARTENukN9A9baPyxd,343F
horizontal-striped tights,,,Orange,No,720,180,51,Orange,Red,1x1,,,Able Sisters,Available from Able Sisters shop only,Halloween (days before); Halloween,No,All Year,All Year,,Free,Simple,Active,everyday; goth; party,4,No,For sale,1.5.0,Yes,SocksTexHalloween0,1275,13029,4MQf429YhyaisAstM,32E5
horizontal-striped tights,,,Green,No,720,180,51,Green,Green,1x1,,,Able Sisters,Available from Able Sisters shop only,Halloween (days before); Halloween,No,All Year,All Year,,Free,Simple,Active,everyday; goth; party,5,No,For sale,1.5.0,Yes,SocksTexHalloween3,1275,13374,iqz4SqaFfDAQNxbM6,343E
horizontal-striped tights,,,Purple,No,720,180,51,Purple,Pink,1x1,,,Able Sisters,Available from Able Sisters shop only,Halloween (days before); Halloween,No,All Year,All Year,,Free,Simple,Active,everyday; goth; party,6,No,For sale,1.5.0,Yes,SocksTexHalloween1,1275,13372,tNzNuZEXQyvThB6zx,343C
Kerokerokeroppi socks,,,,No,720,180,201,Red,White,1x1,,,Nook Shopping Promotion,Scan the associated Sanrio amiibo card,,,All Year,All Year,,Free,Cute,Cool,everyday; fairy tale,1,No,Not in catalog,1.9.0,Yes,SocksTexKeroppi0,1296,13183,o5jPQfMDj5zEfSEGW,337F
kiddie socks,,,Black & gray,No,600,150,23,Black,Gray,1x1,,,Kicks; Kicks' Co-op,,,,All Year,All Year,,Free,Cute,Simple,everyday; outdoorsy; comfy; sporty,1,No,For sale,1.0.0,Yes,SocksTexKids7,625,9991,JYXCDdJSMofR4Fhgn,2707
kiddie socks,,,Red & light blue,No,600,150,23,Red,Aqua,1x1,,,Kicks; Kicks' Co-op,,,,All Year,All Year,,Free,Cute,Simple,everyday; outdoorsy; comfy; sporty,2,No,For sale,1.0.0,Yes,SocksTexKids0,625,5201,5mqGef4h29DktRP5J,1451
kiddie socks,,,Pink & yellow,No,600,150,23,Pink,Yellow,1x1,,,Kicks; Kicks' Co-op,,,,All Year,All Year,,Free,Cute,Simple,everyday; outdoorsy; comfy; sporty,3,No,For sale,1.0.0,Yes,SocksTexKids6,625,9990,uDAkFWgcMBdTxrpe7,2706
kiddie socks,,,Yellow & purple,No,600,150,23,Yellow,Purple,1x1,,,Kicks; Kicks' Co-op,,,,All Year,All Year,,Free,Cute,Simple,everyday; outdoorsy; comfy; sporty,4,No,For sale,1.0.0,Yes,SocksTexKids3,625,9987,CR4KZHwxdFpshqtRN,2703
kiddie socks,,,Lime & pink,No,600,150,23,Green,Pink,1x1,,,Kicks; Kicks' Co-op,,,,All Year,All Year,,Free,Cute,Simple,everyday; outdoorsy; comfy; sporty,5,No,For sale,1.0.0,Yes,SocksTexKids2,625,9986,rKW7PLjcnQTJmxLpj,2702
kiddie socks,,,Light blue & red,No,600,150,23,Aqua,Red,1x1,,,Kicks; Kicks' Co-op,,,,All Year,All Year,,Free,Cute,Simple,everyday; outdoorsy; comfy; sporty,6,No,For sale,1.0.0,Yes,SocksTexKids4,625,9988,LFgFyfPHF5DCtB2Mg,2704
kiddie socks,,,Blue & orange,No,600,150,23,Blue,Orange,1x1,,,Kicks; Kicks' Co-op,,,,All Year,All Year,,Free,Cute,Simple,everyday; outdoorsy; comfy; sporty,7,No,For sale,1.0.0,Yes,SocksTexKids1,625,9985,caua8mbapACdisDuE,2701
kiddie socks,,,Purple & green,No,600,150,23,Purple,Green,1x1,,,Kicks; Kicks' Co-op,,,,All Year,All Year,,Free,Cute,Simple,everyday; outdoorsy; comfy; sporty,8,No,For sale,1.0.0,Yes,SocksTexKids5,625,9989,Q5ppLfq9eAyh5CiDd,2705
Kiki & Lala socks,,,,No,720,180,201,White,Pink,1x1,,,Nook Shopping Promotion,Scan the associated Sanrio amiibo card,,,All Year,All Year,,Free,Cute,Cute,everyday; fairy tale,1,No,Not in catalog,1.9.0,Yes,SocksTexKikilala0,1286,13172,EipTnGwS7GXyAkL6K,3374
knee bandages,,,,No,240,60,51,Beige,Beige,1x1,,,Able Sisters,,,,All Year,All Year,,Free,Simple,Simple,everyday; comfy,1,No,For sale,2.0.0,Yes,SocksTexBandage0,1252,12966,FZTBGayaiFHgDS9Hb,32A6
knee braces,,,Black & red,No,540,135,23,Black,Red,1x1,,,Kicks; Kicks' Co-op,,,,All Year,All Year,,Free,Active,Active,everyday; sporty,1,No,For sale,2.0.0,Yes,SocksTexProtector0,1407,14423,mvsbZv7SZmshyE8wR,3857
knee braces,,,Black & blue,No,540,135,23,Black,Blue,1x1,,,Kicks; Kicks' Co-op,,,,All Year,All Year,,Free,Active,Active,everyday; sporty,2,No,For sale,2.0.0,Yes,SocksTexProtector1,1407,139,BcN4Zkg3uRdd9iEu5,008B
knee braces,,,Black & yellow,No,540,135,23,Black,Yellow,1x1,,,Kicks; Kicks' Co-op,,,,All Year,All Year,,Free,Active,Active,everyday; sporty,3,No,For sale,2.0.0,Yes,SocksTexProtector2,1407,140,pqJA6T2ebFnWmveki,008C
knee braces,,,Black & pink,No,540,135,23,Black,Pink,1x1,,,Kicks; Kicks' Co-op,,,,All Year,All Year,,Free,Active,Active,everyday; sporty,4,No,For sale,2.0.0,Yes,SocksTexProtector3,1407,141,pfWMmeTXzXQek5tYr,008D
knee braces,,,White & black,No,540,135,23,White,Black,1x1,,,Kicks; Kicks' Co-op,,,,All Year,All Year,,Free,Active,Active,everyday; sporty,5,No,For sale,2.0.0,Yes,SocksTexProtector4,1407,142,39f2KgqgSQ4gSSY8H,008E
Labelle socks,,,Midnight,No,940,235,351,Black,Black,1x1,,,Label,Added to Able Sisters stock rotation the day after receiving this item from Label,,,All Year,All Year,,Free,Cool,Simple,everyday; formal; sporty; theatrical,1,No,For sale,1.0.0,Yes,SocksTexKatesocks1,1134,11761,ZaX5Gyb34Kwj9bzLn,2DF1
Labelle socks,,,Passion,No,940,235,351,Red,Red,1x1,,,Label,Added to Able Sisters stock rotation the day after receiving this item from Label,,,All Year,All Year,,Free,Cool,Simple,everyday; formal; sporty; theatrical,2,No,For sale,1.0.0,Yes,SocksTexKatesocks2,1134,11762,b7JBgeuAoWuwhKc9b,2DF2
Labelle socks,,,Love,No,940,235,351,Pink,Pink,1x1,,,Label,Added to Able Sisters stock rotation the day after receiving this item from Label,,,All Year,All Year,,Free,Cool,Simple,everyday; formal; sporty; theatrical,3,No,For sale,1.0.0,Yes,SocksTexKatesocks5,1134,11765,zSHmRiEPN4emdp2Bg,2DF5
Labelle socks,,,Sunset,No,940,235,351,Yellow,Yellow,1x1,,,Label,Added to Able Sisters stock rotation the day after receiving this item from Label,,,All Year,All Year,,Free,Cool,Simple,everyday; formal; sporty; theatrical,4,No,For sale,1.0.0,Yes,SocksTexKatesocks4,1134,11764,bkDdwmPfGjYDQvo3b,2DF4
Labelle socks,,,Ocean,No,940,235,351,Blue,Blue,1x1,,,Label,Added to Able Sisters stock rotation the day after receiving this item from Label,,,All Year,All Year,,Free,Cool,Simple,everyday; formal; sporty; theatrical,5,No,For sale,1.0.0,Yes,SocksTexKatesocks3,1134,11763,RdoRnCSw4FpEXci5s,2DF3
Labelle socks,,,Twilight,No,940,235,351,Purple,Purple,1x1,,,Label,Added to Able Sisters stock rotation the day after receiving this item from Label,,,All Year,All Year,,Free,Cool,Simple,everyday; formal; sporty; theatrical,6,No,For sale,1.0.0,Yes,SocksTexKatesocks0,1134,9883,hyhRxPjBSZAvnxQjr,269B
Labelle tights,,,Midnight,No,1240,310,351,Black,Black,1x1,,,Label,Added to Able Sisters stock rotation the day after receiving this item from Label,,,All Year,All Year,,Womanly,Elegant,Cute,everyday; formal; party; theatrical,1,No,For sale,1.0.0,Yes,SocksTexKatetights1,1133,11756,s9SheWRC6wvujqCQp,2DEC
Labelle tights,,,Passion,No,1240,310,351,Red,Red,1x1,,,Label,Added to Able Sisters stock rotation the day after receiving this item from Label,,,All Year,All Year,,Womanly,Elegant,Cute,everyday; formal; party; theatrical,2,No,For sale,1.0.0,Yes,SocksTexKatetights2,1133,11757,epohpktM92yF7bhcB,2DED
Labelle tights,,,Love,No,1240,310,351,Pink,Pink,1x1,,,Label,Added to Able Sisters stock rotation the day after receiving this item from Label,,,All Year,All Year,,Womanly,Elegant,Cute,everyday; formal; party; theatrical,3,No,For sale,1.0.0,Yes,SocksTexKatetights5,1133,11760,zrQngGimLZz9HNpck,2DF0
Labelle tights,,,Sunset,No,1240,310,351,Orange,Orange,1x1,,,Label,Added to Able Sisters stock rotation the day after receiving this item from Label,,,All Year,All Year,,Womanly,Elegant,Cute,everyday; formal; party; theatrical,4,No,For sale,1.0.0,Yes,SocksTexKatetights4,1133,11759,e5f9rJg8Qo56X6xpo,2DEF
Labelle tights,,,Ocean,No,1240,310,351,Blue,Blue,1x1,,,Label,Added to Able Sisters stock rotation the day after receiving this item from Label,,,All Year,All Year,,Womanly,Elegant,Cute,everyday; formal; party; theatrical,5,No,For sale,1.0.0,Yes,SocksTexKatetights3,1133,11758,MAHpTyaE9sPCXsKpb,2DEE
Labelle tights,,,Twilight,No,1240,310,351,Purple,Purple,1x1,,,Label,Added to Able Sisters stock rotation the day after receiving this item from Label,,,All Year,All Year,,Womanly,Elegant,Cute,everyday; formal; party; theatrical,6,No,For sale,1.0.0,Yes,SocksTexKatetights0,1133,9882,dL7xeqfcNGRcayR59,269A
lace socks,,,White,No,720,180,51,White,White,1x1,,,Able Sisters,Available from Able Sisters shop only,,,All Year,Spring,,Free,Elegant,Simple,everyday; fairy tale; formal; party,1,No,For sale,1.0.0,Yes,SocksTexLace0,606,5173,qRGNuwPJJS3YyWe7w,1435
lace socks,,,Black,No,720,180,51,Black,White,1x1,,,Able Sisters,Available from Able Sisters shop only,,,All Year,Spring,,Free,Elegant,Simple,everyday; fairy tale; formal; party,2,No,For sale,1.0.0,Yes,SocksTexLace3,606,8933,86Y8rtryieE8cCHcS,22E5
lace socks,,,Pink,No,720,180,51,Pink,White,1x1,,,Able Sisters,Available from Able Sisters shop only,,,All Year,Spring,,Free,Elegant,Simple,everyday; fairy tale; formal; party,3,No,For sale,1.0.0,Yes,SocksTexLace1,606,8931,HMyTxrLsMc3PkSPXN,22E3
lace socks,,,Green,No,720,180,51,Green,White,1x1,,,Able Sisters,Available from Able Sisters shop only,,,All Year,Spring,,Free,Elegant,Simple,everyday; fairy tale; formal; party,4,No,For sale,1.0.0,Yes,SocksTexLace2,606,8932,zFT2DpYJPacGNEAP4,22E4
lace socks,,,Beige,No,720,180,51,Beige,White,1x1,,,Able Sisters,Available from Able Sisters shop only,,,All Year,Spring,,Free,Elegant,Simple,everyday; fairy tale; formal; party,5,No,For sale,1.0.0,Yes,SocksTexLace4,606,10170,2wWiCEyFpcC64yLJz,27BA
layered socks,,,Red,No,720,180,51,Gray,Red,1x1,,,Able Sisters,Available from Able Sisters shop only,Winter (shopping),No,Winter,Winter,,Free,Simple,Active,everyday; comfy,1,No,For sale,1.0.0,Yes,SockstTexOverlapping4,619,9905,dtFsbH6p5a4dPufKx,26B1
layered socks,,,Orange,No,720,180,51,Gray,Orange,1x1,,,Able Sisters,Available from Able Sisters shop only,Winter (shopping),No,Winter,Winter,,Free,Simple,Active,everyday; comfy,2,No,For sale,1.0.0,Yes,SockstTexOverlapping5,619,9906,3wugeZu3eS3Kq5Mfz,26B2
layered socks,,,Yellow,No,720,180,51,Gray,Yellow,1x1,,,Able Sisters,Available from Able Sisters shop only,Winter (shopping),No,Winter,Winter,,Free,Simple,Active,everyday; comfy,3,No,For sale,1.0.0,Yes,SockstTexOverlapping2,619,9903,f8f8oNrhxiA3WCZwn,26AF
layered socks,,,Green,No,720,180,51,Gray,Green,1x1,,,Able Sisters,Available from Able Sisters shop only,Winter (shopping),No,Winter,Winter,Winter,Free,Simple,Active,everyday; comfy,4,No,For sale,1.0.0,Yes,SockstTexOverlapping3,619,9904,v5xsCzumBt8AQxD2q,26B0
layered socks,,,Blue,No,720,180,51,Gray,Blue,1x1,,,Able Sisters,Available from Able Sisters shop only,Winter (shopping),No,Winter,Winter,,Free,Simple,Active,everyday; comfy,5,No,For sale,1.0.0,Yes,SockstTexOverlapping1,619,9902,pYcz36NuF4WtFs6nd,26AE
layered socks,,,Purple,No,720,180,51,Gray,Purple,1x1,,,Able Sisters,Available from Able Sisters shop only,Winter (shopping),No,Winter,Winter,,Free,Simple,Active,everyday; comfy,6,No,For sale,1.0.0,Yes,SockstTexOverlapping0,619,5195,2am8FTEZehx7t7nh7,144B
leg warmers,,,Gray,No,440,110,51,Gray,Gray,1x1,,,Able Sisters,Available from either Mabel's temporary shop or Able Sisters shop,Winter (shopping),No,Winter,Winter,,Free,Active,Simple,outdoorsy; comfy,1,No,For sale,1.0.0,Yes,SocksTexLegwarmer2,602,9786,MRYbYyEpPpwCHQC6K,263A
leg warmers,,,Black,No,440,110,51,Black,Black,1x1,,,Able Sisters,Available from either Mabel's temporary shop or Able Sisters shop,Winter (shopping),No,Winter,Winter,,Free,Active,Simple,outdoorsy; comfy,2,No,For sale,1.0.0,Yes,SocksTexLegwarmer1,602,9785,7SjdceMm9EBftH999,2639
leg warmers,,,Pink,No,440,110,51,Pink,Pink,1x1,,,Able Sisters,Available from either Mabel's temporary shop or Able Sisters shop,Winter (shopping),No,Winter,Winter,,Free,Active,Simple,outdoorsy; comfy,3,No,For sale,1.0.0,Yes,SocksTexLegwarmer3,602,9787,YbGujwbC62LKu4EJX,263B
leg warmers,,,Blue,No,440,110,51,Blue,Blue,1x1,,,Able Sisters,Available from either Mabel's temporary shop or Able Sisters shop,Winter (shopping),No,Winter,Winter,,Free,Active,Simple,outdoorsy; comfy,4,No,For sale,1.0.0,Yes,SocksTexLegwarmer5,602,9789,pLsudAtibb4CcFrXA,263D
leg warmers,,,Purple,No,440,110,51,Purple,Purple,1x1,,,Able Sisters,Available from either Mabel's temporary shop or Able Sisters shop,Winter (shopping),No,Winter,Winter,,Free,Active,Simple,outdoorsy; comfy,5,No,For sale,1.0.0,Yes,SocksTexLegwarmer0,602,5169,XfT3B4xa9sbPq9SXo,1431
leg warmers,,,Light purple,No,440,110,51,Purple,Purple,1x1,,,Able Sisters,Available from either Mabel's temporary shop or Able Sisters shop,Winter (shopping),No,Winter,Winter,,Free,Active,Simple,outdoorsy; comfy,6,No,For sale,1.0.0,Yes,SocksTexLegwarmer4,602,9788,HsxzpQQSheGZLynvt,263C
mixed-tweed socks,,,Red,No,800,200,51,Red,Red,1x1,,,Able Sisters,Available from either Mabel's temporary shop or Able Sisters shop,,,All Year,Autumn,,Free,Simple,Active,everyday; comfy,1,No,For sale,1.0.0,Yes,SocksTexMixtweed0,601,5168,owfZHfF53LSDDc9oY,1430
mixed-tweed socks,,,Orange,No,800,200,51,Orange,Orange,1x1,,,Able Sisters,Available from either Mabel's temporary shop or Able Sisters shop,,,All Year,Autumn,,Free,Simple,Active,everyday; comfy,2,No,For sale,1.0.0,Yes,SocksTexMixtweed5,601,9067,rKn2vigLdAKyp78pT,236B
mixed-tweed socks,,,Lime,No,800,200,51,Yellow,Yellow,1x1,,,Able Sisters,Available from either Mabel's temporary shop or Able Sisters shop,,,All Year,Autumn,,Free,Simple,Active,everyday; comfy,3,No,For sale,1.0.0,Yes,SocksTexMixtweed6,601,9068,pYazqm8irTwb5jLvL,236C
mixed-tweed socks,,,Avocado,No,800,200,51,Green,Green,1x1,,,Able Sisters,Available from either Mabel's temporary shop or Able Sisters shop,,,All Year,Autumn,Summer,Free,Simple,Active,everyday; comfy,4,No,For sale,1.0.0,Yes,SocksTexMixtweed1,601,9063,Sm9A7YY3Cop9SL2SL,2367
mixed-tweed socks,,,Light blue,No,800,200,51,Aqua,Aqua,1x1,,,Able Sisters,Available from either Mabel's temporary shop or Able Sisters shop,,,All Year,Autumn,,Free,Simple,Active,everyday; comfy,5,No,For sale,1.0.0,Yes,SocksTexMixtweed2,601,9064,g8E79aFTJFqNSWkHa,2368
mixed-tweed socks,,,Blue,No,800,200,51,Blue,Blue,1x1,,,Able Sisters,Available from either Mabel's temporary shop or Able Sisters shop,,,All Year,Autumn,,Free,Simple,Active,everyday; comfy,6,No,For sale,1.0.0,Yes,SocksTexMixtweed4,601,9066,8zXuSD5mWeqWx9Ya3,236A
mixed-tweed socks,,,Purple,No,800,200,51,Purple,Purple,1x1,,,Able Sisters,Available from either Mabel's temporary shop or Able Sisters shop,,,All Year,Autumn,,Free,Simple,Active,everyday; comfy,7,No,For sale,1.0.0,Yes,SocksTexMixtweed3,601,9065,zYKg8nbNZ4yiK8MRo,2369
mixed-tweed socks,,,Pink,No,800,200,51,Beige,Beige,1x1,,,Able Sisters,Available from either Mabel's temporary shop or Able Sisters shop,,,All Year,Autumn,,Free,Simple,Active,everyday; comfy,8,No,For sale,1.0.0,Yes,SocksTexMixtweed7,601,9069,cdQLDmrQGmcMsDCyB,236D
neon leggings,,,Pink,No,540,135,51,Pink,Purple,1x1,,,Able Sisters,Available from either Mabel's temporary shop or Able Sisters shop,,,All Year,All Year,All Year,Free,Active,Simple,outdoorsy; party; theatrical,1,No,For sale,1.0.0,Yes,SocksTexNeonleggings1,1054,9808,m3yXnPxG2S67TTXiP,2650
neon leggings,,,Orange,No,540,135,51,Orange,Pink,1x1,,,Able Sisters,Available from either Mabel's temporary shop or Able Sisters shop,,,All Year,All Year,,Free,Active,Simple,outdoorsy; party; theatrical,2,No,For sale,1.0.0,Yes,SocksTexNeonleggings2,1054,9809,nWcu7nF4Mm3GAaFuz,2651
neon leggings,,,Yellow,No,540,135,51,Yellow,Orange,1x1,,,Able Sisters,Available from either Mabel's temporary shop or Able Sisters shop,,,All Year,All Year,,Free,Active,Simple,outdoorsy; party; theatrical,3,No,For sale,1.0.0,Yes,SocksTexNeonleggings0,1054,9586,RLSZDLNbLG83GjLLK,2572
neon leggings,,,Green,No,540,135,51,Green,Aqua,1x1,,,Able Sisters,Available from either Mabel's temporary shop or Able Sisters shop,,,All Year,All Year,,Free,Active,Simple,outdoorsy; party; theatrical,4,No,For sale,1.0.0,Yes,SocksTexNeonleggings3,1054,9810,CiRdadkZ8CZHGSLWr,2652
neon leggings,,,Purple,No,540,135,51,Purple,Blue,1x1,,,Able Sisters,Available from either Mabel's temporary shop or Able Sisters shop,,,All Year,All Year,,Free,Active,Simple,outdoorsy; party; theatrical,5,No,For sale,1.0.0,Yes,SocksTexNeonleggings4,1054,9811,tYx44vCXssquakWKM,2653
neon tights,,,Pink,No,720,180,51,Pink,Purple,1x1,,,Able Sisters,Available from either Mabel's temporary shop or Able Sisters shop,,,All Year,All Year,,Free,Active,Simple,party; theatrical,1,No,For sale,1.0.0,Yes,SocksTexNeontights1,1052,9694,W49nhK8ikKp6iSa5a,25DE
neon tights,,,Orange,No,720,180,51,Orange,Pink,1x1,,,Able Sisters,Available from either Mabel's temporary shop or Able Sisters shop,,,All Year,All Year,All Year,Free,Active,Simple,party; theatrical,2,No,For sale,1.0.0,Yes,SocksTexNeontights2,1052,9695,pXXmML69f4b9sRPsa,25DF
neon tights,,,Yellow,No,720,180,51,Yellow,Orange,1x1,,,Able Sisters,Available from either Mabel's temporary shop or Able Sisters shop,,,All Year,All Year,,Free,Active,Simple,party; theatrical,3,No,For sale,1.0.0,Yes,SocksTexNeontights0,1052,9583,ribe86zk8CSeDJcNX,256F
neon tights,,,Green,No,720,180,51,Green,Aqua,1x1,,,Able Sisters,Available from either Mabel's temporary shop or Able Sisters shop,,,All Year,All Year,All Year,Free,Active,Simple,party; theatrical,4,No,For sale,1.0.0,Yes,SocksTexNeontights3,1052,9696,eQLqwi3PDf8SvShDJ,25E0
neon tights,,,Purple,No,720,180,51,Purple,Blue,1x1,,,Able Sisters,Available from either Mabel's temporary shop or Able Sisters shop,,,All Year,All Year,,Free,Active,Simple,party; theatrical,5,No,For sale,1.0.0,Yes,SocksTexNeontights4,1052,9697,rqxeHWvFkEJxeELii,25E1
no-show socks,,,White,No,480,120,51,White,Red,1x1,,,Able Sisters,Available from either Mabel's temporary shop or Able Sisters shop,,,All Year,Summer,All Year,Free,Simple,Active,everyday; outdoorsy; comfy; sporty,1,No,For sale,1.0.0,Yes,SocksTexSneakerin1,535,10003,nsnHnWq7HcCK3dSS5,2713
no-show socks,,,Gray,No,480,120,51,Gray,Black,1x1,,,Able Sisters,Available from either Mabel's temporary shop or Able Sisters shop,,,All Year,Summer,Summer,Free,Simple,Active,everyday; outdoorsy; comfy; sporty,2,No,For sale,1.0.0,Yes,SocksTexSneakerin0,535,4741,23uqWuWmWfQc9SZrT,1285
no-show socks,,,Berry red,No,480,120,51,Red,Gray,1x1,,,Able Sisters,Available from either Mabel's temporary shop or Able Sisters shop,,,All Year,Summer,,Free,Simple,Active,everyday; outdoorsy; comfy; sporty,3,No,For sale,1.0.0,Yes,SocksTexSneakerin2,535,10004,RSdqLjfMrxzg6Nmij,2714
no-show socks,,,Orange,No,480,120,51,Orange,Purple,1x1,,,Able Sisters,Available from either Mabel's temporary shop or Able Sisters shop,,,All Year,Summer,,Free,Simple,Active,everyday; outdoorsy; comfy; sporty,4,No,For sale,1.0.0,Yes,SocksTexSneakerin4,535,10006,QWGErd9MjKGGs4iPK,2716
no-show socks,,,Yellow,No,480,120,51,Yellow,Aqua,1x1,,,Able Sisters,Available from either Mabel's temporary shop or Able Sisters shop,,,All Year,Summer,,Free,Simple,Active,everyday; outdoorsy; comfy; sporty,5,No,For sale,1.0.0,Yes,SocksTexSneakerin7,535,10009,58eK8s82q6PQojHbZ,2719
no-show socks,,,Green,No,480,120,51,Green,Blue,1x1,,,Able Sisters,Available from either Mabel's temporary shop or Able Sisters shop,,,All Year,Summer,,Free,Simple,Active,everyday; outdoorsy; comfy; sporty,6,No,For sale,1.0.0,Yes,SocksTexSneakerin5,535,10007,w7siY5WWvHdgEhgHS,2717
no-show socks,,,Light blue,No,480,120,51,Aqua,White,1x1,,,Able Sisters,Available from either Mabel's temporary shop or Able Sisters shop,,,All Year,Summer,All Year,Free,Simple,Active,everyday; outdoorsy; comfy; sporty,7,No,For sale,1.0.0,Yes,SocksTexSneakerin3,535,10005,YvFWc5QiCGCypwRRn,2715
no-show socks,,,Navy blue,No,480,120,51,Blue,Yellow,1x1,,,Able Sisters,Available from either Mabel's temporary shop or Able Sisters shop,,,All Year,Summer,,Free,Simple,Active,everyday; outdoorsy; comfy; sporty,8,No,For sale,1.0.0,Yes,SocksTexSneakerin6,535,10008,8ttfsejMHiMv72kta,2718
Nook Inc. socks,,,,No,NFS,2000,151,Yellow,Orange,1x1,400.0,Nook Miles,Nook Miles Redemption,,,,All Year,All Year,,Free,Active,Simple,everyday; outdoorsy; comfy,1,No,Not for sale,1.0.0,Yes,SocksTexBorderRco,1144,5629,9aX93qfqKjkA3Ah4F,15FD
nordic socks,,,Gray,No,840,210,51,Gray,Black,1x1,,,Able Sisters,Available from either Mabel's temporary shop or Able Sisters shop,Winter (shopping),No,Winter,Winter,,Free,Elegant,Simple,everyday; outdoorsy; comfy,1,No,For sale,1.0.0,Yes,SocksTexNordic4,542,9892,MBjHJKaxWHn8hJyeQ,26A4
nordic socks,,,Red,No,840,210,51,Red,Black,1x1,,,Able Sisters,Available from either Mabel's temporary shop or Able Sisters shop,Winter (shopping),No,Winter,Winter,Winter,Free,Elegant,Simple,everyday; outdoorsy; comfy,2,No,For sale,1.0.0,Yes,SocksTexNordic2,542,9890,yKLbboCACLCSWPHmw,26A2
nordic socks,,,Green,No,840,210,51,Green,Black,1x1,,,Able Sisters,Available from either Mabel's temporary shop or Able Sisters shop,Winter (shopping),No,Winter,Winter,Winter,Free,Elegant,Simple,everyday; outdoorsy; comfy,3,No,For sale,1.0.0,Yes,SocksTexNordic5,542,9893,d9PWq3zpaRggPoN8R,26A5
nordic socks,,,Light blue,No,840,210,51,Aqua,Black,1x1,,,Able Sisters,Available from either Mabel's temporary shop or Able Sisters shop,Winter (shopping),No,Winter,Winter,,Free,Elegant,Simple,everyday; outdoorsy; comfy,4,No,For sale,1.0.0,Yes,SocksTexNordic6,542,9894,QAMoumSd9Fv7CwA6m,26A6
nordic socks,,,Blue,No,840,210,51,Blue,Black,1x1,,,Able Sisters,Available from either Mabel's temporary shop or Able Sisters shop,Winter (shopping),No,Winter,Winter,,Free,Elegant,Simple,everyday; outdoorsy; comfy,5,No,For sale,1.0.0,Yes,SocksTexNordic3,542,9891,x493oaGe4pAqW8Tue,26A3
nordic socks,,,Navy blue,No,840,210,51,Blue,Black,1x1,,,Able Sisters,Available from either Mabel's temporary shop or Able Sisters shop,Winter (shopping),No,Winter,Winter,,Free,Elegant,Simple,everyday; outdoorsy; comfy,6,No,For sale,1.0.0,Yes,SocksTexNordic0,542,4748,YQkah68GuwuXS2Gnv,128C
nordic socks,,,Ivory,No,840,210,51,Beige,Black,1x1,,,Able Sisters,Available from either Mabel's temporary shop or Able Sisters shop,Winter (shopping),No,Winter,Winter,,Free,Elegant,Simple,everyday; outdoorsy; comfy,7,No,For sale,1.0.0,Yes,SocksTexNordic1,542,9889,HKdHEfY4v8cpzdGT2,26A1
patterned stockings,,,White,No,940,235,51,White,White,1x1,,,Able Sisters,Available from Able Sisters shop only,,,All Year,All Year,,Free,Elegant,Simple,everyday; formal; party; theatrical,1,No,For sale,1.0.0,Yes,SocksTexStripedot1,928,9674,bbZrafLMe87ifZ6yK,25CA
patterned stockings,,,Black,No,940,235,51,Black,Black,1x1,,,Able Sisters,Available from Able Sisters shop only,,,All Year,All Year,All Year,Free,Elegant,Simple,everyday; formal; party; theatrical,2,No,For sale,1.0.0,Yes,SocksTexStripedot0,928,6046,MPuQ9PxnjGgBdR4cr,179E
pom-pom socks,,,Pink,No,720,180,51,Pink,White,1x1,,,Able Sisters,Available from Able Sisters shop only,Winter (shopping),No,Winter,Spring,,Free,Cute,Cute,everyday; fairy tale; comfy,1,No,For sale,1.0.0,Yes,SocksTexBobble0,611,5179,xTxpqcYovDS7R4brm,143B
pom-pom socks,,,Orange,No,720,180,51,Orange,White,1x1,,,Able Sisters,Available from Able Sisters shop only,Winter (shopping),No,Winter,Spring,,Free,Cute,Cute,everyday; fairy tale; comfy,2,No,For sale,1.0.0,Yes,SocksTexBobble3,611,9074,7cX6yDzovZqcytqYq,2372
pom-pom socks,,,Green,No,720,180,51,Green,White,1x1,,,Able Sisters,Available from Able Sisters shop only,Winter (shopping),No,Winter,Spring,,Free,Cute,Cute,everyday; fairy tale; comfy,3,No,For sale,1.0.0,Yes,SocksTexBobble2,611,9073,sJ4i4vbxAsffiM4PS,2371
pom-pom socks,,,Blue,No,720,180,51,Aqua,White,1x1,,,Able Sisters,Available from Able Sisters shop only,Winter (shopping),No,Winter,Spring,,Free,Cute,Cute,everyday; fairy tale; comfy,4,No,For sale,1.0.0,Yes,SocksTexBobble1,611,9072,X2Esyxf48CNDo7aS5,2370
pom-pom socks,,,Purple,No,720,180,51,Purple,White,1x1,,,Able Sisters,Available from Able Sisters shop only,Winter (shopping),No,Winter,Spring,,Free,Cute,Cute,everyday; fairy tale; comfy,5,No,For sale,1.0.0,Yes,SocksTexBobble4,611,9075,p8pAsGdvNt3MhZJvQ,2373
puckered socks,,,Red,No,600,150,51,Red,Red,1x1,,,Able Sisters,Available from Able Sisters shop only,,,All Year,Autumn,,Free,Elegant,Simple,everyday,1,No,For sale,1.0.0,Yes,SocksTexPucker1,622,9078,tqbtYmMFqJea5Ly4H,2376
puckered socks,,,Mustard,No,600,150,51,Orange,Orange,1x1,,,Able Sisters,Available from Able Sisters shop only,,,All Year,Autumn,,Free,Elegant,Simple,everyday,2,No,For sale,1.0.0,Yes,SocksTexPucker0,622,5198,jHhnoh4uTuxvfrRoR,144E
puckered socks,,,Green,No,600,150,51,Green,Green,1x1,,,Able Sisters,Available from Able Sisters shop only,,,All Year,Autumn,,Free,Elegant,Simple,everyday,3,No,For sale,1.0.0,Yes,SocksTexPucker3,622,9080,CBvB7JPEmJTEfBqHG,2378
puckered socks,,,Blue,No,600,150,51,Blue,Blue,1x1,,,Able Sisters,Available from Able Sisters shop only,,,All Year,Autumn,,Free,Elegant,Simple,everyday,4,No,For sale,1.0.0,Yes,SocksTexPucker2,622,9079,Qjs7aEzAyXkYiEx2j,2377
puckered socks,,,Purple,No,600,150,51,Purple,Purple,1x1,,,Able Sisters,Available from Able Sisters shop only,,,All Year,Autumn,,Free,Elegant,Simple,everyday,5,No,For sale,1.0.0,Yes,SocksTexPucker4,622,9081,pEZh2BMo5Ht2z4Qdn,2379
running tights,,,Pink,No,550,137,51,Black,Pink,1x1,,,Able Sisters,Available from either Mabel's temporary shop or Able Sisters shop,,,All Year,All Year,,Free,Active,Active,outdoorsy; sporty; work,1,No,For sale,1.0.0,Yes,SocksTexRun0,629,5214,vtfGv2xygxLpzEQ6c,145E
running tights,,,Yellow,No,550,137,51,Black,Yellow,1x1,,,Able Sisters,Available from either Mabel's temporary shop or Able Sisters shop,,,All Year,All Year,,Free,Active,Active,outdoorsy; sporty; work,2,No,For sale,1.0.0,Yes,SocksTexRun1,629,9798,7cbeNaN77kh4PSrbn,2646
running tights,,,Green,No,550,137,51,Black,Green,1x1,,,Able Sisters,Available from either Mabel's temporary shop or Able Sisters shop,,,All Year,All Year,,Free,Active,Active,outdoorsy; sporty; work,3,No,For sale,1.0.0,Yes,SocksTexRun3,629,9800,4HnvYfdvg6WwwBz9u,2648
running tights,,,Blue,No,550,137,51,Black,Blue,1x1,,,Able Sisters,Available from either Mabel's temporary shop or Able Sisters shop,,,All Year,All Year,All Year,Free,Active,Active,outdoorsy; sporty; work,4,No,For sale,1.0.0,Yes,SocksTexRun2,629,9799,4tutx5H5HC9TNWmFn,2647
semi-opaque socks,,,Red,No,480,120,51,Red,Red,1x1,,,Able Sisters,Available from Able Sisters shop only,,,All Year,All Year,,Free,Elegant,Simple,everyday,1,No,For sale,1.0.0,Yes,SocksTexNuancesocks1,1060,10027,9y7L6GWXoiMhXgsnf,272B
semi-opaque socks,,,Purple,No,480,120,51,Pink,Pink,1x1,,,Able Sisters,Available from Able Sisters shop only,,,All Year,All Year,,Free,Elegant,Simple,everyday,2,No,For sale,1.0.0,Yes,SocksTexNuancesocks4,1060,10030,fm5LhL9MfomtYc46n,272E
semi-opaque socks,,,Camel,No,480,120,51,Yellow,Yellow,1x1,,,Able Sisters,Available from Able Sisters shop only,,,All Year,All Year,,Free,Elegant,Simple,everyday,3,No,For sale,1.0.0,Yes,SocksTexNuancesocks5,1060,10031,KLmZ9YcLY8dcH3nxQ,272F
semi-opaque socks,,,Avocado,No,480,120,51,Green,Green,1x1,,,Able Sisters,Available from Able Sisters shop only,,,All Year,All Year,,Free,Elegant,Simple,everyday,4,No,For sale,1.0.0,Yes,SocksTexNuancesocks6,1060,10032,eDjvXAE53RX4Y4uRb,2730
semi-opaque socks,,,Green,No,480,120,51,Green,Green,1x1,,,Able Sisters,Available from Able Sisters shop only,,,All Year,All Year,,Free,Elegant,Simple,everyday,5,No,For sale,1.0.0,Yes,SocksTexNuancesocks0,1060,9644,aDd9YECbDwxmdtYRN,25AC
semi-opaque socks,,,Blue,No,480,120,51,Blue,Blue,1x1,,,Able Sisters,Available from Able Sisters shop only,,,All Year,All Year,,Free,Elegant,Simple,everyday,6,No,For sale,1.0.0,Yes,SocksTexNuancesocks2,1060,10028,cuQ2Efgb8W3eYPQMr,272C
semi-opaque socks,,,Navy blue,No,480,120,51,Purple,Purple,1x1,,,Able Sisters,Available from Able Sisters shop only,,,All Year,All Year,,Free,Elegant,Simple,everyday,7,No,For sale,1.0.0,Yes,SocksTexNuancesocks3,1060,10029,sqE8jqYCHjdpHJLD5,272D
semi-opaque socks,,,Brown,No,480,120,51,Brown,Brown,1x1,,,Able Sisters,Available from Able Sisters shop only,,,All Year,All Year,,Free,Elegant,Simple,everyday,8,No,For sale,1.0.0,Yes,SocksTexNuancesocks7,1060,10033,seWE9o2TE28kpMDjm,2731
semi-opaque tights,,,Red,No,720,180,51,Red,Red,1x1,,,Able Sisters,Available from Able Sisters shop only,,,All Year,All Year,,Free,Elegant,Simple,everyday,1,No,For sale,1.0.0,Yes,SocksTexNuancetights6,1049,9680,SG5Y2GgkbZ3bfrKzG,25D0
semi-opaque tights,,,Pink,No,720,180,51,Pink,Pink,1x1,,,Able Sisters,Available from Able Sisters shop only,,,All Year,All Year,,Free,Elegant,Simple,everyday,2,No,For sale,1.0.0,Yes,SocksTexNuancetights5,1049,9679,g4dSGvzNvZLb5woZ2,25CF
semi-opaque tights,,,Brown,No,720,180,51,Orange,Orange,1x1,,,Able Sisters,Available from Able Sisters shop only,,,All Year,All Year,,Free,Elegant,Simple,everyday,3,No,For sale,1.0.0,Yes,SocksTexNuancetights0,1049,9580,4tvCsLmAJBucyRFh4,256C
semi-opaque tights,,,Yellow,No,720,180,51,Yellow,Yellow,1x1,,,Able Sisters,Available from Able Sisters shop only,,,All Year,All Year,,Free,Elegant,Simple,everyday,4,No,For sale,1.0.0,Yes,SocksTexNuancetights1,1049,9675,wrzsLNreDDJSx9rcv,25CB
semi-opaque tights,,,Yellow-green,No,720,180,51,Green,Green,1x1,,,Able Sisters,Available from Able Sisters shop only,,,All Year,All Year,,Free,Elegant,Simple,everyday,5,No,For sale,1.0.0,Yes,SocksTexNuancetights7,1049,9681,Z36xyWkyy3QY6egTc,25D1
semi-opaque tights,,,Green,No,720,180,51,Green,Green,1x1,,,Able Sisters,Available from Able Sisters shop only,,,All Year,All Year,,Free,Elegant,Simple,everyday,6,No,For sale,1.0.0,Yes,SocksTexNuancetights2,1049,9676,dybLNTRi3jQvD8Tdq,25CC
semi-opaque tights,,,Blue,No,720,180,51,Blue,Blue,1x1,,,Able Sisters,Available from Able Sisters shop only,,,All Year,All Year,Winter,Free,Elegant,Simple,everyday,7,No,For sale,1.0.0,Yes,SocksTexNuancetights4,1049,9678,GtaHiEpq7oDHgytbC,25CE
semi-opaque tights,,,Purple,No,720,180,51,Purple,Purple,1x1,,,Able Sisters,Available from Able Sisters shop only,,,All Year,All Year,,Free,Elegant,Simple,everyday,8,No,For sale,1.0.0,Yes,SocksTexNuancetights3,1049,9677,TQaSHhuiZi36xa2Jx,25CD
sequin leggings,,,White,No,940,235,23,White,White,1x1,,,Kicks; Kicks' Co-op,,,,All Year,All Year,,Free,Gorgeous,Gorgeous,party; theatrical,1,No,For sale,1.0.0,Yes,SocksTexSequins4,537,11583,Mp6tw5WGZKDfC3r9Q,2D3F
sequin leggings,,,Black,No,940,235,23,Black,Black,1x1,,,Kicks; Kicks' Co-op,,,,All Year,All Year,,Free,Gorgeous,Gorgeous,party; theatrical,2,No,For sale,1.0.0,Yes,SocksTexSequins2,537,11581,LYwjTYKtgGPanWj78,2D3D
sequin leggings,,,Red,No,940,235,23,Red,Red,1x1,,,Kicks; Kicks' Co-op,,,,All Year,All Year,,Free,Gorgeous,Gorgeous,party; theatrical,3,No,For sale,1.0.0,Yes,SocksTexSequins1,537,11580,Jk6c6Hi3y4tWEsGmb,2D3C
sequin leggings,,,Pink,No,940,235,23,Pink,Pink,1x1,,,Kicks; Kicks' Co-op,,,,All Year,All Year,,Free,Gorgeous,Gorgeous,party; theatrical,4,No,For sale,1.0.0,Yes,SocksTexSequins0,537,4743,pKRC3yY3R5RkyxY5x,1287
sequin leggings,,,Yellow,No,940,235,23,Yellow,Yellow,1x1,,,Kicks; Kicks' Co-op,,,,All Year,All Year,,Free,Gorgeous,Gorgeous,party; theatrical,5,No,For sale,1.0.0,Yes,SocksTexSequins3,537,11582,Esh9SXsXcdtLvBaNY,2D3E
sequin leggings,,,Green,No,940,235,23,Green,Green,1x1,,,Kicks; Kicks' Co-op,,,,All Year,All Year,,Free,Gorgeous,Gorgeous,party; theatrical,6,No,For sale,1.0.0,Yes,SocksTexSequins7,537,11586,J53GKGigQmiYbR92q,2D42
sequin leggings,,,Blue,No,940,235,23,Blue,Blue,1x1,,,Kicks; Kicks' Co-op,,,,All Year,All Year,,Free,Gorgeous,Gorgeous,party; theatrical,7,No,For sale,1.0.0,Yes,SocksTexSequins5,537,11584,CN7jyWoBhp9yTgyC6,2D40
sequin leggings,,,Purple,No,940,235,23,Purple,Purple,1x1,,,Kicks; Kicks' Co-op,,,,All Year,All Year,,Free,Gorgeous,Gorgeous,party; theatrical,8,No,For sale,1.0.0,Yes,SocksTexSequins6,537,11585,NQtAZA8S9JxtKcuvJ,2D41
sheer socks,,,Gray,No,600,150,23,Gray,Gray,1x1,,,Kicks; Kicks' Co-op,,Fall (shopping),Yes,Fall,Autumn,,Free,Elegant,Cute,everyday; formal; party,1,No,For sale,1.0.0,Yes,SocksTexSeethrough5,886,9932,38sduqDDHJFtnAfuF,26CC
sheer socks,,,Berry red,No,600,150,23,Red,Red,1x1,,,Kicks; Kicks' Co-op,,Fall (shopping),Yes,Fall,Autumn,,Free,Elegant,Cute,everyday; formal; party,2,No,For sale,1.0.0,Yes,SocksTexSeethrough1,886,9928,vwEun3iFbpAxkN9YM,26C8
sheer socks,,,Green,No,600,150,23,Green,Green,1x1,,,Kicks; Kicks' Co-op,,Fall (shopping),Yes,Fall,Autumn,,Free,Elegant,Cute,everyday; formal; party,3,No,For sale,1.0.0,Yes,SocksTexSeethrough3,886,9930,j7pziPZTkZveBAuPv,26CA
sheer socks,,,Olive,No,600,150,23,Green,Green,1x1,,,Kicks; Kicks' Co-op,,Fall (shopping),Yes,Fall,Autumn,,Free,Elegant,Cute,everyday; formal; party,4,No,For sale,1.0.0,Yes,SocksTexSeethrough4,886,9931,WNq5e8Fxyh8xiXGQx,26CB
sheer socks,,,Blue,No,600,150,23,Blue,Blue,1x1,,,Kicks; Kicks' Co-op,,Fall (shopping),Yes,Fall,Autumn,,Free,Elegant,Cute,everyday; formal; party,5,No,For sale,1.0.0,Yes,SocksTexSeethrough0,886,5812,nMjTv2ajZrHaFzWcJ,16B4
sheer socks,,,Brown,No,600,150,23,Brown,Brown,1x1,,,Kicks; Kicks' Co-op,,Fall (shopping),Yes,Fall,Autumn,,Free,Elegant,Cute,everyday; formal; party,6,No,For sale,1.0.0,Yes,SocksTexSeethrough2,886,9929,Yg79sKrkCuNmim6Lh,26C9
simple knee-high socks,,,White,No,600,150,23,White,White,1x1,,,Kicks; Kicks' Co-op,,,,All Year,All Year,,Free,Cute,Simple,everyday,1,No,For sale,1.0.0,Yes,SocksTexSimpleknee1,1189,12182,XtJFPeWuftyf2oPz4,2F96
simple knee-high socks,,,Red,No,600,150,23,Red,Red,1x1,,,Kicks; Kicks' Co-op,,,,All Year,All Year,,Free,Cute,Simple,everyday,2,No,For sale,1.0.0,Yes,SocksTexSimpleknee2,1189,12183,RGA5qnS5QpyYE9YMo,2F97
simple knee-high socks,,,Pink,No,600,150,23,Pink,Pink,1x1,,,Kicks; Kicks' Co-op,,,,All Year,All Year,,Free,Cute,Simple,everyday,3,No,For sale,1.0.0,Yes,SocksTexSimpleknee0,1189,12175,zFnCYaxy784dqgR64,2F8F
simple knee-high socks,,,Blue,No,600,150,23,Aqua,Aqua,1x1,,,Kicks; Kicks' Co-op,,,,All Year,All Year,,Free,Cute,Simple,everyday,4,No,For sale,1.0.0,Yes,SocksTexSimpleknee3,1189,12184,SxXnBrRAxfq3x28sc,2F98
simple-accent socks,,,White,No,720,180,51,White,Black,1x1,,,Able Sisters,Available from either Mabel's temporary shop or Able Sisters shop,,,All Year,Spring,Summer,Free,Simple,Simple,everyday; formal,1,No,For sale,1.0.0,Yes,SocksTexOnepoint2,624,9083,oDiizez3yxj6HtyQr,237B
simple-accent socks,,,Gray,No,720,180,51,Gray,Aqua,1x1,,,Able Sisters,Available from either Mabel's temporary shop or Able Sisters shop,,,All Year,Spring,,Free,Simple,Simple,everyday; formal,2,No,For sale,1.0.0,Yes,SocksTexOnepoint3,624,9084,og9QPp6jXLwv9RfEZ,237C
simple-accent socks,,,Black,No,720,180,51,Black,White,1x1,,,Able Sisters,Available from either Mabel's temporary shop or Able Sisters shop,,,All Year,Spring,,Free,Simple,Simple,everyday; formal,3,No,For sale,1.0.0,Yes,SocksTexOnepoint1,624,9082,aF6MoJRq25nmozuqJ,237A
simple-accent socks,,,Red,No,720,180,51,Red,Black,1x1,,,Able Sisters,Available from either Mabel's temporary shop or Able Sisters shop,,,All Year,Spring,,Free,Simple,Simple,everyday; formal,4,No,For sale,1.0.0,Yes,SocksTexOnepoint6,624,9087,4sozM46zqJys5bcFt,237F
simple-accent socks,,,Pink,No,720,180,51,Pink,White,1x1,,,Able Sisters,Available from either Mabel's temporary shop or Able Sisters shop,,,All Year,Spring,,Free,Simple,Simple,everyday; formal,5,No,For sale,1.0.0,Yes,SocksTexOnepoint7,624,9088,ZKHg7YC8qTrpLm76X,2380
simple-accent socks,,,Orange,No,720,180,51,Orange,Yellow,1x1,,,Able Sisters,Available from either Mabel's temporary shop or Able Sisters shop,,,All Year,Spring,All Year,Free,Simple,Simple,everyday; formal,6,No,For sale,1.0.0,Yes,SocksTexOnepoint5,624,9086,AYXDKak7MRoKKJ24J,237E
simple-accent socks,,,Navy blue,No,720,180,51,Blue,Red,1x1,,,Able Sisters,Available from either Mabel's temporary shop or Able Sisters shop,,,All Year,Spring,Summer,Free,Simple,Simple,everyday; formal,7,No,For sale,1.0.0,Yes,SocksTexOnepoint0,624,5200,pXiEbRv6KpRzR2HhF,1450
simple-accent socks,,,Blue,No,720,180,51,Blue,Aqua,1x1,,,Able Sisters,Available from either Mabel's temporary shop or Able Sisters shop,,,All Year,Spring,,Free,Simple,Simple,everyday; formal,8,No,For sale,1.0.0,Yes,SocksTexOnepoint4,624,9085,4odTg8BmPySYZensZ,237D
soccer socks,,,White,No,800,200,23,White,Black,1x1,,,Kicks; Kicks' Co-op,,,,All Year,All Year,,Free,Active,Active,sporty; work,1,No,For sale,1.0.0,Yes,SocksTexFootball6,609,9978,y72GvNAoswc8fgK6p,26FA
soccer socks,,,Black,No,800,200,23,Black,White,1x1,,,Kicks; Kicks' Co-op,,,,All Year,All Year,,Free,Active,Active,sporty; work,2,No,For sale,1.0.0,Yes,SocksTexFootball4,609,9976,kSEJpobnFBFviu4sX,26F8
soccer socks,,,Red,No,800,200,23,Red,White,1x1,,,Kicks; Kicks' Co-op,,,,All Year,All Year,,Free,Active,Active,sporty; work,3,No,For sale,1.0.0,Yes,SocksTexFootball1,609,9973,4QejjPC38oza2u98X,26F5
soccer socks,,,Orange,No,800,200,23,Orange,White,1x1,,,Kicks; Kicks' Co-op,,,,All Year,All Year,,Free,Active,Active,sporty; work,4,No,For sale,1.0.0,Yes,SocksTexFootball5,609,9977,tsnTTCg9bosbBLXpS,26F9
soccer socks,,,Green,No,800,200,23,Green,White,1x1,,,Kicks; Kicks' Co-op,,,,All Year,All Year,,Free,Active,Active,sporty; work,5,No,For sale,1.0.0,Yes,SocksTexFootball2,609,9974,zbWuXc2n8WYG7rnNY,26F6
soccer socks,,,Light blue,No,800,200,23,Aqua,White,1x1,,,Kicks; Kicks' Co-op,,,,All Year,All Year,,Free,Active,Active,sporty; work,6,No,For sale,1.0.0,Yes,SocksTexFootball3,609,9975,Mk4mRFChWdZxYsqcu,26F7
soccer socks,,,Blue,No,800,200,23,Blue,White,1x1,,,Kicks; Kicks' Co-op,,,,All Year,All Year,,Free,Active,Active,sporty; work,7,No,For sale,1.0.0,Yes,SocksTexFootball0,609,5177,xwcWvpsyxDjwwF7jt,1439
spider-web tights,,,White,No,720,180,23,White,White,1x1,,,Kicks; Kicks' Co-op,,Fall (shopping),Yes,Fall,Autumn,,Free,Cool,Cool,goth; party; theatrical,1,No,For sale,1.0.0,Yes,SocksTexSpider1,627,9671,Q8ktndrSuTbgX4GWP,25C7
spider-web tights,,,Black,No,720,180,23,Black,Black,1x1,,,Kicks; Kicks' Co-op,,Fall (shopping),Yes,Fall,Autumn,,Free,Cool,Cool,goth; party; theatrical,2,No,For sale,1.0.0,Yes,SocksTexSpider0,627,5203,SR5g7wLo5uvQ9TaYe,1453
spider-web tights,,,Orange,No,720,180,23,Orange,Orange,1x1,,,Kicks; Kicks' Co-op,,Fall (shopping),Yes,Fall,Autumn,,Free,Cool,Cool,goth; party; theatrical,3,No,For sale,1.0.0,Yes,SocksTexSpider2,627,9672,vbFcKTrEoZZ4EjYWC,25C8
spider-web tights,,,Purple,No,720,180,23,Purple,Purple,1x1,,,Kicks; Kicks' Co-op,,Fall (shopping),Yes,Fall,Autumn,,Free,Cool,Cool,goth; party; theatrical,4,No,For sale,1.0.0,Yes,SocksTexSpider3,627,9673,8GMMKmgvcPFx5z4sK,25C9
stockings,,,White,No,480,120,51,White,White,1x1,,,Able Sisters,Available from either Mabel's temporary shop or Able Sisters shop,,,All Year,Autumn,,Free,Simple,Simple,everyday; work,1,No,For sale,1.0.0,Yes,SocksTexTights2,47,9656,psXxbMdjsh7D9tHpQ,25B8
stockings,,,Gray,No,480,120,51,Gray,Gray,1x1,,,Able Sisters,Available from either Mabel's temporary shop or Able Sisters shop,,,All Year,Autumn,,Free,Simple,Simple,everyday; work,2,No,For sale,1.0.0,Yes,SocksTexTights1,47,9655,LcGtPT8D5FAwyTDeH,25B7
stockings,,,Black,No,480,120,51,Black,Black,1x1,,,Able Sisters,Available from either Mabel's temporary shop or Able Sisters shop,,,All Year,Autumn,,Free,Simple,Simple,everyday; work,3,No,For sale,1.0.0,Yes,SocksTexTights0,47,3095,2uXpSKSXayL8rWmwq,0C17
stockings,,,Brown,No,480,120,51,Brown,Brown,1x1,,,Able Sisters,Available from either Mabel's temporary shop or Able Sisters shop,,,All Year,Autumn,,Free,Simple,Simple,everyday; work,4,No,For sale,1.0.0,Yes,SocksTexTights3,47,9657,GnwPZXALfY7WD3FZh,25B9
stockings,,,Beige,No,480,120,51,Beige,Beige,1x1,,,Able Sisters,Available from either Mabel's temporary shop or Able Sisters shop,,,All Year,Autumn,All Year,Free,Simple,Simple,everyday; work,5,No,For sale,1.0.0,Yes,SocksTexTights4,47,9658,BBH3W3NDeZqwSizDY,25BA
stretch leggings,,,White,No,450,112,51,White,White,1x1,,,Able Sisters,Available from either Mabel's temporary shop or Able Sisters shop,,,All Year,All Year,,Free,Simple,Simple,everyday; outdoorsy; sporty,1,No,For sale,1.0.0,Yes,SocksTexLeggings3,538,9778,ERLTKc3eKLSNLN9eZ,2632
stretch leggings,,,Gray,No,450,112,51,Gray,Gray,1x1,,,Able Sisters,Available from either Mabel's temporary shop or Able Sisters shop,,,All Year,All Year,All Year,Free,Simple,Simple,everyday; outdoorsy; sporty,2,No,For sale,1.0.0,Yes,SocksTexLeggings1,538,9776,6H8evYPQyriD32JQg,2630
stretch leggings,,,Dark gray,No,450,112,51,Gray,Gray,1x1,,,Able Sisters,Available from either Mabel's temporary shop or Able Sisters shop,,,All Year,All Year,Summer,Free,Simple,Simple,everyday; outdoorsy; sporty,3,No,For sale,1.0.0,Yes,SocksTexLeggings2,538,9777,KSfWAQcAE6BqrYSRP,2631
stretch leggings,,,Black,No,450,112,51,Black,Black,1x1,,,Able Sisters,Available from either Mabel's temporary shop or Able Sisters shop,,,All Year,All Year,All Year,Free,Simple,Simple,everyday; outdoorsy; sporty,4,No,For sale,1.0.0,Yes,SocksTexLeggings4,538,9779,jW9cCN469obn7jucv,2633
stretch leggings,,,Green,No,450,112,51,Green,Green,1x1,,,Able Sisters,Available from either Mabel's temporary shop or Able Sisters shop,,,All Year,All Year,Winter,Free,Simple,Simple,everyday; outdoorsy; sporty,5,No,For sale,1.0.0,Yes,SocksTexLeggings6,538,9781,9Z3ddEpG4AYFQxaEj,2635
stretch leggings,,,Navy blue,No,450,112,51,Blue,Blue,1x1,,,Able Sisters,Available from either Mabel's temporary shop or Able Sisters shop,,,All Year,All Year,,Free,Simple,Simple,everyday; outdoorsy; sporty,6,No,For sale,1.0.0,Yes,SocksTexLeggings0,538,4744,ixedzMQJwA7Zif56r,1288
stretch leggings,,,Brown,No,450,112,51,Brown,Brown,1x1,,,Able Sisters,Available from either Mabel's temporary shop or Able Sisters shop,,,All Year,All Year,,Free,Simple,Simple,everyday; outdoorsy; sporty,7,No,For sale,1.0.0,Yes,SocksTexLeggings5,538,9780,SHRKAQav7w9yMQPag,2634
striped socks,,,Monotone,No,600,150,51,Black,White,1x1,,,Able Sisters,Available from either Mabel's temporary shop or Able Sisters shop,,,All Year,All Year,,Free,Simple,Simple,everyday; comfy,1,No,For sale,1.0.0,Yes,SocksTexBorder0,623,5199,t9tggbKqbrE7cm7ZY,144F
striped socks,,,Red,No,600,150,51,Red,White,1x1,,,Able Sisters,Available from either Mabel's temporary shop or Able Sisters shop,,,All Year,All Year,,Free,Simple,Simple,everyday; comfy,2,No,For sale,1.0.0,Yes,SocksTexBorder5,623,9999,2ECQP2p6gd3d2Xiqq,270F
striped socks,,,Orange,No,600,150,51,Orange,White,1x1,,,Able Sisters,Available from either Mabel's temporary shop or Able Sisters shop,,,All Year,All Year,,Free,Simple,Simple,everyday; comfy,3,No,For sale,1.0.0,Yes,SocksTexBorder4,623,9998,EoL5z2pvu3WkYoENu,270E
striped socks,,,Yellow,No,600,150,51,Yellow,White,1x1,,,Able Sisters,Available from either Mabel's temporary shop or Able Sisters shop,,,All Year,All Year,,Free,Simple,Simple,everyday; comfy,4,No,For sale,1.0.0,Yes,SocksTexBorder3,623,9997,LxMR9hdCLhn7g2Y9D,270D
striped socks,,,Green,No,600,150,51,Green,White,1x1,,,Able Sisters,Available from either Mabel's temporary shop or Able Sisters shop,,,All Year,All Year,,Free,Simple,Simple,everyday; comfy,5,No,For sale,1.0.0,Yes,SocksTexBorder2,623,9996,qSyP6Jt6tHYQR3vEN,270C
striped socks,,,Light blue,No,600,150,51,Aqua,White,1x1,,,Able Sisters,Available from either Mabel's temporary shop or Able Sisters shop,,,All Year,All Year,,Free,Simple,Simple,everyday; comfy,6,No,For sale,1.0.0,Yes,SocksTexBorder1,623,6902,rbnvg68hfQu4YFrWn,1AF6
striped socks,,,Blue,No,600,150,51,Blue,White,1x1,,,Able Sisters,Available from either Mabel's temporary shop or Able Sisters shop,,,All Year,All Year,,Free,Simple,Simple,everyday; comfy,7,No,For sale,1.0.0,Yes,SocksTexBorder7,623,10001,v4aS6bX6iZQm5vbzM,2711
striped socks,,,Purple,No,600,150,51,Purple,White,1x1,,,Able Sisters,Available from either Mabel's temporary shop or Able Sisters shop,,,All Year,All Year,,Free,Simple,Simple,everyday; comfy,8,No,For sale,1.0.0,Yes,SocksTexBorder6,623,10000,XXHrJMsWnq2SuvFGz,2710
striped tights,,,Gray,No,720,180,51,Gray,Black,1x1,,,Able Sisters,Available from Able Sisters shop only,,,All Year,All Year,,Free,Gorgeous,Gorgeous,party; theatrical,1,No,For sale,1.0.0,Yes,SocksTexStripe1,927,9937,fCNB87FXmS7cJJtkQ,26D1
striped tights,,,Red,No,720,180,51,Red,Black,1x1,,,Able Sisters,Available from Able Sisters shop only,,,All Year,All Year,,Free,Gorgeous,Gorgeous,party; theatrical,2,No,For sale,1.0.0,Yes,SocksTexStripe0,927,6045,PNMohFRGwDWXGQ7r9,179D
striped tights,,,Pink,No,720,180,51,Pink,Black,1x1,,,Able Sisters,Available from Able Sisters shop only,,,All Year,All Year,,Free,Gorgeous,Gorgeous,party; theatrical,3,No,For sale,1.0.0,Yes,SocksTexStripe2,927,9938,GjSvq9AEsbSj4L4ct,26D2
striped tights,,,Orange,No,720,180,51,Orange,Black,1x1,,,Able Sisters,Available from Able Sisters shop only,,,All Year,All Year,,Free,Gorgeous,Gorgeous,party; theatrical,4,No,For sale,1.0.0,Yes,SocksTexStripe7,927,9943,MFxpesNYcvptjTHHY,26D7
striped tights,,,Yellow,No,720,180,51,Yellow,Black,1x1,,,Able Sisters,Available from Able Sisters shop only,,,All Year,All Year,,Free,Gorgeous,Gorgeous,party; theatrical,5,No,For sale,1.0.0,Yes,SocksTexStripe4,927,9940,bxoHZt9xhQQAWnk6e,26D4
striped tights,,,Green,No,720,180,51,Green,Black,1x1,,,Able Sisters,Available from Able Sisters shop only,,,All Year,All Year,,Free,Gorgeous,Gorgeous,party; theatrical,6,No,For sale,1.0.0,Yes,SocksTexStripe6,927,9942,vx83ey5MNpgbkw7d8,26D6
striped tights,,,Light blue,No,720,180,51,Aqua,Black,1x1,,,Able Sisters,Available from Able Sisters shop only,,,All Year,All Year,,Free,Gorgeous,Gorgeous,party; theatrical,7,No,For sale,1.0.0,Yes,SocksTexStripe3,927,9939,ascM9HQW8zQ836QHZ,26D3
striped tights,,,Purple,No,720,180,51,Purple,Black,1x1,,,Able Sisters,Available from Able Sisters shop only,,,All Year,All Year,,Free,Gorgeous,Gorgeous,party; theatrical,8,No,For sale,1.0.0,Yes,SocksTexStripe5,927,9941,xjPhMuuZLe7g5nQux,26D5
tabi,,,White,No,1200,300,51,White,White,1x1,,,Able Sisters,Available from Able Sisters shop only,,,All Year,All Year,,Free,Simple,Simple,everyday; formal; party,1,No,For sale,1.0.0,Yes,SocksTexTabi0,543,4749,KfRLgXY6TYdMTrS8A,128D
tabi,,,Black,No,1200,300,51,Black,Black,1x1,,,Able Sisters,Available from Able Sisters shop only,,,All Year,All Year,,Free,Simple,Simple,everyday; formal; party,2,No,For sale,1.0.0,Yes,SocksTexTabi1,543,8929,iph2HdeGDjsBYj8Yx,22E1
tabi,,,Navy blue,No,1200,300,51,Blue,Blue,1x1,,,Able Sisters,Available from Able Sisters shop only,,,All Year,All Year,,Free,Simple,Simple,everyday; formal; party,3,No,For sale,1.0.0,Yes,SocksTexTabi2,543,8930,brQgmrTHCaRLuxPrt,22E2
terry-cloth socks,,,Gray,No,600,150,51,Gray,White,1x1,,,Able Sisters,Available from either Mabel's temporary shop or Able Sisters shop,Winter (shopping),No,Winter,Winter,,Free,Cute,Cute,fairy tale; comfy,1,No,For sale,1.0.0,Yes,SocksTexFluffy6,613,9984,oWyAYb3Tm9QD65J8v,2700
terry-cloth socks,,,Red,No,600,150,51,Red,White,1x1,,,Able Sisters,Available from either Mabel's temporary shop or Able Sisters shop,Winter (shopping),No,Winter,Winter,,Free,Cute,Cute,fairy tale; comfy,2,No,For sale,1.0.0,Yes,SocksTexFluffy5,613,9983,bQKLrkboL3tGTmJ5i,26FF
terry-cloth socks,,,Pink,No,600,150,51,Pink,White,1x1,,,Able Sisters,Available from either Mabel's temporary shop or Able Sisters shop,Winter (shopping),No,Winter,Winter,,Free,Cute,Cute,fairy tale; comfy,3,No,For sale,1.0.0,Yes,SocksTexFluffy0,613,5181,zG2c5nGSwNAtEYA24,143D
terry-cloth socks,,,Green,No,600,150,51,Green,White,1x1,,,Able Sisters,Available from either Mabel's temporary shop or Able Sisters shop,Winter (shopping),No,Winter,Winter,,Free,Cute,Cute,fairy tale; comfy,4,No,For sale,1.0.0,Yes,SocksTexFluffy3,613,9981,J4oqoEe8hyEz9qBob,26FD
terry-cloth socks,,,Blue,No,600,150,51,Aqua,White,1x1,,,Able Sisters,Available from either Mabel's temporary shop or Able Sisters shop,Winter (shopping),No,Winter,Winter,,Free,Cute,Cute,fairy tale; comfy,5,No,For sale,1.0.0,Yes,SocksTexFluffy2,613,9980,hygdPjz55qgkjrdxz,26FC
terry-cloth socks,,,Purple,No,600,150,51,Purple,White,1x1,,,Able Sisters,Available from either Mabel's temporary shop or Able Sisters shop,Winter (shopping),No,Winter,Winter,,Free,Cute,Cute,fairy tale; comfy,6,No,For sale,1.0.0,Yes,SocksTexFluffy1,613,9979,kSPNXN3pQosJcuwgG,26FB
terry-cloth socks,,,Beige,No,600,150,51,Beige,White,1x1,,,Able Sisters,Available from either Mabel's temporary shop or Able Sisters shop,Winter (shopping),No,Winter,Winter,,Free,Cute,Cute,fairy tale; comfy,7,No,For sale,1.0.0,Yes,SocksTexFluffy4,613,9982,wtcZP59Bep5AdBvnW,26FE
tube socks,,,Red,No,480,120,51,White,Red,1x1,,,Able Sisters,Available from either Mabel's temporary shop or Able Sisters shop,,,All Year,All Year,,Free,Simple,Active,everyday; outdoorsy; sporty,1,No,For sale,1.0.0,Yes,SocksTexLine3,540,9968,R5s3b5xWWYSfshCR2,26F0
tube socks,,,Orange,No,480,120,51,White,Orange,1x1,,,Able Sisters,Available from either Mabel's temporary shop or Able Sisters shop,,,All Year,All Year,All Year,Free,Simple,Active,everyday; outdoorsy; sporty,2,No,For sale,1.0.0,Yes,SocksTexLine1,540,9966,uKZ6dMzWnvFWRds6j,26EE
tube socks,,,Green,No,480,120,51,White,Green,1x1,,,Able Sisters,Available from either Mabel's temporary shop or Able Sisters shop,,,All Year,All Year,,Free,Simple,Active,everyday; outdoorsy; sporty,3,No,For sale,1.0.0,Yes,SocksTexLine2,540,9967,jSogLE7tMPqgbgYqm,26EF
tube socks,,,Blue,No,480,120,51,White,Blue,1x1,,,Able Sisters,Available from either Mabel's temporary shop or Able Sisters shop,,,All Year,All Year,,Free,Simple,Active,everyday; outdoorsy; sporty,4,No,For sale,1.0.0,Yes,SocksTexLine0,540,4746,xoupDJWYgiuYScJjP,128A
tube socks,,,Berry red,No,480,120,51,Gray,Red,1x1,,,Able Sisters,Available from either Mabel's temporary shop or Able Sisters shop,,,All Year,All Year,,Free,Simple,Active,everyday; outdoorsy; sporty,5,No,For sale,1.0.0,Yes,SocksTexLine5,540,9970,5KWePAFBtAZXKMZk2,26F2
tube socks,,,Dark green,No,480,120,51,Gray,Green,1x1,,,Able Sisters,Available from either Mabel's temporary shop or Able Sisters shop,,,All Year,All Year,,Free,Simple,Active,everyday; outdoorsy; sporty,6,No,For sale,1.0.0,Yes,SocksTexLine6,540,9971,t9Q2Hk6RbHFt7ph5t,26F3
tube socks,,,Navy blue,No,480,120,51,Gray,Blue,1x1,,,Able Sisters,Available from either Mabel's temporary shop or Able Sisters shop,,,All Year,All Year,,Free,Simple,Active,everyday; outdoorsy; sporty,7,No,For sale,1.0.0,Yes,SocksTexLine4,540,9969,BuvT97X2dh9FY2BYf,26F1
tube socks,,,Purple,No,480,120,51,Gray,Purple,1x1,,,Able Sisters,Available from either Mabel's temporary shop or Able Sisters shop,,,All Year,All Year,,Free,Simple,Active,everyday; outdoorsy; sporty,8,No,For sale,1.0.0,Yes,SocksTexLine7,540,9972,PnoczFigxSjbCZwA2,26F4
ultra no-show socks,,,White,No,480,120,51,White,White,1x1,,,Able Sisters,Available from either Mabel's temporary shop or Able Sisters shop,,,All Year,Summer,,Free,Simple,Active,everyday; outdoorsy; sporty,1,No,For sale,1.0.0,Yes,SocksTexFootcover7,600,10016,oMaoadYMsSq69Wwim,2720
ultra no-show socks,,,Black,No,480,120,51,Black,Black,1x1,,,Able Sisters,Available from either Mabel's temporary shop or Able Sisters shop,,,All Year,Summer,,Free,Simple,Active,everyday; outdoorsy; sporty,2,No,For sale,1.0.0,Yes,SocksTexFootcover6,600,10015,oCkrAgFbomNriMJY3,271F
ultra no-show socks,,,Pink,No,480,120,51,Pink,Pink,1x1,,,Able Sisters,Available from either Mabel's temporary shop or Able Sisters shop,,,All Year,Summer,,Free,Simple,Active,everyday; outdoorsy; sporty,3,No,For sale,1.0.0,Yes,SocksTexFootcover1,600,10010,2ifRj79NaD3X4wXAR,271A
ultra no-show socks,,,Olive,No,480,120,51,Green,Green,1x1,,,Able Sisters,Available from either Mabel's temporary shop or Able Sisters shop,,,All Year,Summer,,Free,Simple,Active,everyday; outdoorsy; sporty,4,No,For sale,1.0.0,Yes,SocksTexFootcover3,600,10012,rQG8qATgfDzfi392j,271C
ultra no-show socks,,,Green,No,480,120,51,Green,Green,1x1,,,Able Sisters,Available from either Mabel's temporary shop or Able Sisters shop,,,All Year,Summer,,Free,Simple,Active,everyday; outdoorsy; sporty,5,No,For sale,1.0.0,Yes,SocksTexFootcover4,600,10013,wKeAGu8o4PcjQ47EF,271D
ultra no-show socks,,,Blue,No,480,120,51,Blue,Blue,1x1,,,Able Sisters,Available from either Mabel's temporary shop or Able Sisters shop,,,All Year,Summer,,Free,Simple,Active,everyday; outdoorsy; sporty,6,No,For sale,1.0.0,Yes,SocksTexFootcover0,600,5167,EMiBarZr7cxvEFmmF,142F
ultra no-show socks,,,Purple,No,480,120,51,Purple,Purple,1x1,,,Able Sisters,Available from either Mabel's temporary shop or Able Sisters shop,,,All Year,Summer,,Free,Simple,Active,everyday; outdoorsy; sporty,7,No,For sale,1.0.0,Yes,SocksTexFootcover5,600,10014,2KsDq7dXnzAhT6YqC,271E
ultra no-show socks,,,Brown,No,480,120,51,Brown,Brown,1x1,,,Able Sisters,Available from either Mabel's temporary shop or Able Sisters shop,,,All Year,Summer,,Free,Simple,Active,everyday; outdoorsy; sporty,8,No,For sale,1.0.0,Yes,SocksTexFootcover2,600,10011,ddE25Lais494tdxrR,271B
vivid leggings,,,Red,No,450,112,51,Red,Red,1x1,,,Able Sisters,Available from Able Sisters shop only,,,All Year,All Year,,Free,Simple,Simple,outdoorsy; party; theatrical,1,No,For sale,1.0.0,Yes,SocksTexVividleggings2,1053,9802,srfYPBLHS6M55HMho,264A
vivid leggings,,,Pink,No,450,112,51,Pink,Pink,1x1,,,Able Sisters,Available from Able Sisters shop only,,,All Year,All Year,,Free,Simple,Simple,outdoorsy; party; theatrical,2,No,For sale,1.0.0,Yes,SocksTexVividleggings3,1053,9803,hPKNndPanerKb6ZNS,264B
vivid leggings,,,Orange,No,450,112,51,Orange,Orange,1x1,,,Able Sisters,Available from Able Sisters shop only,,,All Year,All Year,,Free,Simple,Simple,outdoorsy; party; theatrical,3,No,For sale,1.0.0,Yes,SocksTexVividleggings7,1053,9807,yanC6fx5Xfpr7ihup,264F
vivid leggings,,,Yellow,No,450,112,51,Yellow,Yellow,1x1,,,Able Sisters,Available from Able Sisters shop only,,,All Year,All Year,,Free,Simple,Simple,outdoorsy; party; theatrical,4,No,For sale,1.0.0,Yes,SocksTexVividleggings5,1053,9805,4NsYzSi2uTXWPcfS9,264D
vivid leggings,,,Green,No,450,112,51,Green,Green,1x1,,,Able Sisters,Available from Able Sisters shop only,,,All Year,All Year,,Free,Simple,Simple,outdoorsy; party; theatrical,5,No,For sale,1.0.0,Yes,SocksTexVividleggings6,1053,9806,wdaxnZxvxHNHFRKWD,264E
vivid leggings,,,Light blue,No,450,112,51,Aqua,Aqua,1x1,,,Able Sisters,Available from Able Sisters shop only,,,All Year,All Year,,Free,Simple,Simple,outdoorsy; party; theatrical,6,No,For sale,1.0.0,Yes,SocksTexVividleggings0,1053,9585,DGfxSf7iWuTH9AZ8c,2571
vivid leggings,,,Blue,No,450,112,51,Blue,Blue,1x1,,,Able Sisters,Available from Able Sisters shop only,,,All Year,All Year,,Free,Simple,Simple,outdoorsy; party; theatrical,7,No,For sale,1.0.0,Yes,SocksTexVividleggings4,1053,9804,bY3ozoCphnPNSk9n2,264C
vivid leggings,,,Purple,No,450,112,51,Purple,Purple,1x1,,,Able Sisters,Available from Able Sisters shop only,,,All Year,All Year,,Free,Simple,Simple,outdoorsy; party; theatrical,8,No,For sale,1.0.0,Yes,SocksTexVividleggings1,1053,9801,jvyWa8Rsq8xuwyRZf,2649
vivid socks,,,Red,No,480,120,51,Red,Red,1x1,,,Able Sisters,Available from Able Sisters shop only,,,All Year,All Year,,Free,Simple,Simple,everyday; party; theatrical,1,No,For sale,1.0.0,Yes,SocksTexVividsocks0,1002,9643,Rxro87k8H8TrwQXPd,25AB
vivid socks,,,Pink,No,480,120,51,Pink,Pink,1x1,,,Able Sisters,Available from Able Sisters shop only,,,All Year,All Year,,Free,Simple,Simple,everyday; party; theatrical,2,No,For sale,1.0.0,Yes,SocksTexVividsocks5,1002,10024,zyPHqnaxf97p8Eoi7,2728
vivid socks,,,Orange,No,480,120,51,Orange,Orange,1x1,,,Able Sisters,Available from Able Sisters shop only,,,All Year,All Year,,Free,Simple,Simple,everyday; party; theatrical,3,No,For sale,1.0.0,Yes,SocksTexVividsocks6,1002,10025,JEsGza6asSbSafpny,2729
vivid socks,,,Yellow,No,480,120,51,Yellow,Yellow,1x1,,,Able Sisters,Available from Able Sisters shop only,,,All Year,All Year,,Free,Simple,Simple,everyday; party; theatrical,4,No,For sale,1.0.0,Yes,SocksTexVividsocks7,1002,10026,TFPJBkLBn2W6qvHBg,272A
vivid socks,,,Green,No,480,120,51,Green,Green,1x1,,,Able Sisters,Available from Able Sisters shop only,,,All Year,All Year,,Free,Simple,Simple,everyday; party; theatrical,5,No,For sale,1.0.0,Yes,SocksTexStandard1,1002,6898,XbHAbJtk9itLL6dyw,1AF2
vivid socks,,,Light blue,No,480,120,51,Aqua,Aqua,1x1,,,Able Sisters,Available from Able Sisters shop only,,,All Year,All Year,,Free,Simple,Simple,everyday; party; theatrical,6,No,For sale,1.0.0,Yes,SocksTexVividsocks2,1002,10021,sFiwGiyfM7W228Rgj,2725
vivid socks,,,Blue,No,480,120,51,Blue,Blue,1x1,,,Able Sisters,Available from Able Sisters shop only,,,All Year,All Year,,Free,Simple,Simple,everyday; party; theatrical,7,No,For sale,1.0.0,Yes,SocksTexVividsocks3,1002,10022,XyvJ9o2uNuE5aD7cp,2726
vivid socks,,,Purple,No,480,120,51,Purple,Purple,1x1,,,Able Sisters,Available from Able Sisters shop only,,,All Year,All Year,,Free,Simple,Simple,everyday; party; theatrical,8,No,For sale,1.0.0,Yes,SocksTexVividsocks4,1002,10023,FnwWCqqFdcHhjk3oc,2727
vivid tights,,,Red,No,720,180,51,Red,Red,1x1,,,Able Sisters,Available from Able Sisters shop only,,,All Year,All Year,,Free,Simple,Simple,party; theatrical,1,No,For sale,1.0.0,Yes,SocksTexVividtights2,1051,9688,8jhmSZM88ZfjBfpGq,25D8
vivid tights,,,Pink,No,720,180,51,Pink,Pink,1x1,,,Able Sisters,Available from Able Sisters shop only,,,All Year,All Year,,Free,Simple,Simple,party; theatrical,2,No,For sale,1.0.0,Yes,SocksTexVividtights3,1051,9689,sG3bNkRZwchoYdELC,25D9
vivid tights,,,Orange,No,720,180,51,Orange,Orange,1x1,,,Able Sisters,Available from Able Sisters shop only,,,All Year,All Year,All Year,Free,Simple,Simple,party; theatrical,3,No,For sale,1.0.0,Yes,SocksTexVividtights7,1051,9693,yto8H9GL63QbRHstv,25DD
vivid tights,,,Yellow,No,720,180,51,Yellow,Yellow,1x1,,,Able Sisters,Available from Able Sisters shop only,,,All Year,All Year,,Free,Simple,Simple,party; theatrical,4,No,For sale,1.0.0,Yes,SocksTexVividtights5,1051,9691,aNew9qmcaiXhYs4TP,25DB
vivid tights,,,Green,No,720,180,51,Green,Green,1x1,,,Able Sisters,Available from Able Sisters shop only,,,All Year,All Year,,Free,Simple,Simple,party; theatrical,5,No,For sale,1.0.0,Yes,SocksTexVividtights6,1051,9692,zJDaR6fzSJnk3fP6q,25DC
vivid tights,,,Light blue,No,720,180,51,Aqua,Aqua,1x1,,,Able Sisters,Available from Able Sisters shop only,,,All Year,All Year,,Free,Simple,Simple,party; theatrical,6,No,For sale,1.0.0,Yes,SocksTexVividtights0,1051,9582,yamdxgmHzN5NEB4FX,256E
vivid tights,,,Blue,No,720,180,51,Blue,Blue,1x1,,,Able Sisters,Available from Able Sisters shop only,,,All Year,All Year,,Free,Simple,Simple,party; theatrical,7,No,For sale,1.0.0,Yes,SocksTexVividtights4,1051,9690,a5TeestnouHpJzfS5,25DA
vivid tights,,,Purple,No,720,180,51,Purple,Purple,1x1,,,Able Sisters,Available from Able Sisters shop only,,,All Year,All Year,,Free,Simple,Simple,party; theatrical,8,No,For sale,1.0.0,Yes,SocksTexVividtights1,1051,9687,BwdAj9CGve2HkyoD6,25D7
wave-print socks,,,Gray,No,600,150,23,Black,Gray,1x1,,,Kicks; Kicks' Co-op,,,,All Year,All Year,,Free,Cool,Simple,everyday,1,No,For sale,1.0.0,Yes,SocksTexWave4,887,9936,pbQLWsjHhC4KZ9RrK,26D0
wave-print socks,,,Green,No,600,150,23,Green,Green,1x1,,,Kicks; Kicks' Co-op,,,,All Year,All Year,,Free,Cool,Simple,everyday,2,No,For sale,1.0.0,Yes,SocksTexWave3,887,9935,ivn7QK5oi2HAJjocA,26CF
wave-print socks,,,Blue,No,600,150,23,Blue,Aqua,1x1,,,Kicks; Kicks' Co-op,,,,All Year,All Year,,Free,Cool,Simple,everyday,3,No,For sale,1.0.0,Yes,SocksTexWave0,887,5813,dH74WoutZotxbpzxx,16B5
wave-print socks,,,Purple,No,600,150,23,Purple,Pink,1x1,,,Kicks; Kicks' Co-op,,,,All Year,All Year,,Free,Cool,Simple,everyday,4,No,For sale,1.0.0,Yes,SocksTexWave2,887,9934,Fodq95rD9FYWdxTWD,26CE
wave-print socks,,,Brown,No,600,150,23,Brown,Beige,1x1,,,Kicks; Kicks' Co-op,,,,All Year,All Year,,Free,Cool,Simple,everyday,5,No,For sale,1.0.0,Yes,SocksTexWave1,887,9933,PL58yC9hm87C7NE4u,26CD
