Name,Image,Variation,Body Title,DIY,Customize,Kit Cost,Kit Type,Cyrus Customize Price,Uses,Stack Size,Buy,Sell,HHA Base Points,HHA Concept 1,HHA Concept 2,Color 1,Color 2,Size,Set,Exchange Price,Exchange Currency,Source,Source Notes,Season/Event,Season/Event Exclusive,Villager Equippable,Food Power,Lighting Type,Catalog,Version Added,Unlocked?,Filename,Variant ID,Internal ID,Unique Entry ID,Internal ID as hex,Variant Pattern Encoded
axe,,,,Yes,No,,,,100,1,2500,625.0,0,,,Beige,Black,1x1,,,,Crafting; Nook's Cranny,,,,No,,No lighting,For sale,1.0.0,Yes,ToolAxe,,2100,iR9zzEhzpbXTGdkR4,0834,
bamboo wand,,,,Yes,No,,,,Unlimited,1,NFS,3900.0,201,,,Green,Beige,1x1,,,,Crafting,,young spring bamboo,Yes,No,,No lighting,Not for sale,1.0.0,Yes,ToolStickBamboo,,7590,YLjDYt9NhwTgoXhLD,1DA6,
bean-tossing kit,,,,No,No,,,,Unlimited,1,800,200.0,201,harmonious,,Beige,Beige,1x1,,,,Nook Shopping Seasonal,,Setsubun,Yes,No,,No lighting,Seasonal,1.7.0,Yes,ToolSoy0,,13914,Nn7qqRaw3SrP3Fd5H,365A,
berry-vanilla soft serve,,,,No,No,,,,3,1,NFS,150.0,0,,,Pink,Beige,1x1,,500.0,Bells,Redd's Co-op Raffle,,,,No,1.0,No lighting,Not for sale,2.0.0,Yes,ToolIcesoft3,,325,cPjiuP5KFRtkjWQqe,0145,
bitter-orange folding fan,,,,No,No,,,,Unlimited,1,NFS,200.0,0,,,Yellow,White,1x1,,500.0,Bells,Redd's Co-op Raffle,,,,No,,No lighting,Not for sale,2.0.0,Yes,ToolSensu2,,322,MqK2fS94eHu36fnFL,0142,
blue balloon,,,,No,No,,,,Unlimited,1,600,150.0,0,,,Blue,Blue,1x1,,500.0,Bells,Redd's Raffle; Nook's Cranny,Available from Redd's Raffle during Fireworks Shows; Available from Nook's Cranny rotating cabinet stock outside of August,Fireworks Show (1); Fireworks Show (2); Fireworks Show (3); Fireworks Show (4); Fireworks Show (5),No,No,,No lighting,For sale,1.4.0,Yes,ToolBalloonNormal,,7869,wZi9GW6MbpePQpvKY,1EBD,
blue sparkler,,,,No,No,,,,1,10,600,150.0,0,,,Blue,Colorful,1x1,,500.0,Bells,Redd's Raffle; Nook's Cranny,Available from Redd's Raffle during Fireworks Shows; Available from Nook's Cranny rotating cabinet stock outside of August,Fireworks Show (1); Fireworks Show (2); Fireworks Show (3); Fireworks Show (4); Fireworks Show (5),No,No,,No lighting,For sale,1.4.0,Yes,ToolFireworks1,,12974,nX6tAkPNA4xgzbhon,32AE,
boba coffee,,,,No,No,,,,3,1,600,150.0,0,,,Brown,Black,1x1,,500.0,Bells,Redd's Raffle,,Fireworks Show (1); Fireworks Show (2); Fireworks Show (3); Fireworks Show (4); Fireworks Show (5),Yes,No,1.0,No lighting,Not for sale,1.11.0,Yes,ToolTapioca4,,14742,jvf8uw5Mm44Q86cE2,3996,
boba green tea,,,,No,No,,,,3,1,600,150.0,0,,,Green,Orange,1x1,,500.0,Bells,Redd's Raffle,,Fireworks Show (1); Fireworks Show (2); Fireworks Show (3); Fireworks Show (4); Fireworks Show (5),Yes,No,1.0,No lighting,Not for sale,1.11.0,Yes,ToolTapioca2,,14747,c3bvzqk8C5iuuEbpo,399B,
boba mango tea,,,,No,No,,,,3,1,600,150.0,0,,,Orange,Purple,1x1,,500.0,Bells,Redd's Raffle,,Fireworks Show (1); Fireworks Show (2); Fireworks Show (3); Fireworks Show (4); Fireworks Show (5),Yes,No,1.0,No lighting,Not for sale,1.11.0,Yes,ToolTapioca3,,14746,m7BfnhqvLKr8Ybb6Z,399A,
boba milk tea,,,,No,No,,,,3,1,600,150.0,0,,,Beige,Green,1x1,,500.0,Bells,Redd's Raffle,,Fireworks Show (1); Fireworks Show (2); Fireworks Show (3); Fireworks Show (4); Fireworks Show (5),Yes,No,1.0,No lighting,Not for sale,1.11.0,Yes,ToolTapioca0,,14628,PbsfbtksDomE4a3Tp,3924,
boba strawberry tea,,,,No,No,,,,3,1,600,150.0,0,,,Pink,Blue,1x1,,500.0,Bells,Redd's Raffle,,Fireworks Show (1); Fireworks Show (2); Fireworks Show (3); Fireworks Show (4); Fireworks Show (5),Yes,No,1.0,No lighting,Not for sale,1.11.0,Yes,ToolTapioca1,,14745,WNeTxBFbMvah9kNyX,3999,
bubble blower,,,,No,No,,,,1,10,150,37.0,0,,,Pink,Pink,1x1,,500.0,Bells,Redd's Raffle; Nook's Cranny,Available from Redd's Raffle during Fireworks Shows; Available from Nook's Cranny rotating cabinet stock outside of August,Fireworks Show (1); Fireworks Show (2); Fireworks Show (3); Fireworks Show (4); Fireworks Show (5),No,No,,No lighting,For sale,1.4.0,Yes,ToolBubblesNormal,,4386,CQmL5dEmhYEGkCJCF,1122,
bug wand,,,,No,No,,,,Unlimited,1,NFS,1500.0,501,,,Pink,Yellow,1x1,,,,Flick,,Bug-Off (1); Bug-Off (2); Bug-Off (3); Bug-Off (4),Yes,No,,No lighting,Not for sale,1.0.0,Yes,ToolStcikInsect,,8769,vqp4KBeWgZjYbFj7Z,2241,
Bunny Day wand,,,,Yes,No,,,,Unlimited,1,NFS,11100.0,351,,,Colorful,Yellow,1x1,,,,Crafting,,Bunny Day,Yes,No,,No lighting,Not for sale,1.1.0,Yes,ToolStickEgg,,12578,26wk773sY75rKY2P4,3122,
canned apple juice,,,,No,No,,,,3,1,NFS,150.0,0,,,Red,White,1x1,,500.0,Bells,Redd's Co-op Raffle,,,,No,1.0,No lighting,Not for sale,2.0.0,Yes,ToolCanPlayer2,,14776,5RAGMWT54pZrdvXei,39B8,
canned coffee,,,,No,No,,,,3,1,NFS,150.0,0,,,Brown,Beige,1x1,,500.0,Bells,Redd's Co-op Raffle,,,,No,1.0,No lighting,Not for sale,2.0.0,Yes,ToolCanPlayer5,,14779,Kpi895thJ6Bfr4syt,39BB,
canned grape juice,,,,No,No,,,,3,1,NFS,150.0,0,,,Purple,White,1x1,,500.0,Bells,Redd's Co-op Raffle,,,,No,1.0,No lighting,Not for sale,2.0.0,Yes,ToolCanPlayer1,,14775,giyxqEHWEGh4xDekh,39B7,
canned green tea,,,,No,No,,,,3,1,NFS,150.0,0,,,Green,Green,1x1,,500.0,Bells,Redd's Co-op Raffle,,,,No,1.0,No lighting,Not for sale,2.0.0,Yes,ToolCanPlayer3,,14777,FFQfhzfqxvaobcXRR,39B9,
canned orange juice,,,,No,No,,,,3,1,NFS,150.0,0,,,Orange,White,1x1,,500.0,Bells,Redd's Co-op Raffle,,,,No,1.0,No lighting,Not for sale,2.0.0,Yes,ToolCanPlayer0,,14638,PM5ED38yRZQXdPZtP,392E,
canned soda,,,,No,No,,,,3,1,NFS,150.0,0,,,Pink,Pink,1x1,,500.0,Bells,Redd's Co-op Raffle,,,,No,1.0,No lighting,Not for sale,2.0.0,Yes,ToolCanPlayer7,,14781,yMkHtMPf5gyX2ee2f,39BD,
canned sports drink,,,,No,No,,,,3,1,NFS,150.0,0,,,Blue,White,1x1,,500.0,Bells,Redd's Co-op Raffle,,,,No,1.0,No lighting,Not for sale,2.0.0,Yes,ToolCanPlayer6,,14780,3MjBbTJtBegKirMmi,39BC,
canned tea,,,,No,No,,,,3,1,NFS,150.0,0,,,Yellow,Beige,1x1,,500.0,Bells,Redd's Co-op Raffle,,,,No,1.0,No lighting,Not for sale,2.0.0,Yes,ToolCanPlayer4,,14778,oimu26EsBYzL7gw3o,39BA,
cherry-blossom wand,,,,Yes,No,,,,Unlimited,1,NFS,2700.0,0,,,Pink,Brown,1x1,,,,Crafting,,cherry-blossom petals,Yes,No,,No lighting,Not for sale,1.0.0,Yes,ToolStickCherryblossom,,7589,WHHbg5ZqTMu4J2wm5,1DA5,
chitose ame,,,,No,No,,,,Unlimited,1,1000,250.0,201,,,White,Aqua,1x1,,,,Nook Shopping Seasonal,,Shichi-Go-San,Yes,No,,No lighting,Seasonal,1.11.0,Yes,ToolChitoseame,,14285,xySaM5pikyagoJnPP,37CD,
chocolate cone,,,,No,No,,,,3,1,NFS,150.0,0,,,Brown,Beige,1x1,,500.0,Bells,Redd's Co-op Raffle,,,,No,1.0,No lighting,Not for sale,2.0.0,Yes,ToolIcecream1,,14836,EMCmQBq4xFau27fyD,39F4,
chocolate donut,,,,No,No,,,,3,1,NFS,150.0,0,,,Beige,Brown,1x1,,500.0,Bells,Redd's Co-op Raffle,,,,No,1.0,No lighting,Not for sale,2.0.0,Yes,ToolDonutPlayer,,14641,XBfgMco2Q3hWf4Sou,3931,
chocolate frozen treat,,,,No,No,,,,3,1,600,150.0,0,,,Brown,Beige,1x1,,500.0,Bells,Redd's Raffle,,Fireworks Show (1); Fireworks Show (2); Fireworks Show (3); Fireworks Show (4); Fireworks Show (5),Yes,No,1.0,No lighting,Not for sale,1.11.0,Yes,ToolIcecandyPlayer2,,14631,bXeMhj9hB8mbcZe2p,3927,
chocolate soft serve,,,,No,No,,,,3,1,NFS,150.0,0,,,Brown,Beige,1x1,,500.0,Bells,Redd's Co-op Raffle,,,,No,1.0,No lighting,Not for sale,2.0.0,Yes,ToolIcesoft1,,327,gC8SEg2vRxFS5JNS7,0147,
colorful fishing rod,,Yellow,Color,No,Yes,1.0,Normal,1000.0,30,1,2500,625.0,0,,,Yellow,Orange,1x1,Colorful Tools,,,Nook's Cranny,Available in Nook's Cranny (upgraded only),,,Yes,,No lighting,For sale,1.0.0,Yes,ToolFishingrodDuck_Remake_0_0,0_0,8472,ZTf6fzMoETiRSgYyv,2118,"(0, 0)"
colorful fishing rod,,Orange,Color,No,Yes,1.0,Normal,1000.0,30,1,2500,625.0,0,,,Orange,Yellow,1x1,Colorful Tools,,,Nook's Cranny,Available in Nook's Cranny (upgraded only),,,Yes,,No lighting,For sale,1.0.0,Yes,ToolFishingrodDuck_Remake_1_0,1_0,8472,9RuY2ZBRztSNDRrfy,2118,"(1, 0)"
colorful fishing rod,,Blue,Color,No,Yes,1.0,Normal,1000.0,30,1,2500,625.0,0,,,Aqua,Yellow,1x1,Colorful Tools,,,Nook's Cranny,Available in Nook's Cranny (upgraded only),,,Yes,,No lighting,For sale,1.0.0,Yes,ToolFishingrodDuck_Remake_2_0,2_0,8472,8PASMoPi9YgSBQ2LK,2118,"(2, 0)"
colorful fishing rod,,Pink,Color,No,Yes,1.0,Normal,1000.0,30,1,2500,625.0,0,,,Pink,Yellow,1x1,Colorful Tools,,,Nook's Cranny,Available in Nook's Cranny (upgraded only),,,Yes,,No lighting,For sale,1.0.0,Yes,ToolFishingrodDuck_Remake_3_0,3_0,8472,sfSivSgSps27Jaz5M,2118,"(3, 0)"
colorful fishing rod,,Green,Color,No,Yes,1.0,Normal,1000.0,30,1,2500,625.0,0,,,Green,Blue,1x1,Colorful Tools,,,Nook's Cranny,Available in Nook's Cranny (upgraded only),,,Yes,,No lighting,For sale,1.0.0,Yes,ToolFishingrodDuck_Remake_4_0,4_0,8472,vnSiERDKYDcddtuv6,2118,"(4, 0)"
colorful fishing rod,,Purple,Color,No,Yes,1.0,Normal,1000.0,30,1,2500,625.0,0,,,Purple,Pink,1x1,Colorful Tools,,,Nook's Cranny,Available in Nook's Cranny (upgraded only),,,Yes,,No lighting,For sale,1.0.0,Yes,ToolFishingrodDuck_Remake_5_0,5_0,8472,avewXgm4JtCerDcd6,2118,"(5, 0)"
colorful fishing rod,,White,Color,No,Yes,1.0,Normal,1000.0,30,1,2500,625.0,0,,,White,Blue,1x1,Colorful Tools,,,Nook's Cranny,Available in Nook's Cranny (upgraded only),,,Yes,,No lighting,For sale,1.0.0,Yes,ToolFishingrodDuck_Remake_6_0,6_0,8472,wmcSp5RZAczawLnJf,2118,"(6, 0)"
colorful fishing rod,,Gray,Color,No,Yes,1.0,Normal,1000.0,30,1,2500,625.0,0,,,Black,Green,1x1,Colorful Tools,,,Nook's Cranny,Available in Nook's Cranny (upgraded only),,,Yes,,No lighting,For sale,1.0.0,Yes,ToolFishingrodDuck_Remake_7_0,7_0,8472,v76QddpoKv2M4XspK,2118,"(7, 0)"
colorful light stick,,,,No,No,,,,Unlimited,1,NFS,450.0,0,,,Colorful,Black,1x1,,500.0,Bells,Redd's Co-op Raffle,,,,No,,No lighting,Not for sale,2.0.0,Yes,ToolSticklightColorful,,14504,QWaoWAyy9S8DA7dPM,38A8,
colorful net,,Yellow & orange,Color,No,Yes,1.0,Normal,1000.0,30,1,2500,625.0,0,,,Yellow,Orange,1x1,Colorful Tools,,,Nook's Cranny,Available in Nook's Cranny (upgraded only),,,Yes,,No lighting,For sale,1.0.0,Yes,ToolNetPattern_Remake_0_0,0_0,8177,5wGjS9fxCaGhWK5Cv,1FF1,"(0, 0)"
colorful net,,Red & yellow,Color,No,Yes,1.0,Normal,1000.0,30,1,2500,625.0,0,,,Red,Yellow,1x1,Colorful Tools,,,Nook's Cranny,Available in Nook's Cranny (upgraded only),,,Yes,,No lighting,For sale,1.0.0,Yes,ToolNetPattern_Remake_1_0,1_0,8177,k4Ssqq2DesuGTy6hy,1FF1,"(1, 0)"
colorful net,,Orange & blue,Color,No,Yes,1.0,Normal,1000.0,30,1,2500,625.0,0,,,Orange,Blue,1x1,Colorful Tools,,,Nook's Cranny,Available in Nook's Cranny (upgraded only),,,Yes,,No lighting,For sale,1.0.0,Yes,ToolNetPattern_Remake_2_0,2_0,8177,6pJhWYNiuyZKuKvYz,1FF1,"(2, 0)"
colorful net,,Pink & yellow,Color,No,Yes,1.0,Normal,1000.0,30,1,2500,625.0,0,,,Pink,Yellow,1x1,Colorful Tools,,,Nook's Cranny,Available in Nook's Cranny (upgraded only),,,Yes,,No lighting,For sale,1.0.0,Yes,ToolNetPattern_Remake_3_0,3_0,8177,AmK8KNTDWxdrJH6h7,1FF1,"(3, 0)"
colorful net,,Green & blue,Color,No,Yes,1.0,Normal,1000.0,30,1,2500,625.0,0,,,Green,Blue,1x1,Colorful Tools,,,Nook's Cranny,Available in Nook's Cranny (upgraded only),,,Yes,,No lighting,For sale,1.0.0,Yes,ToolNetPattern_Remake_4_0,4_0,8177,zcdZjuNZWrHas5efC,1FF1,"(4, 0)"
colorful net,,Purple & pink,Color,No,Yes,1.0,Normal,1000.0,30,1,2500,625.0,0,,,Purple,Pink,1x1,Colorful Tools,,,Nook's Cranny,Available in Nook's Cranny (upgraded only),,,Yes,,No lighting,For sale,1.0.0,Yes,ToolNetPattern_Remake_5_0,5_0,8177,cTrR3cREJBqWZyfN6,1FF1,"(5, 0)"
colorful net,,White & blue,Color,No,Yes,1.0,Normal,1000.0,30,1,2500,625.0,0,,,White,Blue,1x1,Colorful Tools,,,Nook's Cranny,Available in Nook's Cranny (upgraded only),,,Yes,,No lighting,For sale,1.0.0,Yes,ToolNetPattern_Remake_6_0,6_0,8177,wFcTeKJ9gM4yLgfTQ,1FF1,"(6, 0)"
colorful net,,Gray & green,Color,No,Yes,1.0,Normal,1000.0,30,1,2500,625.0,0,,,Gray,Green,1x1,Colorful Tools,,,Nook's Cranny,Available in Nook's Cranny (upgraded only),,,Yes,,No lighting,For sale,1.0.0,Yes,ToolNetPattern_Remake_7_0,7_0,8177,kgBcZghywrT4j47vx,1FF1,"(7, 0)"
colorful shovel,,Yellow,Color,No,Yes,1.0,Normal,1000.0,100,1,2500,625.0,0,,,Yellow,Blue,1x1,Colorful Tools,,,Nook's Cranny,Available in Nook's Cranny (upgraded only),,,No,,No lighting,For sale,1.0.0,Yes,ToolScoopColorful_Remake_0_0,0_0,8577,ojvEkqxvFKKrrB6GR,2181,"(0, 0)"
colorful shovel,,Orange,Color,No,Yes,1.0,Normal,1000.0,100,1,2500,625.0,0,,,Red,Green,1x1,Colorful Tools,,,Nook's Cranny,Available in Nook's Cranny (upgraded only),,,No,,No lighting,For sale,1.0.0,Yes,ToolScoopColorful_Remake_1_0,1_0,8577,pnM6ygwcMS5KmSP6c,2181,"(1, 0)"
colorful shovel,,Blue,Color,No,Yes,1.0,Normal,1000.0,100,1,2500,625.0,0,,,Blue,Orange,1x1,Colorful Tools,,,Nook's Cranny,Available in Nook's Cranny (upgraded only),,,No,,No lighting,For sale,1.0.0,Yes,ToolScoopColorful_Remake_2_0,2_0,8577,MYmh4oANQabcGNjJ6,2181,"(2, 0)"
colorful shovel,,Pink,Color,No,Yes,1.0,Normal,1000.0,100,1,2500,625.0,0,,,Pink,Aqua,1x1,Colorful Tools,,,Nook's Cranny,Available in Nook's Cranny (upgraded only),,,No,,No lighting,For sale,1.0.0,Yes,ToolScoopColorful_Remake_3_0,3_0,8577,c3Frxwsyo8PSKZNya,2181,"(3, 0)"
colorful shovel,,Green,Color,No,Yes,1.0,Normal,1000.0,100,1,2500,625.0,0,,,Green,Yellow,1x1,Colorful Tools,,,Nook's Cranny,Available in Nook's Cranny (upgraded only),,,No,,No lighting,For sale,1.0.0,Yes,ToolScoopColorful_Remake_4_0,4_0,8577,RbQtnSAf4HNLKuao2,2181,"(4, 0)"
colorful shovel,,Purple,Color,No,Yes,1.0,Normal,1000.0,100,1,2500,625.0,0,,,Purple,Green,1x1,Colorful Tools,,,Nook's Cranny,Available in Nook's Cranny (upgraded only),,,No,,No lighting,For sale,1.0.0,Yes,ToolScoopColorful_Remake_5_0,5_0,8577,MiJwRTGjbkK5Jx3Zw,2181,"(5, 0)"
colorful shovel,,White,Color,No,Yes,1.0,Normal,1000.0,100,1,2500,625.0,0,,,White,Orange,1x1,Colorful Tools,,,Nook's Cranny,Available in Nook's Cranny (upgraded only),,,No,,No lighting,For sale,1.0.0,Yes,ToolScoopColorful_Remake_6_0,6_0,8577,XCrHq3vFnD83kY2Sg,2181,"(6, 0)"
colorful shovel,,Gray,Color,No,Yes,1.0,Normal,1000.0,100,1,2500,625.0,0,,,Black,Yellow,1x1,Colorful Tools,,,Nook's Cranny,Available in Nook's Cranny (upgraded only),,,No,,No lighting,For sale,1.0.0,Yes,ToolScoopColorful_Remake_7_0,7_0,8577,zo7TsB8NzfnFDA7yS,2181,"(7, 0)"
colorful slingshot,,Yellow,Color,No,Yes,1.0,Normal,1000.0,20,1,2500,625.0,0,,,Yellow,Orange,1x1,Colorful Tools,,,Nook's Cranny,Available in Nook's Cranny (upgraded only),,,No,,No lighting,For sale,1.0.0,Yes,ToolSlingshotColorful_Remake_0_0,0_0,8580,dSvd9K7sRTbx6k5cd,2184,"(0, 0)"
colorful slingshot,,Orange,Color,No,Yes,1.0,Normal,1000.0,20,1,2500,625.0,0,,,Red,Green,1x1,Colorful Tools,,,Nook's Cranny,Available in Nook's Cranny (upgraded only),,,No,,No lighting,For sale,1.0.0,Yes,ToolSlingshotColorful_Remake_1_0,1_0,8580,WAcZwYerSQtwujaPZ,2184,"(1, 0)"
colorful slingshot,,Blue,Color,No,Yes,1.0,Normal,1000.0,20,1,2500,625.0,0,,,Blue,Yellow,1x1,Colorful Tools,,,Nook's Cranny,Available in Nook's Cranny (upgraded only),,,No,,No lighting,For sale,1.0.0,Yes,ToolSlingshotColorful_Remake_2_0,2_0,8580,k7afhFcA5Pqd8qu5F,2184,"(2, 0)"
colorful slingshot,,Pink,Color,No,Yes,1.0,Normal,1000.0,20,1,2500,625.0,0,,,Pink,Aqua,1x1,Colorful Tools,,,Nook's Cranny,Available in Nook's Cranny (upgraded only),,,No,,No lighting,For sale,1.0.0,Yes,ToolSlingshotColorful_Remake_3_0,3_0,8580,GBqsH5XYgDHk8wGAz,2184,"(3, 0)"
colorful slingshot,,Green,Color,No,Yes,1.0,Normal,1000.0,20,1,2500,625.0,0,,,Green,Blue,1x1,Colorful Tools,,,Nook's Cranny,Available in Nook's Cranny (upgraded only),,,No,,No lighting,For sale,1.0.0,Yes,ToolSlingshotColorful_Remake_4_0,4_0,8580,qq67sn4aq9w7w9Ga2,2184,"(4, 0)"
colorful slingshot,,Purple,Color,No,Yes,1.0,Normal,1000.0,20,1,2500,625.0,0,,,Purple,Pink,1x1,Colorful Tools,,,Nook's Cranny,Available in Nook's Cranny (upgraded only),,,No,,No lighting,For sale,1.0.0,Yes,ToolSlingshotColorful_Remake_5_0,5_0,8580,2JHaGhkbpoa4qbhge,2184,"(5, 0)"
colorful slingshot,,White,Color,No,Yes,1.0,Normal,1000.0,20,1,2500,625.0,0,,,White,Red,1x1,Colorful Tools,,,Nook's Cranny,Available in Nook's Cranny (upgraded only),,,No,,No lighting,For sale,1.0.0,Yes,ToolSlingshotColorful_Remake_6_0,6_0,8580,cQYdSQ4MzKcnYAyc8,2184,"(6, 0)"
colorful slingshot,,Gray,Color,No,Yes,1.0,Normal,1000.0,20,1,2500,625.0,0,,,Black,Green,1x1,Colorful Tools,,,Nook's Cranny,Available in Nook's Cranny (upgraded only),,,No,,No lighting,For sale,1.0.0,Yes,ToolSlingshotColorful_Remake_7_0,7_0,8580,KiTQgsCkJSTq6ssm6,2184,"(7, 0)"
colorful watering can,,Yellow,Color,No,Yes,1.0,Normal,1000.0,60,1,2500,625.0,0,,,Yellow,Blue,1x1,Colorful Tools,,,Nook's Cranny,Available in Nook's Cranny (upgraded only),,,Yes,,No lighting,For sale,1.0.0,Yes,ToolWateringColorful_Remake_0_0,0_0,8534,35yzBzko3wrMwHjST,2156,"(0, 0)"
colorful watering can,,Orange,Color,No,Yes,1.0,Normal,1000.0,60,1,2500,625.0,0,,,Red,Green,1x1,Colorful Tools,,,Nook's Cranny,Available in Nook's Cranny (upgraded only),,,Yes,,No lighting,For sale,1.0.0,Yes,ToolWateringColorful_Remake_1_0,1_0,8534,ngYPKLyn5xXawzas3,2156,"(1, 0)"
colorful watering can,,Blue,Color,No,Yes,1.0,Normal,1000.0,60,1,2500,625.0,0,,,Blue,Orange,1x1,Colorful Tools,,,Nook's Cranny,Available in Nook's Cranny (upgraded only),,,Yes,,No lighting,For sale,1.0.0,Yes,ToolWateringColorful_Remake_2_0,2_0,8534,QxhyiwvJWyAShwyhJ,2156,"(2, 0)"
colorful watering can,,Pink,Color,No,Yes,1.0,Normal,1000.0,60,1,2500,625.0,0,,,Pink,Aqua,1x1,Colorful Tools,,,Nook's Cranny,Available in Nook's Cranny (upgraded only),,,Yes,,No lighting,For sale,1.0.0,Yes,ToolWateringColorful_Remake_3_0,3_0,8534,yuB5QpzCg94HN6u4g,2156,"(3, 0)"
colorful watering can,,Green,Color,No,Yes,1.0,Normal,1000.0,60,1,2500,625.0,0,,,Green,Yellow,1x1,Colorful Tools,,,Nook's Cranny,Available in Nook's Cranny (upgraded only),,,Yes,,No lighting,For sale,1.0.0,Yes,ToolWateringColorful_Remake_4_0,4_0,8534,q3p2jaJBt5gD2HRkZ,2156,"(4, 0)"
colorful watering can,,Purple,Color,No,Yes,1.0,Normal,1000.0,60,1,2500,625.0,0,,,Purple,Green,1x1,Colorful Tools,,,Nook's Cranny,Available in Nook's Cranny (upgraded only),,,Yes,,No lighting,For sale,1.0.0,Yes,ToolWateringColorful_Remake_5_0,5_0,8534,fAm9eEkidwn5LSjSd,2156,"(5, 0)"
colorful watering can,,White,Color,No,Yes,1.0,Normal,1000.0,60,1,2500,625.0,0,,,White,Orange,1x1,Colorful Tools,,,Nook's Cranny,Available in Nook's Cranny (upgraded only),,,Yes,,No lighting,For sale,1.0.0,Yes,ToolWateringColorful_Remake_6_0,6_0,8534,4ySFWfB9G3KCq8sKf,2156,"(6, 0)"
colorful watering can,,Gray,Color,No,Yes,1.0,Normal,1000.0,60,1,2500,625.0,0,,,Black,Yellow,1x1,Colorful Tools,,,Nook's Cranny,Available in Nook's Cranny (upgraded only),,,Yes,,No lighting,For sale,1.0.0,Yes,ToolWateringColorful_Remake_7_0,7_0,8534,yLHsKfxS39qTMyZ67,2156,"(7, 0)"
cosmos wand,,,,Yes,No,,,,Unlimited,1,NFS,1580.0,0,,,White,Green,1x1,,,,Crafting,,,,No,,No lighting,Not for sale,1.0.0,Yes,ToolStickCosmos,,5092,vNqGM6xMEtteYKoza,13E4,
dream axe,,,,No,No,,,,40,1,NFS,222.0,0,,,Beige,Black,1x1,,,,Slumber Islands,,,,No,,No lighting,Not in catalog,3.0.0,Yes,ToolAxeDream,,775,o9ckcsWX752zh6czX,0307,
dream fishing rod,,,,No,No,,,1000.0,10,1,NFS,222.0,0,,,Blue,Beige,1x1,,,,Slumber Islands,,,,Yes,,No lighting,Not in catalog,3.0.0,Yes,ToolAnglingDream_Remake_0_0,0_0,776,c5fdEiSChpJLaEhpJ,0308,"(0, 0)"
dream ladder,,,,No,No,,,,Unlimited,1,NFS,222.0,0,,,Brown,Brown,1x1,,,,Slumber Islands,,,,No,,No lighting,Not in catalog,3.0.0,Yes,ToolLadderDream,,777,8cnHxg78MKhr8SLfo,0309,
dream net,,,,No,No,,,1000.0,10,1,NFS,222.0,0,,,Red,Beige,1x1,,,,Slumber Islands,,,,Yes,,No lighting,Not in catalog,3.0.0,Yes,ToolNetDream_Remake_0_0,0_0,779,kAkPxKsZv5KBadhKv,030B,"(0, 0)"
dream shovel,,,,No,No,,,1000.0,40,1,NFS,222.0,0,,,,Black,1x1,,,,Slumber Islands,,,,No,,No lighting,Not in catalog,3.0.0,Yes,ToolScoopDream_Remake_0_0,0_0,773,wPN6HhZgWymu3ZMcB,0305,"(0, 0)"
dream timer,,,,No,No,,,,Unlimited,1,NFS,222.0,0,,,,,1x1,,,,Slumber Islands,,,,No,,No lighting,Not in catalog,3.0.0,Yes,ToolTimerDream,,1315,fyjHhmhXbiALE4Sb3,0523,
dream vaulting pole,,,,No,No,,,,Unlimited,1,NFS,222.0,0,,,Beige,Red,1x1,,,,Slumber Islands,,,,No,,No lighting,Not in catalog,3.0.0,Yes,LongWoodenStickDream,,778,goKqdJfPHkisXfKaK,030A,
dumbbell,,Black,Color,No,No,,,1000.0,Unlimited,1,1600,400.0,151,,,Black,Gray,1x1,,,,Group Stretching,Sent in the mail after doing group stretches on 20 different days,,,No,,No lighting,For sale,2.0.0,Yes,ToolDumbbellPlayer_Remake_0_0,0_0,14539,4YAs6yXya4GqF6sga,38CB,"(0, 0)"
dumbbell,,White,Color,No,No,,,1000.0,Unlimited,1,1600,400.0,151,,,White,Gray,1x1,,,,Group Stretching,Sent in the mail after doing group stretches on 20 different days,,,No,,No lighting,For sale,2.0.0,Yes,ToolDumbbellPlayer_Remake_1_0,1_0,14539,Znj3RwmqymBRHWHHs,38CB,"(1, 0)"
dumbbell,,Red,Color,No,No,,,1000.0,Unlimited,1,1600,400.0,151,,,Red,Gray,1x1,,,,Group Stretching,Sent in the mail after doing group stretches on 20 different days,,,No,,No lighting,For sale,2.0.0,Yes,ToolDumbbellPlayer_Remake_2_0,2_0,14539,hgCZhGJYpxQidbv9y,38CB,"(2, 0)"
dumbbell,,Yellow,Color,No,No,,,1000.0,Unlimited,1,1600,400.0,151,,,Yellow,Gray,1x1,,,,Group Stretching,Sent in the mail after doing group stretches on 20 different days,,,No,,No lighting,For sale,2.0.0,Yes,ToolDumbbellPlayer_Remake_3_0,3_0,14539,PvWzAAN9jZDaEud6G,38CB,"(3, 0)"
dumbbell,,Gold,Color,No,No,,,1000.0,Unlimited,1,1600,400.0,151,,,Yellow,Yellow,1x1,,,,Group Stretching,Sent in the mail after doing group stretches on 20 different days,,,No,,No lighting,For sale,2.0.0,Yes,ToolDumbbellPlayer_Remake_4_0,4_0,14539,pehfi3pEXGMzyKLMj,38CB,"(4, 0)"
dumbbell,,Silver,Color,No,No,,,1000.0,Unlimited,1,1600,400.0,151,,,Gray,Gray,1x1,,,,Group Stretching,Sent in the mail after doing group stretches on 20 different days,,,No,,No lighting,For sale,2.0.0,Yes,ToolDumbbellPlayer_Remake_5_0,5_0,14539,ydC7jwrwffn5zaLKi,38CB,"(5, 0)"
duster,,,,No,No,,,,Unlimited,1,1100,275.0,0,,,Beige,Brown,1x1,,,,Nook's Cranny,,,,No,,No lighting,For sale,2.0.0,Yes,ToolDusterPlayer,,14643,w4PXxKfjWWyJ5hQmt,3933,
elephant watering can,,Gray,Color,No,Yes,1.0,Normal,1000.0,60,1,2500,625.0,0,,,Gray,Gray,1x1,,,,Nook's Cranny,Available in Nook's Cranny (upgraded only),,,Yes,,No lighting,For sale,1.0.0,Yes,ToolWateringElephant_Remake_0_0,0_0,8535,AjAhCPjQAreLmqKCB,2157,"(0, 0)"
elephant watering can,,Green,Color,No,Yes,1.0,Normal,1000.0,60,1,2500,625.0,0,,,Green,Green,1x1,,,,Nook's Cranny,Available in Nook's Cranny (upgraded only),,,Yes,,No lighting,For sale,1.0.0,Yes,ToolWateringElephant_Remake_1_0,1_0,8535,JBApgvSrYbJcSmsd2,2157,"(1, 0)"
elephant watering can,,Blue,Color,No,Yes,1.0,Normal,1000.0,60,1,2500,625.0,0,,,Blue,Blue,1x1,,,,Nook's Cranny,Available in Nook's Cranny (upgraded only),,,Yes,,No lighting,For sale,1.0.0,Yes,ToolWateringElephant_Remake_2_0,2_0,8535,HcqA5ggg9XBLsfYNK,2157,"(2, 0)"
elephant watering can,,Pink,Color,No,Yes,1.0,Normal,1000.0,60,1,2500,625.0,0,,,Pink,Pink,1x1,,,,Nook's Cranny,Available in Nook's Cranny (upgraded only),,,Yes,,No lighting,For sale,1.0.0,Yes,ToolWateringElephant_Remake_3_0,3_0,8535,mvF2W6yf4hcXLu3eM,2157,"(3, 0)"
elephant watering can,,Red,Color,No,Yes,1.0,Normal,1000.0,60,1,2500,625.0,0,,,Red,Red,1x1,,,,Nook's Cranny,Available in Nook's Cranny (upgraded only),,,Yes,,No lighting,For sale,1.0.0,Yes,ToolWateringElephant_Remake_4_0,4_0,8535,B6oWDPizvZRRBDbop,2157,"(4, 0)"
elephant watering can,,Yellow,Color,No,Yes,1.0,Normal,1000.0,60,1,2500,625.0,0,,,Yellow,Yellow,1x1,,,,Nook's Cranny,Available in Nook's Cranny (upgraded only),,,Yes,,No lighting,For sale,1.0.0,Yes,ToolWateringElephant_Remake_5_0,5_0,8535,AoZCaqfJYb6TSNctg,2157,"(5, 0)"
elephant watering can,,Light blue,Color,No,Yes,1.0,Normal,1000.0,60,1,2500,625.0,0,,,Aqua,Aqua,1x1,,,,Nook's Cranny,Available in Nook's Cranny (upgraded only),,,Yes,,No lighting,For sale,1.0.0,Yes,ToolWateringElephant_Remake_6_0,6_0,8535,cBG6avJmvncbTX56k,2157,"(6, 0)"
elephant watering can,,Black,Color,No,Yes,1.0,Normal,1000.0,60,1,2500,625.0,0,,,Black,Black,1x1,,,,Nook's Cranny,Available in Nook's Cranny (upgraded only),,,Yes,,No lighting,For sale,1.0.0,Yes,ToolWateringElephant_Remake_7_0,7_0,8535,XphbdnArYGwJp8kmj,2157,"(7, 0)"
fiery cheer megaphone,,,,No,No,,,,Unlimited,1,1500,375.0,201,fitness,,Red,Black,1x1,,,,Nook Shopping Seasonal,,Big Game Celebration,Yes,No,,No lighting,Seasonal,1.7.0,Yes,ToolMegaphone1,,14013,rxtP9gBPZoKuEbQQs,36BD,
fish fishing rod,,Green,Color,No,Yes,1.0,Normal,1000.0,30,1,2500,625.0,0,,,Green,Black,1x1,,,,Nook's Cranny,Available in Nook's Cranny (upgraded only),,,Yes,,No lighting,For sale,1.0.0,Yes,ToolFishingrodColorful_Remake_0_0,0_0,8471,dBNahAnSJkF5q7Wta,2117,"(0, 0)"
fish fishing rod,,Yellow,Color,No,Yes,1.0,Normal,1000.0,30,1,2500,625.0,0,,,Yellow,Black,1x1,,,,Nook's Cranny,Available in Nook's Cranny (upgraded only),,,Yes,,No lighting,For sale,1.0.0,Yes,ToolFishingrodColorful_Remake_1_0,1_0,8471,ziRQL2REqF652sgkc,2117,"(1, 0)"
fish fishing rod,,Orange,Color,No,Yes,1.0,Normal,1000.0,30,1,2500,625.0,0,,,Orange,Black,1x1,,,,Nook's Cranny,Available in Nook's Cranny (upgraded only),,,Yes,,No lighting,For sale,1.0.0,Yes,ToolFishingrodColorful_Remake_2_0,2_0,8471,7id3sXPC6a2qTsM9S,2117,"(2, 0)"
fish fishing rod,,Light blue,Color,No,Yes,1.0,Normal,1000.0,30,1,2500,625.0,0,,,Aqua,Black,1x1,,,,Nook's Cranny,Available in Nook's Cranny (upgraded only),,,Yes,,No lighting,For sale,1.0.0,Yes,ToolFishingrodColorful_Remake_3_0,3_0,8471,txjiE4Yoi66P59Rpi,2117,"(3, 0)"
fish fishing rod,,Blue,Color,No,Yes,1.0,Normal,1000.0,30,1,2500,625.0,0,,,Blue,Black,1x1,,,,Nook's Cranny,Available in Nook's Cranny (upgraded only),,,Yes,,No lighting,For sale,1.0.0,Yes,ToolFishingrodColorful_Remake_4_0,4_0,8471,mQQKH3hfMyn2P4SAT,2117,"(4, 0)"
fish fishing rod,,Purple,Color,No,Yes,1.0,Normal,1000.0,30,1,2500,625.0,0,,,Purple,Black,1x1,,,,Nook's Cranny,Available in Nook's Cranny (upgraded only),,,Yes,,No lighting,For sale,1.0.0,Yes,ToolFishingrodColorful_Remake_5_0,5_0,8471,oPumzrhQMfYrdrhfC,2117,"(5, 0)"
fish fishing rod,,Pink,Color,No,Yes,1.0,Normal,1000.0,30,1,2500,625.0,0,,,Pink,Black,1x1,,,,Nook's Cranny,Available in Nook's Cranny (upgraded only),,,Yes,,No lighting,For sale,1.0.0,Yes,ToolFishingrodColorful_Remake_6_0,6_0,8471,A44B9ELrDxsrY6HaR,2117,"(6, 0)"
fish fishing rod,,Red,Color,No,Yes,1.0,Normal,1000.0,30,1,2500,625.0,0,,,Red,Black,1x1,,,,Nook's Cranny,Available in Nook's Cranny (upgraded only),,,Yes,,No lighting,For sale,1.0.0,Yes,ToolFishingrodColorful_Remake_7_0,7_0,8471,k6AepGHtwTJhBzxXZ,2117,"(7, 0)"
fish wand,,,,No,No,,,,Unlimited,1,NFS,1500.0,501,,,Blue,Yellow,1x1,,,,C.J.,,Fishing Tourney (Spring); Fishing Tourney (Summer); Fishing Tourney (Fall); Fishing Tourney (Winter),Yes,No,,No lighting,Not for sale,1.0.0,Yes,ToolStickFish,,8770,HrGFzby54HCv326PJ,2242,
fishing rod,,Blue,Color,Yes,Yes,1.0,Normal,1000.0,30,1,NFS,600.0,0,,,Blue,Beige,1x1,,,,Crafting,,,,Yes,,No lighting,Not for sale,1.0.0,Yes,ToolAngling_Remake_0_0,0_0,2377,Y62px4Jy5vaMtN46u,0949,"(0, 0)"
fishing rod,,Yellow,Color,Yes,Yes,1.0,Normal,1000.0,30,1,NFS,600.0,0,,,Yellow,Beige,1x1,,,,Crafting,,,,Yes,,No lighting,Not for sale,1.0.0,Yes,ToolAngling_Remake_1_0,1_0,2377,JLMypnErvJc6n9wS8,0949,"(1, 0)"
fishing rod,,Green,Color,Yes,Yes,1.0,Normal,1000.0,30,1,NFS,600.0,0,,,Green,Beige,1x1,,,,Crafting,,,,Yes,,No lighting,Not for sale,1.0.0,Yes,ToolAngling_Remake_2_0,2_0,2377,WTqWoAYMKuJsXjWWv,0949,"(2, 0)"
fishing rod,,Red,Color,Yes,Yes,1.0,Normal,1000.0,30,1,NFS,600.0,0,,,Red,Beige,1x1,,,,Crafting,,,,Yes,,No lighting,Not for sale,1.0.0,Yes,ToolAngling_Remake_3_0,3_0,2377,SWX3JZeySqWz8PKQi,0949,"(3, 0)"
fishing rod,,Purple,Color,Yes,Yes,1.0,Normal,1000.0,30,1,NFS,600.0,0,,,Purple,Beige,1x1,,,,Crafting,,,,Yes,,No lighting,Not for sale,1.0.0,Yes,ToolAngling_Remake_4_0,4_0,2377,PBLScat4po99B5h4k,0949,"(4, 0)"
fishing rod,,Pink,Color,Yes,Yes,1.0,Normal,1000.0,30,1,NFS,600.0,0,,,Pink,Beige,1x1,,,,Crafting,,,,Yes,,No lighting,Not for sale,1.0.0,Yes,ToolAngling_Remake_5_0,5_0,2377,9bT9ZRhRG3e3WA8Bn,0949,"(5, 0)"
fishing rod,,White,Color,Yes,Yes,1.0,Normal,1000.0,30,1,NFS,600.0,0,,,White,Beige,1x1,,,,Crafting,,,,Yes,,No lighting,Not for sale,1.0.0,Yes,ToolAngling_Remake_6_0,6_0,2377,G58mfRs22f48nF9QA,0949,"(6, 0)"
fishing rod,,Black,Color,Yes,Yes,1.0,Normal,1000.0,30,1,NFS,600.0,0,,,Black,Beige,1x1,,,,Crafting,,,,Yes,,No lighting,Not for sale,1.0.0,Yes,ToolAngling_Remake_7_0,7_0,2377,bgrXEg4NvgPjudWar,0949,"(7, 0)"
flimsy axe,,,,Yes,No,,,,40,1,800,200.0,0,,,Beige,Gray,1x1,,100.0,Nook Miles,Crafting; Nook's Cranny; Wilbur; Kapp'n,Available after unlocking the axe in the story,,,No,,No lighting,For sale,1.0.0,Yes,ToolAxeStone,,3068,L79jandXPjEAoQScd,0BFC,
flimsy fishing rod,,,,Yes,No,,,,5-10,1,400,100.0,0,,,Beige,White,1x1,,100.0,Nook Miles,Crafting; Nook's Cranny; Wilbur; Kapp'n,"Available in all tiers of shops, including Timmy & Tommy before the shop is opened",,,Yes,,No lighting,For sale,1.0.0,Yes,ToolFishingrodWood,,3084,qtA9zfSRuaCkmmQXr,0C0C,
flimsy net,,,,Yes,No,,,,10,1,400,100.0,0,,,Beige,White,1x1,,100.0,Nook Miles,Crafting; Nook's Cranny; Wilbur; Kapp'n,"Available in all tiers of shops, including Timmy & Tommy before the shop is opened",,,Yes,,No lighting,For sale,1.0.0,Yes,ToolNet,,2376,PHe3aaN2nsXFcQXxN,0948,
flimsy shovel,,,,Yes,No,,,,40,1,800,200.0,0,,,Beige,Beige,1x1,,100.0,Nook Miles,Crafting; Nook's Cranny; Wilbur; Kapp'n,Available after unlocking the shovel in the story,,,No,,No lighting,For sale,1.0.0,Yes,ToolShovelWood,,3082,PnLgMCQ34R3HxWqcT,0C0A,
flimsy watering can,,,,Yes,No,,,,20,1,800,200.0,0,,,Beige,Gray,1x1,,,,Crafting; Nook's Cranny,"Available in all tiers of shops, including Timmy & Tommy before the shop is opened",,,Yes,,No lighting,For sale,1.0.0,Yes,ToolWateringWood,,3083,BdRyC6atcvz3KJnnM,0C0B,
flower-petal basket,,,,No,No,,,,Unlimited,1,1200,300.0,201,,,Brown,Pink,1x1,,,,Nook Shopping Seasonal,,Wedding Season (Nook Shopping),Yes,No,,No lighting,Seasonal,1.10.0,Yes,ToolFlowershower,,14284,metLc5Y6NSKEzRGM6,37CC,
football cheer megaphone,,,,No,No,,,,Unlimited,1,1500,375.0,201,fitness,,Orange,White,1x1,,,,Nook Shopping Seasonal,,Big Game Celebration,Yes,No,,No lighting,Seasonal,1.7.0,Yes,ToolMegaphone0,,13913,jbrtgKzaXEnFXJSng,3659,
foxtail,,,,Yes,No,,,,Unlimited,1,NFS,60.0,103,,,Green,Green,1x1,,,,Crafting,,,,No,,No lighting,Not for sale,2.0.0,Yes,ToolFoxtailPlayer,,14645,4xTJQeqZ9Q5us2Csw,3935,
glittery cheer megaphone,,,,No,No,,,,Unlimited,1,1500,375.0,201,fitness,,Blue,Aqua,1x1,,,,Nook Shopping Seasonal,,Big Game Celebration,Yes,No,,No lighting,Seasonal,1.7.0,Yes,ToolMegaphone3,,14015,gcTsMrJgt8QHcXidt,36BF,
golden axe,,,,Yes,No,,,,200,1,NFS,10655.0,0,,,Yellow,Orange,1x1,,,,Crafting,,,,No,,No lighting,Not for sale,1.0.0,Yes,ToolAxeGold,,9617,eX9RXzQHaaZX89zoN,2591,
golden ladder set-up kit,,,,Yes,No,,,,Unlimited,1,NFS,10720.0,103,,,,,1x1,,,,Crafting,,,,No,,No lighting,Not in catalog,2.0.0,Yes,LadderKitD,,14470,F3MKfewdJAqBFaaLr,3886,
golden net,,,,Yes,No,,,,90,1,NFS,10400.0,0,,,Yellow,Purple,1x1,,,,Crafting,,,,Yes,,No lighting,Not for sale,1.0.0,Yes,ToolNetGold,,8179,aKMTWuywGTuorriEg,1FF3,
golden rod,,,,Yes,No,,,,90,1,NFS,10400.0,0,,,Yellow,Orange,1x1,,,,Crafting,,,,Yes,,No lighting,Not for sale,1.0.0,Yes,ToolFishingrodGold,,8660,Tt5YeqejtuW3T7Cbq,21D4,
golden shovel,,,,Yes,No,,,,200,1,NFS,10675.0,0,,,Yellow,Purple,1x1,,,,Crafting,,,,No,,No lighting,Not for sale,1.0.0,Yes,ToolScoopGold,,8574,EMzMphvPgdhguM4Ku,217E,
golden slingshot,,,,Yes,No,,,,60,1,NFS,10300.0,0,,,Yellow,Orange,1x1,,,,Crafting,,,,No,,No lighting,Not for sale,1.0.0,Yes,ToolSlingshotGold,,8578,tx3MMcGrZPHeyoLeY,2182,
golden wand,,,,Yes,No,,,,Unlimited,1,NFS,20750.0,0,,,Yellow,Brown,1x1,,,,Crafting,,,,No,,No lighting,Not for sale,1.0.0,Yes,ToolStickGolden,,7591,fdDGHvQBc5AhtExnt,1DA7,
golden watering can,,,,Yes,No,,,,180,1,NFS,10675.0,0,,,Yellow,Purple,1x1,,,,Crafting,,,,Yes,,No lighting,Not for sale,1.0.0,Yes,ToolWateringGold,,8533,bzEwTDjTeK4gKSsZa,2155,
grass-green folding fan,,,,No,No,,,,Unlimited,1,NFS,200.0,0,,,Green,White,1x1,,500.0,Bells,Redd's Co-op Raffle,,,,No,,No lighting,Not for sale,2.0.0,Yes,ToolSensu3,,321,69kSyeax8CshTQas3,0141,
green balloon,,,,No,No,,,,Unlimited,1,600,150.0,0,,,Green,Green,1x1,,500.0,Bells,Redd's Raffle; Nook's Cranny,Available from Redd's Raffle during Fireworks Shows; Available from Nook's Cranny rotating cabinet stock outside of August,Fireworks Show (1); Fireworks Show (2); Fireworks Show (3); Fireworks Show (4); Fireworks Show (5),No,No,,No lighting,For sale,1.4.0,Yes,ToolBalloonNormal3,,13125,6xF5xbt7WxTdqMYaH,3345,
handheld lantern,,Stars,Variation,No,Yes,1.0,Normal,1000.0,Unlimited,1,1100,275.0,201,,,Black,Yellow,1x1,,,,Nook Shopping Seasonal,,Lantern Festival,Yes,No,,Candle,Seasonal,1.11.0,Yes,ToolLantern_Remake_0_0,0_0,14414,JRc5QE43YQj97Nut9,384E,"(0, 0)"
handheld lantern,,Moons,Variation,No,Yes,1.0,Normal,1000.0,Unlimited,1,1100,275.0,201,,,Black,Yellow,1x1,,,,Nook Shopping Seasonal,,Lantern Festival,Yes,No,,Candle,Seasonal,1.11.0,Yes,ToolLantern_Remake_1_0,1_0,14414,fqt573z5JFpZHaxJA,384E,"(1, 0)"
handheld lantern,,Stained glass,Variation,No,Yes,1.0,Normal,1000.0,Unlimited,1,1100,275.0,201,,,Colorful,Orange,1x1,,,,Nook Shopping Seasonal,,Lantern Festival,Yes,No,,Candle,Seasonal,1.11.0,Yes,ToolLantern_Remake_2_0,2_0,14414,C6WCovahHE2WbnvtZ,384E,"(2, 0)"
handheld lantern,,Suns,Variation,No,Yes,1.0,Normal,1000.0,Unlimited,1,1100,275.0,201,,,Yellow,Orange,1x1,,,,Nook Shopping Seasonal,,Lantern Festival,Yes,No,,Candle,Seasonal,1.11.0,Yes,ToolLantern_Remake_3_0,3_0,14414,9Z9aw5RNmStuhsqN3,384E,"(3, 0)"
handheld lantern,,Geese,Variation,No,Yes,1.0,Normal,1000.0,Unlimited,1,1100,275.0,201,,,Yellow,White,1x1,,,,Nook Shopping Seasonal,,Lantern Festival,Yes,No,,Candle,Seasonal,1.11.0,Yes,ToolLantern_Remake_4_0,4_0,14414,zYPuWTZ6SNmPNSspa,384E,"(4, 0)"
handheld lantern,,Leaves,Variation,No,Yes,1.0,Normal,1000.0,Unlimited,1,1100,275.0,201,,,Yellow,Green,1x1,,,,Nook Shopping Seasonal,,Lantern Festival,Yes,No,,Candle,Seasonal,1.11.0,Yes,ToolLantern_Remake_5_0,5_0,14414,EFnR68jRfzXG5ppas,384E,"(5, 0)"
hyacinth wand,,,,Yes,No,,,,Unlimited,1,NFS,1660.0,0,,,Pink,Green,1x1,,,,Crafting,,,,No,,No lighting,Not for sale,1.0.0,Yes,ToolStickHyacinth,,5083,aBPEFn5NehSoQ428E,13DB,
ice wand,,,,Yes,No,,,,Unlimited,1,NFS,6500.0,0,,,Aqua,Blue,1x1,,,,Crafting,,snowflakes,Yes,No,,No lighting,Not for sale,1.0.0,Yes,ToolStickSnow,,7585,pQCDsY6gvHXL2SAff,1DA1,
iron ladder set-up kit,,Silver,Color,Yes,Yes,1.0,Normal,1000.0,Unlimited,1,NFS,5190.0,103,,,,,1x1,,,,Crafting,,,,No,,No lighting,Not in catalog,2.0.0,Yes,LadderKitC0_Remake_0_0,0_0,13534,gm4eDayQQoRZqnv7R,34DE,"(0, 0)"
iron ladder set-up kit,,Red,Color,Yes,Yes,1.0,Normal,1000.0,Unlimited,1,NFS,5190.0,103,,,,,1x1,,,,Crafting,,,,No,,No lighting,Not in catalog,2.0.0,Yes,LadderKitC0_Remake_1_0,1_0,13534,qX3dAu6coTmw7eNdh,34DE,"(1, 0)"
iron ladder set-up kit,,Brown,Color,Yes,Yes,1.0,Normal,1000.0,Unlimited,1,NFS,5190.0,103,,,,,1x1,,,,Crafting,,,,No,,No lighting,Not in catalog,2.0.0,Yes,LadderKitC0_Remake_2_0,2_0,13534,pcmR5JmFBFrw39NjH,34DE,"(2, 0)"
iron wand,,,,Yes,No,,,,Unlimited,1,NFS,3750.0,0,,,Gray,Gray,1x1,,,,Crafting,,,,No,,No lighting,Not for sale,1.0.0,Yes,ToolStickIron,,7592,5JC2q7xYFFCBhX2mS,1DA8,
Kiki & Lala wand,,,,No,No,,,,Unlimited,1,12240,3060.0,201,fancy,,Yellow,White,1x1,,,,Nook Shopping Promotion,Scan the associated Sanrio amiibo card,,,No,,No lighting,Not in catalog,1.9.0,Yes,ToolStickKikilala0,,13173,xjBnFqY5WRJ7isLET,3375,
ladder,,,,Yes,No,,,,Unlimited,1,NFS,1440.0,0,,,Brown,Brown,1x1,,,,Crafting,,,,No,,No lighting,Not for sale,1.0.0,Yes,ToolLadder,,2615,TxFCim9KyNE7edcXH,0A37,
light stick,,,,No,No,,,,Unlimited,1,1500,375.0,0,,,Yellow,White,1x1,,,,Isabelle; Nook's Cranny,Obtained by speaking to Isabelle on New Year's Eve,Countdown,No,No,,No lighting,For sale,1.0.0,Yes,ToolSticklight,,5741,9HpdmfZcEfuXtR8ey,166D,
lily wand,,,,Yes,No,,,,Unlimited,1,NFS,1580.0,0,,,White,Green,1x1,,,,Crafting,,,,No,,No lighting,Not for sale,1.0.0,Yes,ToolStickYuri,,5094,rX7Dget4dZzprkSY4,13E6,
magic bag,,,,No,No,,,,Unlimited,1,NFS,,351,,,,,1x1,,,,Jingle,,Toy Day,Yes,No,,No lighting,Not in catalog,1.6.0,Yes,SantaSack,,13836,DANhu4XN2fNyNnCTz,360C,
maracas,,,,No,No,,,,Unlimited,1,2000,500.0,51,party,,Orange,Yellow,1x1,,,,Nintendo; Nook Shopping Daily Selection,Mailed to players after the 1.7.0 update in a letter from Nintendo,,No,No,,No lighting,For sale,1.7.0,Yes,ToolMaracasCarnival,,13958,Gm8hxoCwEuTRvPZTq,3686,
matcha donut,,,,No,No,,,,3,1,NFS,150.0,0,,,Green,Green,1x1,,500.0,Bells,Redd's Co-op Raffle,,,,No,1.0,No lighting,Not for sale,2.0.0,Yes,ToolDonutPlayer3,,332,xMbjcMkJpjkj4s28J,014C,
matcha-vanilla soft serve,,,,No,No,,,,3,1,NFS,150.0,0,,,Green,Beige,1x1,,500.0,Bells,Redd's Co-op Raffle,,,,No,1.0,No lighting,Not for sale,2.0.0,Yes,ToolIcesoft2,,326,2nTb3YZQri3CsvRzX,0146,
megaphone,,,,No,No,,,,Unlimited,1,3500,875.0,0,,,White,Red,1x1,,,,Nook's Cranny,Only available for Nintendo Switch 2 Edition players,,,No,,No lighting,For sale,3.0.0,Yes,ToolMegaphoneMike,,1130,JmCJytuA6txzhf2cz,046A,
melon cotton candy,,,,No,No,,,,3,1,600,150.0,0,,,Green,Beige,1x1,,500.0,Bells,Redd's Raffle,,Fireworks Show (1); Fireworks Show (2); Fireworks Show (3); Fireworks Show (4); Fireworks Show (5),Yes,No,1.0,No lighting,Not for sale,1.11.0,Yes,ToolCandyfloss2,,14743,BtJiWNjd29ewLT7Ye,3997,
melon-cheesecake cone,,,,No,No,,,,3,1,NFS,150.0,0,,,Green,Yellow,1x1,,500.0,Bells,Redd's Co-op Raffle,,,,No,1.0,No lighting,Not for sale,2.0.0,Yes,ToolIcecreamDouble1,,14852,AsGnTfhrNt33vuZN9,3A04,
mums wand,,,,Yes,No,,,,Unlimited,1,NFS,1580.0,0,,,Yellow,Green,1x1,,,,Crafting,,,,No,,No lighting,Not for sale,1.0.0,Yes,ToolStickChrysanthemum,,5095,9sd3YGxf9jmuGBrGw,13E7,
mushroom wand,,Ordinary mushroom,Mushroom type,Yes,Yes,1.0,Normal,1000.0,Unlimited,1,NFS,3300.0,0,,,Brown,Beige,1x1,,,,Crafting,,mushrooms,Yes,No,,No lighting,Not for sale,1.0.0,Yes,ToolStickMushroom_Remake_0_0,0_0,7588,6PLR84qz4JifgtLmh,1DA4,"(0, 0)"
mushroom wand,,White mushroom,Mushroom type,Yes,Yes,1.0,Normal,1000.0,Unlimited,1,NFS,3300.0,0,,,White,White,1x1,,,,Crafting,,mushrooms,Yes,No,,No lighting,Not for sale,1.0.0,Yes,ToolStickMushroom_Remake_1_0,1_0,7588,T898uqxxT6AXuXyBt,1DA4,"(1, 0)"
mushroom wand,,Strange mushroom,Mushroom type,Yes,Yes,1.0,Normal,1000.0,Unlimited,1,NFS,3300.0,0,,,Purple,Purple,1x1,,,,Crafting,,mushrooms,Yes,No,,No lighting,Not for sale,1.0.0,Yes,ToolStickMushroom_Remake_2_0,2_0,7588,rcjxuvmyCPyTjbbwm,1DA4,"(2, 0)"
mushroom wand,,Red mushroom,Mushroom type,Yes,Yes,1.0,Normal,1000.0,Unlimited,1,NFS,3300.0,0,,,Red,White,1x1,,,,Crafting,,mushrooms,Yes,No,,No lighting,Not for sale,1.0.0,Yes,ToolStickMushroom_Remake_3_0,3_0,7588,nN6uiNEshKx8sYwKE,1DA4,"(3, 0)"
mushroom wand,,Yellow mushroom,Mushroom type,Yes,Yes,1.0,Normal,1000.0,Unlimited,1,NFS,3300.0,0,,,Yellow,Yellow,1x1,,,,Crafting,,mushrooms,Yes,No,,No lighting,Not for sale,1.0.0,Yes,ToolStickMushroom_Remake_4_0,4_0,7588,Dtm7dJLAERgpCpGXv,1DA4,"(4, 0)"
net,,Red,Color,Yes,Yes,1.0,Normal,1000.0,30,1,NFS,600.0,0,,,Red,Beige,1x1,,,,Crafting,,,,Yes,,No lighting,Not for sale,1.0.0,Yes,ToolNetNormal_Remake_0_0,0_0,5784,HH8tKPMbt8DQpSrMS,1698,"(0, 0)"
net,,Yellow,Color,Yes,Yes,1.0,Normal,1000.0,30,1,NFS,600.0,0,,,Yellow,Beige,1x1,,,,Crafting,,,,Yes,,No lighting,Not for sale,1.0.0,Yes,ToolNetNormal_Remake_1_0,1_0,5784,YiRCkQXgKaLKf8D6p,1698,"(1, 0)"
net,,Green,Color,Yes,Yes,1.0,Normal,1000.0,30,1,NFS,600.0,0,,,Green,Beige,1x1,,,,Crafting,,,,Yes,,No lighting,Not for sale,1.0.0,Yes,ToolNetNormal_Remake_2_0,2_0,5784,X3x4tGwZiYnM5SRZv,1698,"(2, 0)"
net,,Blue,Color,Yes,Yes,1.0,Normal,1000.0,30,1,NFS,600.0,0,,,Blue,Beige,1x1,,,,Crafting,,,,Yes,,No lighting,Not for sale,1.0.0,Yes,ToolNetNormal_Remake_3_0,3_0,5784,WtArd6h6MFQ8sjwEt,1698,"(3, 0)"
net,,Purple,Color,Yes,Yes,1.0,Normal,1000.0,30,1,NFS,600.0,0,,,Purple,Beige,1x1,,,,Crafting,,,,Yes,,No lighting,Not for sale,1.0.0,Yes,ToolNetNormal_Remake_4_0,4_0,5784,b8L8wbutCQEQjAzwD,1698,"(4, 0)"
net,,Pink,Color,Yes,Yes,1.0,Normal,1000.0,30,1,NFS,600.0,0,,,Pink,Beige,1x1,,,,Crafting,,,,Yes,,No lighting,Not for sale,1.0.0,Yes,ToolNetNormal_Remake_5_0,5_0,5784,8Khqvy2vpnJkpKLET,1698,"(5, 0)"
net,,White,Color,Yes,Yes,1.0,Normal,1000.0,30,1,NFS,600.0,0,,,White,Beige,1x1,,,,Crafting,,,,Yes,,No lighting,Not for sale,1.0.0,Yes,ToolNetNormal_Remake_6_0,6_0,5784,yNCid2KGDGFSz2W7L,1698,"(6, 0)"
net,,Black,Color,Yes,Yes,1.0,Normal,1000.0,30,1,NFS,600.0,0,,,Black,Beige,1x1,,,,Crafting,,,,Yes,,No lighting,Not for sale,1.0.0,Yes,ToolNetNormal_Remake_7_0,7_0,5784,pFaH2eF4JpK3roNtQ,1698,"(7, 0)"
nice branch,,,,Yes,No,,,,Unlimited,1,NFS,30.0,103,,,Brown,Green,1x1,,,,Crafting,,,,No,,No lighting,Not for sale,2.0.0,Yes,ToolBranchPlayer,,14644,da35nZC6werTpcAdp,3934,
Nook Inc. balloon,,,,No,No,,,,Unlimited,1,NFS,210.0,431,,,Green,White,1x1,,30.0,Nook Points,NookLink,Mailed to players once ordered from NookLink within the Nintendo Switch Online app,,,No,,No lighting,Not for sale,2.0.0,Yes,ToolBalloonNook,,14540,A7k4d6CpAJr2kmkCb,38CC,
Nook Inc. handheld pennant,,,,No,No,,,,Unlimited,1,NFS,2500.0,151,,,Orange,Yellow,1x1,,500.0,Nook Miles,Nook Miles Redemption,,,,No,,No lighting,Not for sale,1.4.0,Yes,ToolPennantRcm,,13128,C5sMrB792zhZekeqW,3348,
Nook Inc. uchiwa fan,,,,No,No,,,,Unlimited,1,NFS,2000.0,151,,,Green,White,1x1,,400.0,Nook Miles,Nook Miles Redemption,,,,No,,No lighting,Not for sale,1.0.0,Yes,ToolFanNook0,,9762,Qwfx3obKdwCDKr4WG,2622,
ocarina,,,,Yes,No,,,,Unlimited,1,NFS,1000.0,0,,,Beige,Beige,1x1,,,,Crafting,,,,No,,No lighting,Not for sale,1.0.0,Yes,ToolOcarina,,5320,xN5tB3m4aXnm94RLL,14C8,
Ocarina of Time,,,,No,No,,,,Unlimited,1,2500,625.0,201,fantasy,,Purple,Blue,1x1,,,,Nook Shopping Promotion,,,,No,,No lighting,Not in catalog,3.0.0,Yes,ToolOcarinaTime,,1073,pKfKRnzcQpTs24WNv,0431,
orange frozen treat,,,,No,No,,,,3,1,600,150.0,0,,,Orange,Beige,1x1,,500.0,Bells,Redd's Raffle,,Fireworks Show (1); Fireworks Show (2); Fireworks Show (3); Fireworks Show (4); Fireworks Show (5),Yes,No,1.0,No lighting,Not for sale,1.11.0,Yes,ToolIcecandyPlayer0,,14633,Bxfse8ejEoGCfxqC7,3929,
orange-mint cone,,,,No,No,,,,3,1,NFS,150.0,0,,,Orange,Green,1x1,,500.0,Bells,Redd's Co-op Raffle,,,,No,1.0,No lighting,Not for sale,2.0.0,Yes,ToolIcecreamDouble2,,14853,cK694KbhDpsFd5YYs,3A05,
outdoorsy fishing rod,,Avocado,Color,No,Yes,1.0,Normal,1000.0,30,1,2500,625.0,0,,,Green,Black,1x1,Outdoor Tools,,,Nook's Cranny,Available in Nook's Cranny (upgraded only),,,Yes,,No lighting,For sale,1.0.0,Yes,ToolFishingrodOutdoor_Remake_0_0,0_0,8473,bvYTHd7dbDC9ZijAd,2119,"(0, 0)"
outdoorsy fishing rod,,Orange,Color,No,Yes,1.0,Normal,1000.0,30,1,2500,625.0,0,,,Orange,Black,1x1,Outdoor Tools,,,Nook's Cranny,Available in Nook's Cranny (upgraded only),,,Yes,,No lighting,For sale,1.0.0,Yes,ToolFishingrodOutdoor_Remake_1_0,1_0,8473,bMdHGfZQu6846Somm,2119,"(1, 0)"
outdoorsy fishing rod,,Light blue,Color,No,Yes,1.0,Normal,1000.0,30,1,2500,625.0,0,,,Aqua,Black,1x1,Outdoor Tools,,,Nook's Cranny,Available in Nook's Cranny (upgraded only),,,Yes,,No lighting,For sale,1.0.0,Yes,ToolFishingrodOutdoor_Remake_2_0,2_0,8473,3Ne39o36LkhGc9rGk,2119,"(2, 0)"
outdoorsy fishing rod,,Red,Color,No,Yes,1.0,Normal,1000.0,30,1,2500,625.0,0,,,Red,Black,1x1,Outdoor Tools,,,Nook's Cranny,Available in Nook's Cranny (upgraded only),,,Yes,,No lighting,For sale,1.0.0,Yes,ToolFishingrodOutdoor_Remake_3_0,3_0,8473,BJAg7c5HmD6LncCCj,2119,"(3, 0)"
outdoorsy fishing rod,,Beige,Color,No,Yes,1.0,Normal,1000.0,30,1,2500,625.0,0,,,Beige,Black,1x1,Outdoor Tools,,,Nook's Cranny,Available in Nook's Cranny (upgraded only),,,Yes,,No lighting,For sale,1.0.0,Yes,ToolFishingrodOutdoor_Remake_4_0,4_0,8473,DZwxGwf6DY8ucEKwP,2119,"(4, 0)"
outdoorsy fishing rod,,Pink,Color,No,Yes,1.0,Normal,1000.0,30,1,2500,625.0,0,,,Pink,Black,1x1,Outdoor Tools,,,Nook's Cranny,Available in Nook's Cranny (upgraded only),,,Yes,,No lighting,For sale,1.0.0,Yes,ToolFishingrodOutdoor_Remake_5_0,5_0,8473,sGPYWwozfBgoi62fk,2119,"(5, 0)"
outdoorsy fishing rod,,Yellow,Color,No,Yes,1.0,Normal,1000.0,30,1,2500,625.0,0,,,Yellow,Black,1x1,Outdoor Tools,,,Nook's Cranny,Available in Nook's Cranny (upgraded only),,,Yes,,No lighting,For sale,1.0.0,Yes,ToolFishingrodOutdoor_Remake_6_0,6_0,8473,3M7FJL2qfL5iAZvxn,2119,"(6, 0)"
outdoorsy fishing rod,,Black,Color,No,Yes,1.0,Normal,1000.0,30,1,2500,625.0,0,,,Black,Black,1x1,Outdoor Tools,,,Nook's Cranny,Available in Nook's Cranny (upgraded only),,,Yes,,No lighting,For sale,1.0.0,Yes,ToolFishingrodOutdoor_Remake_7_0,7_0,8473,JdGkE9Mf9mXN3jXj5,2119,"(7, 0)"
outdoorsy net,,Avocado,Color,No,Yes,1.0,Normal,1000.0,30,1,2500,625.0,0,,,Green,Gray,1x1,Outdoor Tools,,,Nook's Cranny,Available in Nook's Cranny (upgraded only),,,Yes,,No lighting,For sale,1.0.0,Yes,ToolNetOutdoor_Remake_0_0,0_0,8178,v8G8jriZ3R47Y5CTA,1FF2,"(0, 0)"
outdoorsy net,,Orange,Color,No,Yes,1.0,Normal,1000.0,30,1,2500,625.0,0,,,Orange,Gray,1x1,Outdoor Tools,,,Nook's Cranny,Available in Nook's Cranny (upgraded only),,,Yes,,No lighting,For sale,1.0.0,Yes,ToolNetOutdoor_Remake_1_0,1_0,8178,SeeobMqj2fMCHFRR5,1FF2,"(1, 0)"
outdoorsy net,,Light blue,Color,No,Yes,1.0,Normal,1000.0,30,1,2500,625.0,0,,,Aqua,Gray,1x1,Outdoor Tools,,,Nook's Cranny,Available in Nook's Cranny (upgraded only),,,Yes,,No lighting,For sale,1.0.0,Yes,ToolNetOutdoor_Remake_2_0,2_0,8178,dDuDFS3Q87rSEvYGA,1FF2,"(2, 0)"
outdoorsy net,,Red,Color,No,Yes,1.0,Normal,1000.0,30,1,2500,625.0,0,,,Red,Gray,1x1,Outdoor Tools,,,Nook's Cranny,Available in Nook's Cranny (upgraded only),,,Yes,,No lighting,For sale,1.0.0,Yes,ToolNetOutdoor_Remake_3_0,3_0,8178,bhFAvdtCDNFuaL7tp,1FF2,"(3, 0)"
outdoorsy net,,Beige,Color,No,Yes,1.0,Normal,1000.0,30,1,2500,625.0,0,,,Beige,Gray,1x1,Outdoor Tools,,,Nook's Cranny,Available in Nook's Cranny (upgraded only),,,Yes,,No lighting,For sale,1.0.0,Yes,ToolNetOutdoor_Remake_4_0,4_0,8178,cdXFG76YRzMhcBKvE,1FF2,"(4, 0)"
outdoorsy net,,Pink,Color,No,Yes,1.0,Normal,1000.0,30,1,2500,625.0,0,,,Pink,Gray,1x1,Outdoor Tools,,,Nook's Cranny,Available in Nook's Cranny (upgraded only),,,Yes,,No lighting,For sale,1.0.0,Yes,ToolNetOutdoor_Remake_5_0,5_0,8178,mRjtY48TEQkJaiYqv,1FF2,"(5, 0)"
outdoorsy net,,Yellow,Color,No,Yes,1.0,Normal,1000.0,30,1,2500,625.0,0,,,Yellow,Gray,1x1,Outdoor Tools,,,Nook's Cranny,Available in Nook's Cranny (upgraded only),,,Yes,,No lighting,For sale,1.0.0,Yes,ToolNetOutdoor_Remake_6_0,6_0,8178,qJWCYusFziCAZowwo,1FF2,"(6, 0)"
outdoorsy net,,Black,Color,No,Yes,1.0,Normal,1000.0,30,1,2500,625.0,0,,,Black,Gray,1x1,Outdoor Tools,,,Nook's Cranny,Available in Nook's Cranny (upgraded only),,,Yes,,No lighting,For sale,1.0.0,Yes,ToolNetOutdoor_Remake_7_0,7_0,8178,v4vzaPQkSf4PHpjnC,1FF2,"(7, 0)"
outdoorsy shovel,,Avocado,Color,No,Yes,1.0,Normal,1000.0,100,1,2500,625.0,0,,,Green,Gray,1x1,Outdoor Tools,,,Nook's Cranny,Available in Nook's Cranny (upgraded only),,,No,,No lighting,For sale,1.0.0,Yes,ToolScoopOutdoor_Remake_0_0,0_0,8575,Je4oQvJHrridANtwW,217F,"(0, 0)"
outdoorsy shovel,,Orange,Color,No,Yes,1.0,Normal,1000.0,100,1,2500,625.0,0,,,Orange,Gray,1x1,Outdoor Tools,,,Nook's Cranny,Available in Nook's Cranny (upgraded only),,,No,,No lighting,For sale,1.0.0,Yes,ToolScoopOutdoor_Remake_1_0,1_0,8575,Qkuxh7aBzEEcgXX3g,217F,"(1, 0)"
outdoorsy shovel,,Light blue,Color,No,Yes,1.0,Normal,1000.0,100,1,2500,625.0,0,,,Aqua,Gray,1x1,Outdoor Tools,,,Nook's Cranny,Available in Nook's Cranny (upgraded only),,,No,,No lighting,For sale,1.0.0,Yes,ToolScoopOutdoor_Remake_2_0,2_0,8575,PhHgvEkW3oiFvhWuk,217F,"(2, 0)"
outdoorsy shovel,,Red,Color,No,Yes,1.0,Normal,1000.0,100,1,2500,625.0,0,,,Red,Gray,1x1,Outdoor Tools,,,Nook's Cranny,Available in Nook's Cranny (upgraded only),,,No,,No lighting,For sale,1.0.0,Yes,ToolScoopOutdoor_Remake_3_0,3_0,8575,6cvhBz44Z4BAxt8AX,217F,"(3, 0)"
outdoorsy shovel,,Beige,Color,No,Yes,1.0,Normal,1000.0,100,1,2500,625.0,0,,,Beige,Gray,1x1,Outdoor Tools,,,Nook's Cranny,Available in Nook's Cranny (upgraded only),,,No,,No lighting,For sale,1.0.0,Yes,ToolScoopOutdoor_Remake_4_0,4_0,8575,R2WDYoFbBG2hWfFtf,217F,"(4, 0)"
outdoorsy shovel,,Pink,Color,No,Yes,1.0,Normal,1000.0,100,1,2500,625.0,0,,,Pink,Gray,1x1,Outdoor Tools,,,Nook's Cranny,Available in Nook's Cranny (upgraded only),,,No,,No lighting,For sale,1.0.0,Yes,ToolScoopOutdoor_Remake_5_0,5_0,8575,RKjgnpJYtFKZgKDRk,217F,"(5, 0)"
outdoorsy shovel,,Yellow,Color,No,Yes,1.0,Normal,1000.0,100,1,2500,625.0,0,,,Yellow,Gray,1x1,Outdoor Tools,,,Nook's Cranny,Available in Nook's Cranny (upgraded only),,,No,,No lighting,For sale,1.0.0,Yes,ToolScoopOutdoor_Remake_6_0,6_0,8575,ccQGhqapinP7FiXPJ,217F,"(6, 0)"
outdoorsy shovel,,Black,Color,No,Yes,1.0,Normal,1000.0,100,1,2500,625.0,0,,,Black,Gray,1x1,Outdoor Tools,,,Nook's Cranny,Available in Nook's Cranny (upgraded only),,,No,,No lighting,For sale,1.0.0,Yes,ToolScoopOutdoor_Remake_7_0,7_0,8575,e8xYribiE3L9zbeNz,217F,"(7, 0)"
outdoorsy slingshot,,Avocado,Color,No,Yes,1.0,Normal,1000.0,20,1,2500,625.0,0,,,Green,Gray,1x1,Outdoor Tools,,,Nook's Cranny,Available in Nook's Cranny (upgraded only),,,No,,No lighting,For sale,1.0.0,Yes,ToolSlingshotOutdoor_Remake_0_0,0_0,8579,qJkGDgJtD9cQye8oD,2183,"(0, 0)"
outdoorsy slingshot,,Orange,Color,No,Yes,1.0,Normal,1000.0,20,1,2500,625.0,0,,,Orange,Gray,1x1,Outdoor Tools,,,Nook's Cranny,Available in Nook's Cranny (upgraded only),,,No,,No lighting,For sale,1.0.0,Yes,ToolSlingshotOutdoor_Remake_1_0,1_0,8579,AGkd53Dzoh7p5R5ef,2183,"(1, 0)"
outdoorsy slingshot,,Light blue,Color,No,Yes,1.0,Normal,1000.0,20,1,2500,625.0,0,,,Aqua,Gray,1x1,Outdoor Tools,,,Nook's Cranny,Available in Nook's Cranny (upgraded only),,,No,,No lighting,For sale,1.0.0,Yes,ToolSlingshotOutdoor_Remake_2_0,2_0,8579,coBFkGLRCML7SdfZb,2183,"(2, 0)"
outdoorsy slingshot,,Red,Color,No,Yes,1.0,Normal,1000.0,20,1,2500,625.0,0,,,Red,Gray,1x1,Outdoor Tools,,,Nook's Cranny,Available in Nook's Cranny (upgraded only),,,No,,No lighting,For sale,1.0.0,Yes,ToolSlingshotOutdoor_Remake_3_0,3_0,8579,ekLvFR39DuH4SdSgB,2183,"(3, 0)"
outdoorsy slingshot,,Beige,Color,No,Yes,1.0,Normal,1000.0,20,1,2500,625.0,0,,,Beige,Gray,1x1,Outdoor Tools,,,Nook's Cranny,Available in Nook's Cranny (upgraded only),,,No,,No lighting,For sale,1.0.0,Yes,ToolSlingshotOutdoor_Remake_4_0,4_0,8579,mLqZThcPR7oSdGETt,2183,"(4, 0)"
outdoorsy slingshot,,Pink,Color,No,Yes,1.0,Normal,1000.0,20,1,2500,625.0,0,,,Pink,Gray,1x1,Outdoor Tools,,,Nook's Cranny,Available in Nook's Cranny (upgraded only),,,No,,No lighting,For sale,1.0.0,Yes,ToolSlingshotOutdoor_Remake_5_0,5_0,8579,4QBCHA5pzb8Hapo7g,2183,"(5, 0)"
outdoorsy slingshot,,Yellow,Color,No,Yes,1.0,Normal,1000.0,20,1,2500,625.0,0,,,Yellow,Gray,1x1,Outdoor Tools,,,Nook's Cranny,Available in Nook's Cranny (upgraded only),,,No,,No lighting,For sale,1.0.0,Yes,ToolSlingshotOutdoor_Remake_6_0,6_0,8579,FDEpHpn9wAoHmzq6S,2183,"(6, 0)"
outdoorsy slingshot,,Black,Color,No,Yes,1.0,Normal,1000.0,20,1,2500,625.0,0,,,Black,Gray,1x1,Outdoor Tools,,,Nook's Cranny,Available in Nook's Cranny (upgraded only),,,No,,No lighting,For sale,1.0.0,Yes,ToolSlingshotOutdoor_Remake_7_0,7_0,8579,d2BxLmN5fFdSTsXvP,2183,"(7, 0)"
outdoorsy watering can,,Avocado,Color,No,Yes,1.0,Normal,1000.0,60,1,2500,625.0,0,,,Green,Black,1x1,Outdoor Tools,,,Nook's Cranny,Available in Nook's Cranny (upgraded only),,,Yes,,No lighting,For sale,1.0.0,Yes,ToolWateringOutdoor_Remake_0_0,0_0,8536,QSmseNnk3WqSmSFH8,2158,"(0, 0)"
outdoorsy watering can,,Orange,Color,No,Yes,1.0,Normal,1000.0,60,1,2500,625.0,0,,,Orange,Black,1x1,Outdoor Tools,,,Nook's Cranny,Available in Nook's Cranny (upgraded only),,,Yes,,No lighting,For sale,1.0.0,Yes,ToolWateringOutdoor_Remake_1_0,1_0,8536,SrmzprzDgkRoPoGcN,2158,"(1, 0)"
outdoorsy watering can,,Light blue,Color,No,Yes,1.0,Normal,1000.0,60,1,2500,625.0,0,,,Aqua,Black,1x1,Outdoor Tools,,,Nook's Cranny,Available in Nook's Cranny (upgraded only),,,Yes,,No lighting,For sale,1.0.0,Yes,ToolWateringOutdoor_Remake_2_0,2_0,8536,PRfaCyGvx3hieqpKh,2158,"(2, 0)"
outdoorsy watering can,,Red,Color,No,Yes,1.0,Normal,1000.0,60,1,2500,625.0,0,,,Red,Black,1x1,Outdoor Tools,,,Nook's Cranny,Available in Nook's Cranny (upgraded only),,,Yes,,No lighting,For sale,1.0.0,Yes,ToolWateringOutdoor_Remake_3_0,3_0,8536,AvLJNwY9w5fSpT47f,2158,"(3, 0)"
outdoorsy watering can,,Beige,Color,No,Yes,1.0,Normal,1000.0,60,1,2500,625.0,0,,,Beige,Black,1x1,Outdoor Tools,,,Nook's Cranny,Available in Nook's Cranny (upgraded only),,,Yes,,No lighting,For sale,1.0.0,Yes,ToolWateringOutdoor_Remake_4_0,4_0,8536,o2Zd58pLWuNfHSRoz,2158,"(4, 0)"
outdoorsy watering can,,Pink,Color,No,Yes,1.0,Normal,1000.0,60,1,2500,625.0,0,,,Pink,Black,1x1,Outdoor Tools,,,Nook's Cranny,Available in Nook's Cranny (upgraded only),,,Yes,,No lighting,For sale,1.0.0,Yes,ToolWateringOutdoor_Remake_5_0,5_0,8536,6GRguzWiwsicHTun6,2158,"(5, 0)"
outdoorsy watering can,,Yellow,Color,No,Yes,1.0,Normal,1000.0,60,1,2500,625.0,0,,,Yellow,Black,1x1,Outdoor Tools,,,Nook's Cranny,Available in Nook's Cranny (upgraded only),,,Yes,,No lighting,For sale,1.0.0,Yes,ToolWateringOutdoor_Remake_6_0,6_0,8536,iyppHKcwic4M3Mb9N,2158,"(6, 0)"
outdoorsy watering can,,Black,Color,No,Yes,1.0,Normal,1000.0,60,1,2500,625.0,0,,,Black,Black,1x1,Outdoor Tools,,,Nook's Cranny,Available in Nook's Cranny (upgraded only),,,Yes,,No lighting,For sale,1.0.0,Yes,ToolWateringOutdoor_Remake_7_0,7_0,8536,vWuJ6J7YaPtB7vE88,2158,"(7, 0)"
pan flute,,,,Yes,No,,,,Unlimited,1,NFS,2800.0,201,,,Beige,Brown,1x1,,,,Crafting,,young spring bamboo,Yes,No,,No lighting,Not for sale,1.0.0,Yes,ToolPanpipe,,5517,7LjdexM2bmrbxDaCG,158D,
pansy wand,,,,Yes,No,,,,Unlimited,1,NFS,1580.0,0,,,Yellow,Green,1x1,,,,Crafting,,,,No,,No lighting,Not for sale,1.0.0,Yes,ToolStickPansy,,5091,kPAMdHZaM8oHFjjyg,13E3,
party popper,,,,No,No,,,,1,10,100,25.0,0,,,Red,Yellow,1x1,,,,Nook's Cranny; Tom Nook,"Available from Nook's Cranny; 
Available from Tom Nook during Countdown",Countdown,,No,,No lighting,For sale,1.0.0,Yes,ToolCracker,,2753,Wo8iqf7JZZ7egzmLf,0AC1,
peachy-pink folding fan,,,,No,No,,,,Unlimited,1,NFS,200.0,0,,,Pink,White,1x1,,500.0,Bells,Redd's Co-op Raffle,,,,No,,No lighting,Not for sale,2.0.0,Yes,ToolSensu0,,14627,E4YnWi43HCLRM7NDp,3923,
pink balloon,,,,No,No,,,,Unlimited,1,600,150.0,0,,,Pink,Pink,1x1,,500.0,Bells,Redd's Raffle; Nook's Cranny,Available from Redd's Raffle during Fireworks Shows; Available from Nook's Cranny rotating cabinet stock outside of August,Fireworks Show (1); Fireworks Show (2); Fireworks Show (3); Fireworks Show (4); Fireworks Show (5),No,No,,No lighting,For sale,1.4.0,Yes,ToolBalloonNormal4,,13126,jJkSMbhxX3ekBkWZK,3346,
pinwheel,,,,No,No,,,,Unlimited,1,800,200.0,0,,,Yellow,Red,1x1,,500.0,Bells,Redd's Raffle; Nook's Cranny,Available from Redd's Raffle during Fireworks Shows; Available from Nook's Cranny rotating cabinet stock outside of August,Fireworks Show (1); Fireworks Show (2); Fireworks Show (3); Fireworks Show (4); Fireworks Show (5),No,No,,No lighting,For sale,1.4.0,Yes,ToolWindmill,,5744,ixfo3W4miuTh5zvSP,1670,
plain cotton candy,,,,No,No,,,,3,1,600,150.0,0,,,White,Beige,1x1,,500.0,Bells,Redd's Raffle,,Fireworks Show (1); Fireworks Show (2); Fireworks Show (3); Fireworks Show (4); Fireworks Show (5),Yes,No,1.0,No lighting,Not for sale,1.11.0,Yes,ToolCandyfloss0,,14629,t2RZQ8t2N95TqLqbs,3925,
pocket magazine,,Fashion,Genre,No,No,,,1000.0,Unlimited,1,NFS,200.0,0,,,Aqua,Colorful,1x1,,500.0,Bells,Redd's Co-op Raffle,,,,No,,No lighting,Not for sale,2.0.0,Yes,ToolMagazine_Remake_0_0,0_0,14640,FCg3CM7KxxFnKoSxi,3930,"(0, 0)"
pocket magazine,,Music,Genre,No,No,,,1000.0,Unlimited,1,NFS,200.0,0,,,Blue,Colorful,1x1,,500.0,Bells,Redd's Co-op Raffle,,,,No,,No lighting,Not for sale,2.0.0,Yes,ToolMagazine_Remake_1_0,1_0,14640,mT5aehKJR72MLssHJ,3930,"(1, 0)"
pocket magazine,,Sports,Genre,No,No,,,1000.0,Unlimited,1,NFS,200.0,0,,,Gray,Colorful,1x1,,500.0,Bells,Redd's Co-op Raffle,,,,No,,No lighting,Not for sale,2.0.0,Yes,ToolMagazine_Remake_2_0,2_0,14640,WMLmjpqs5ERpB5pHY,3930,"(2, 0)"
pocket magazine,,Comic,Genre,No,No,,,1000.0,Unlimited,1,NFS,200.0,0,,,Orange,Colorful,1x1,,500.0,Bells,Redd's Co-op Raffle,,,,No,,No lighting,Not for sale,2.0.0,Yes,ToolMagazine_Remake_3_0,3_0,14640,3bGynWESHA7F77TuQ,3930,"(3, 0)"
pocketbook,,Novel,Genre,No,No,,,1000.0,Unlimited,1,NFS,200.0,0,,,Blue,White,1x1,,500.0,Bells,Redd's Co-op Raffle,,,,No,,No lighting,Not for sale,2.0.0,Yes,ToolBookPlayer_Remake_0_0,0_0,14639,9Y9zD3Eazk4qruBpL,392F,"(0, 0)"
pocketbook,,Gardening guide,Genre,No,No,,,1000.0,Unlimited,1,NFS,200.0,0,,,Purple,Colorful,1x1,,500.0,Bells,Redd's Co-op Raffle,,,,No,,No lighting,Not for sale,2.0.0,Yes,ToolBookPlayer_Remake_1_0,1_0,14639,HNFstehZ7EJisyuEB,392F,"(1, 0)"
pocketbook,,Bug guide,Genre,No,No,,,1000.0,Unlimited,1,NFS,200.0,0,,,Green,Colorful,1x1,,500.0,Bells,Redd's Co-op Raffle,,,,No,,No lighting,Not for sale,2.0.0,Yes,ToolBookPlayer_Remake_2_0,2_0,14639,L9AnDQ87xo8mPiwZt,392F,"(2, 0)"
pocketbook,,Fish guide,Genre,No,No,,,1000.0,Unlimited,1,NFS,200.0,0,,,Aqua,Colorful,1x1,,500.0,Bells,Redd's Co-op Raffle,,,,No,,No lighting,Not for sale,2.0.0,Yes,ToolBookPlayer_Remake_3_0,3_0,14639,zWSy9jMt7PaBe8T5c,392F,"(3, 0)"
pocketbook,,Fossil guide,Genre,No,No,,,1000.0,Unlimited,1,NFS,200.0,0,,,Brown,Beige,1x1,,500.0,Bells,Redd's Co-op Raffle,,,,No,,No lighting,Not for sale,2.0.0,Yes,ToolBookPlayer_Remake_4_0,4_0,14639,A8bEpmeD6yHK6Sf2y,392F,"(4, 0)"
printed-design shovel,,Light blue,Color,No,Yes,1.0,Normal,1000.0,100,1,2500,625.0,0,,,Aqua,Beige,1x1,,,,Nook's Cranny,Available in Nook's Cranny (upgraded only),,,No,,No lighting,For sale,1.0.0,Yes,ToolScoopPattern_Remake_0_0,0_0,8576,nQuRoWnfXx8BPFTmA,2180,"(0, 0)"
printed-design shovel,,White,Color,No,Yes,1.0,Normal,1000.0,100,1,2500,625.0,0,,,White,Beige,1x1,,,,Nook's Cranny,Available in Nook's Cranny (upgraded only),,,No,,No lighting,For sale,1.0.0,Yes,ToolScoopPattern_Remake_1_0,1_0,8576,uayKLmvAsj6EHGnJW,2180,"(1, 0)"
printed-design shovel,,Yellow,Color,No,Yes,1.0,Normal,1000.0,100,1,2500,625.0,0,,,Yellow,Beige,1x1,,,,Nook's Cranny,Available in Nook's Cranny (upgraded only),,,No,,No lighting,For sale,1.0.0,Yes,ToolScoopPattern_Remake_2_0,2_0,8576,Aa39b233u5kL2BZ5M,2180,"(2, 0)"
printed-design shovel,,Pink,Color,No,Yes,1.0,Normal,1000.0,100,1,2500,625.0,0,,,Pink,Beige,1x1,,,,Nook's Cranny,Available in Nook's Cranny (upgraded only),,,No,,No lighting,For sale,1.0.0,Yes,ToolScoopPattern_Remake_3_0,3_0,8576,jBDbWkxf2bC4Q7FXw,2180,"(3, 0)"
printed-design shovel,,Green,Color,No,Yes,1.0,Normal,1000.0,100,1,2500,625.0,0,,,Green,Beige,1x1,,,,Nook's Cranny,Available in Nook's Cranny (upgraded only),,,No,,No lighting,For sale,1.0.0,Yes,ToolScoopPattern_Remake_4_0,4_0,8576,8p4An2z69STF7vEXo,2180,"(4, 0)"
printed-design shovel,,Blue,Color,No,Yes,1.0,Normal,1000.0,100,1,2500,625.0,0,,,Blue,Beige,1x1,,,,Nook's Cranny,Available in Nook's Cranny (upgraded only),,,No,,No lighting,For sale,1.0.0,Yes,ToolScoopPattern_Remake_5_0,5_0,8576,6T8xrvDKPvnmAgoAm,2180,"(5, 0)"
printed-design shovel,,Purple,Color,No,Yes,1.0,Normal,1000.0,100,1,2500,625.0,0,,,Purple,Beige,1x1,,,,Nook's Cranny,Available in Nook's Cranny (upgraded only),,,No,,No lighting,For sale,1.0.0,Yes,ToolScoopPattern_Remake_6_0,6_0,8576,uYrRaXdBb23RrpGNc,2180,"(6, 0)"
printed-design shovel,,Black,Color,No,Yes,1.0,Normal,1000.0,100,1,2500,625.0,0,,,Black,Beige,1x1,,,,Nook's Cranny,Available in Nook's Cranny (upgraded only),,,No,,No lighting,For sale,1.0.0,Yes,ToolScoopPattern_Remake_7_0,7_0,8576,mwWibomJ7C9h9diZ3,2180,"(7, 0)"
protein shake,,Red,Shaker color,No,No,,,1000.0,3,1,960,240.0,151,,,Red,Beige,1x1,,,,Group Stretching,Sent in the mail after doing group stretches on 30 different days,,,No,1.0,No lighting,For sale,2.0.0,Yes,ToolProtein_Remake_0_0,0_0,14538,r6JPD8YnnAJXH2KPJ,38CA,"(0, 0)"
protein shake,,Blue,Shaker color,No,No,,,1000.0,3,1,960,240.0,151,,,Blue,Beige,1x1,,,,Group Stretching,Sent in the mail after doing group stretches on 30 different days,,,No,1.0,No lighting,For sale,2.0.0,Yes,ToolProtein_Remake_1_0,1_0,14538,q73xinSyYuQjJjiMh,38CA,"(1, 0)"
protein shake,,Green,Shaker color,No,No,,,1000.0,3,1,960,240.0,151,,,Green,Brown,1x1,,,,Group Stretching,Sent in the mail after doing group stretches on 30 different days,,,No,1.0,No lighting,For sale,2.0.0,Yes,ToolProtein_Remake_2_0,2_0,14538,dcuwDXs22ovjjCAnR,38CA,"(2, 0)"
protein shake,,Pink,Shaker color,No,No,,,1000.0,3,1,960,240.0,151,,,Pink,Pink,1x1,,,,Group Stretching,Sent in the mail after doing group stretches on 30 different days,,,No,1.0,No lighting,For sale,2.0.0,Yes,ToolProtein_Remake_3_0,3_0,14538,RoZzTh2AhgNWMgf54,38CA,"(3, 0)"
rainbow soft serve,,,,No,No,,,,3,1,NFS,150.0,0,,,Colorful,Beige,1x1,,500.0,Bells,Redd's Co-op Raffle,,,,No,1.0,No lighting,Not for sale,2.0.0,Yes,ToolIcesoft4,,324,6gqmwTQiD6eSwrPCb,0144,
ramune-soda cotton candy,,,,No,No,,,,3,1,600,150.0,0,,,Aqua,Beige,1x1,,500.0,Bells,Redd's Raffle,,Fireworks Show (1); Fireworks Show (2); Fireworks Show (3); Fireworks Show (4); Fireworks Show (5),Yes,No,1.0,No lighting,Not for sale,1.11.0,Yes,ToolCandyfloss3,,14744,XZ3KvjcLZCWX38vAe,3998,
ramune-soda frozen treat,,,,No,No,,,,3,1,600,150.0,0,,,Aqua,Beige,1x1,,500.0,Bells,Redd's Raffle,,Fireworks Show (1); Fireworks Show (2); Fireworks Show (3); Fireworks Show (4); Fireworks Show (5),Yes,No,1.0,No lighting,Not for sale,1.11.0,Yes,ToolIcecandyPlayer1,,14632,5i9FTKgXZ5wANJrLq,3928,
ramune-soda-lemon cone,,,,No,No,,,,3,1,NFS,150.0,0,,,Aqua,Yellow,1x1,,500.0,Bells,Redd's Co-op Raffle,,,,No,1.0,No lighting,Not for sale,2.0.0,Yes,ToolIcecreamDouble0,,14734,4ymrzaFBSv7hLTfbA,398E,
red balloon,,,,No,No,,,,Unlimited,1,600,150.0,0,,,Red,Red,1x1,,500.0,Bells,Redd's Raffle; Nook's Cranny,Available from Redd's Raffle during Fireworks Shows; Available from Nook's Cranny rotating cabinet stock outside of August,Fireworks Show (1); Fireworks Show (2); Fireworks Show (3); Fireworks Show (4); Fireworks Show (5),No,No,,No lighting,For sale,1.4.0,Yes,ToolBalloonNormal1,,13123,93qC6sGCBMeknRuJ7,3343,
red sparkler,,,,No,No,,,,1,10,600,150.0,0,,,Red,Colorful,1x1,,500.0,Bells,Redd's Raffle; Nook's Cranny,Available from Redd's Raffle during Fireworks Shows; Available from Nook's Cranny rotating cabinet stock outside of August,Fireworks Show (1); Fireworks Show (2); Fireworks Show (3); Fireworks Show (4); Fireworks Show (5),No,No,,No lighting,For sale,1.4.0,Yes,ToolFireworks,,5743,5YyG34qEdmAuABqHd,166F,
rose wand,,,,Yes,No,,,,Unlimited,1,NFS,1580.0,0,,,Red,Green,1x1,,,,Crafting,,,,No,,No lighting,Not for sale,1.0.0,Yes,ToolStickRose,,5093,RB9jk9eLFLJdokFjG,13E5,
shamrock soda,,,,No,No,,,,Unlimited,1,1000,250.0,201,party,,Green,White,1x1,,,,Nook Shopping Seasonal,,Shamrock Day,Yes,No,,No lighting,Seasonal,1.8.0,Yes,ToolJuiceShamrock,,14028,G9SmTScRAn3pcT7dB,36CC,
shamrock wand,,,,Yes,No,,,,Unlimited,1,NFS,1560.0,201,,,Green,Black,1x1,,,,Crafting,,Shamrock Day,Yes,No,,No lighting,Not for sale,1.8.0,Yes,ToolStickShamrock,,14239,Qvn93rzckYS8BqHZs,379F,
shell wand,,,,Yes,No,,,,Unlimited,1,NFS,5100.0,0,,,Pink,Aqua,1x1,,,,Crafting,,summer shells,Yes,No,,No lighting,Not for sale,1.0.0,Yes,ToolStickShell,,7586,EsdC3wFYpzqXB7RRi,1DA2,
shovel,,Red,Color,Yes,Yes,1.0,Normal,1000.0,100,1,NFS,600.0,0,,,Red,Black,1x1,,,,Crafting,,,,No,,No lighting,Not for sale,1.0.0,Yes,ToolScoop_Remake_0_0,0_0,2099,B6ejTnMqrR65wXv5z,0833,"(0, 0)"
shovel,,Yellow,Color,Yes,Yes,1.0,Normal,1000.0,100,1,NFS,600.0,0,,,Yellow,Black,1x1,,,,Crafting,,,,No,,No lighting,Not for sale,1.0.0,Yes,ToolScoop_Remake_1_0,1_0,2099,6sKHnKeEuPcLpjEF3,0833,"(1, 0)"
shovel,,Green,Color,Yes,Yes,1.0,Normal,1000.0,100,1,NFS,600.0,0,,,Green,Black,1x1,,,,Crafting,,,,No,,No lighting,Not for sale,1.0.0,Yes,ToolScoop_Remake_2_0,2_0,2099,SSzNaAfdGfnFoL8Qq,0833,"(2, 0)"
shovel,,Blue,Color,Yes,Yes,1.0,Normal,1000.0,100,1,NFS,600.0,0,,,Blue,Black,1x1,,,,Crafting,,,,No,,No lighting,Not for sale,1.0.0,Yes,ToolScoop_Remake_3_0,3_0,2099,qiAf2KCaX5Xr57bXb,0833,"(3, 0)"
shovel,,Purple,Color,Yes,Yes,1.0,Normal,1000.0,100,1,NFS,600.0,0,,,Purple,Black,1x1,,,,Crafting,,,,No,,No lighting,Not for sale,1.0.0,Yes,ToolScoop_Remake_4_0,4_0,2099,bbbeRassLbyY8HCP3,0833,"(4, 0)"
shovel,,Pink,Color,Yes,Yes,1.0,Normal,1000.0,100,1,NFS,600.0,0,,,Pink,Black,1x1,,,,Crafting,,,,No,,No lighting,Not for sale,1.0.0,Yes,ToolScoop_Remake_5_0,5_0,2099,CZoPP24ecNvDxdNfY,0833,"(5, 0)"
shovel,,White,Color,Yes,Yes,1.0,Normal,1000.0,100,1,NFS,600.0,0,,,White,Black,1x1,,,,Crafting,,,,No,,No lighting,Not for sale,1.0.0,Yes,ToolScoop_Remake_6_0,6_0,2099,JLemP4xchhzB2BmLk,0833,"(6, 0)"
shovel,,Black,Color,Yes,Yes,1.0,Normal,1000.0,100,1,NFS,600.0,0,,,Black,Black,1x1,,,,Crafting,,,,No,,No lighting,Not for sale,1.0.0,Yes,ToolScoop_Remake_7_0,7_0,2099,egJGqooiodvdWtv6Y,0833,"(7, 0)"
sky-blue folding fan,,,,No,No,,,,Unlimited,1,NFS,200.0,0,,,Aqua,White,1x1,,500.0,Bells,Redd's Co-op Raffle,,,,No,,No lighting,Not for sale,2.0.0,Yes,ToolSensu1,,323,QEGoJrSFWoioQcg9s,0143,
slingshot,,Red,Color,Yes,Yes,1.0,Normal,1000.0,20,1,900,225.0,0,,,Red,Beige,1x1,,,,Crafting; Nook's Cranny,"Available in all tiers of shops, including Timmy & Tommy before the shop is opened",,,No,,No lighting,For sale,1.0.0,Yes,ToolSlingshot_Remake_0_0,0_0,2822,kgAEBkWjeZrdvZLwC,0B06,"(0, 0)"
slingshot,,Yellow,Color,Yes,Yes,1.0,Normal,1000.0,20,1,900,225.0,0,,,Yellow,Beige,1x1,,,,Crafting; Nook's Cranny,"Available in all tiers of shops, including Timmy & Tommy before the shop is opened",,,No,,No lighting,For sale,1.0.0,Yes,ToolSlingshot_Remake_1_0,1_0,2822,aoeJ6gnZq7Cz9MH58,0B06,"(1, 0)"
slingshot,,Green,Color,Yes,Yes,1.0,Normal,1000.0,20,1,900,225.0,0,,,Green,Beige,1x1,,,,Crafting; Nook's Cranny,"Available in all tiers of shops, including Timmy & Tommy before the shop is opened",,,No,,No lighting,For sale,1.0.0,Yes,ToolSlingshot_Remake_2_0,2_0,2822,prpgd3XrcJHJZybaD,0B06,"(2, 0)"
slingshot,,Blue,Color,Yes,Yes,1.0,Normal,1000.0,20,1,900,225.0,0,,,Blue,Beige,1x1,,,,Crafting; Nook's Cranny,"Available in all tiers of shops, including Timmy & Tommy before the shop is opened",,,No,,No lighting,For sale,1.0.0,Yes,ToolSlingshot_Remake_3_0,3_0,2822,bHrn2thixWf3tPgQB,0B06,"(3, 0)"
slingshot,,Purple,Color,Yes,Yes,1.0,Normal,1000.0,20,1,900,225.0,0,,,Purple,Beige,1x1,,,,Crafting; Nook's Cranny,"Available in all tiers of shops, including Timmy & Tommy before the shop is opened",,,No,,No lighting,For sale,1.0.0,Yes,ToolSlingshot_Remake_4_0,4_0,2822,o2z73jZqDyg3Bwjtq,0B06,"(4, 0)"
slingshot,,Pink,Color,Yes,Yes,1.0,Normal,1000.0,20,1,900,225.0,0,,,Pink,Beige,1x1,,,,Crafting; Nook's Cranny,"Available in all tiers of shops, including Timmy & Tommy before the shop is opened",,,No,,No lighting,For sale,1.0.0,Yes,ToolSlingshot_Remake_5_0,5_0,2822,J47FSys2XtpZr8dT9,0B06,"(5, 0)"
slingshot,,White,Color,Yes,Yes,1.0,Normal,1000.0,20,1,900,225.0,0,,,White,Beige,1x1,,,,Crafting; Nook's Cranny,"Available in all tiers of shops, including Timmy & Tommy before the shop is opened",,,No,,No lighting,For sale,1.0.0,Yes,ToolSlingshot_Remake_6_0,6_0,2822,qKjLAtchN5GvjyknF,0B06,"(6, 0)"
slingshot,,Gray,Color,Yes,Yes,1.0,Normal,1000.0,20,1,900,225.0,0,,,Gray,Beige,1x1,,,,Crafting; Nook's Cranny,"Available in all tiers of shops, including Timmy & Tommy before the shop is opened",,,No,,No lighting,For sale,1.0.0,Yes,ToolSlingshot_Remake_7_0,7_0,2822,dq9S8zrmf4efRddki,0B06,"(7, 0)"
sparkling cider,,,,No,No,,,,Unlimited,1,1000,250.0,201,party,,Yellow,Aqua,1x1,,,,Nook Shopping Seasonal,,New Year's Eve,Yes,No,,No lighting,Seasonal,1.6.0,Yes,ToolJuiceFuzzyapple,,13835,RwPmXZCELsvd44w2t,360B,
spooky treats basket,,Orange,Pumpkin color,Yes,Yes,1.0,Pumpkin,1000.0,Unlimited,1,3000,750.0,201,horror,,Orange,Black,1x1,,,,Crafting; Nook's Cranny,,Halloween (days before); Halloween,Yes,No,,No lighting,Not for sale,1.11.0,Yes,ToolBasketHalloween_Remake_0_0,0_0,14542,7iCi5mzyunH38iSKL,38CE,"(0, 0)"
spooky treats basket,,Yellow,Pumpkin color,Yes,Yes,1.0,Pumpkin,1000.0,Unlimited,1,3000,750.0,201,horror,,Yellow,Black,1x1,,,,Crafting; Nook's Cranny,,Halloween (days before); Halloween,Yes,No,,No lighting,Not for sale,1.11.0,Yes,ToolBasketHalloween_Remake_1_0,1_0,14542,BeF86fkPMobZLnCJS,38CE,"(1, 0)"
spooky treats basket,,Green,Pumpkin color,Yes,Yes,1.0,Pumpkin,1000.0,Unlimited,1,3000,750.0,201,horror,,Green,Black,1x1,,,,Crafting; Nook's Cranny,,Halloween (days before); Halloween,Yes,No,,No lighting,Not for sale,1.11.0,Yes,ToolBasketHalloween_Remake_2_0,2_0,14542,nKJf3hTfazivQyxa7,38CE,"(2, 0)"
spooky treats basket,,Monochrome,Pumpkin color,Yes,Yes,1.0,Pumpkin,1000.0,Unlimited,1,3000,750.0,201,horror,,White,Black,1x1,,,,Crafting; Nook's Cranny,,Halloween (days before); Halloween,Yes,No,,No lighting,Not for sale,1.11.0,Yes,ToolBasketHalloween_Remake_3_0,3_0,14542,Yqgz4pipg2uNLWTYM,38CE,"(3, 0)"
spooky wand,,,,Yes,No,,,,Unlimited,1,NFS,4300.0,573,,,Orange,Black,1x1,,,,Crafting; Jack,,Halloween,Yes,No,,No lighting,Not for sale,1.5.0,Yes,ToolStickHalloween,,13237,M8JtabnRsijZu4RqN,33B5,
star net,,Yellow,Color,No,Yes,1.0,Normal,1000.0,30,1,2500,625.0,0,,,Yellow,Yellow,1x1,,,,Nook's Cranny,Available in Nook's Cranny (upgraded only),,,Yes,,No lighting,For sale,1.0.0,Yes,ToolNetStar_Remake_0_0,0_0,8176,wmcDHN8JZMbnvLiNs,1FF0,"(0, 0)"
star net,,Red,Color,No,Yes,1.0,Normal,1000.0,30,1,2500,625.0,0,,,Red,Red,1x1,,,,Nook's Cranny,Available in Nook's Cranny (upgraded only),,,Yes,,No lighting,For sale,1.0.0,Yes,ToolNetStar_Remake_1_0,1_0,8176,KxYpvPeESLFNeLjGm,1FF0,"(1, 0)"
star net,,Blue,Color,No,Yes,1.0,Normal,1000.0,30,1,2500,625.0,0,,,Blue,Blue,1x1,,,,Nook's Cranny,Available in Nook's Cranny (upgraded only),,,Yes,,No lighting,For sale,1.0.0,Yes,ToolNetStar_Remake_2_0,2_0,8176,7GJJruF4u4y62nvQy,1FF0,"(2, 0)"
star net,,Light green,Color,No,Yes,1.0,Normal,1000.0,30,1,2500,625.0,0,,,Green,Green,1x1,,,,Nook's Cranny,Available in Nook's Cranny (upgraded only),,,Yes,,No lighting,For sale,1.0.0,Yes,ToolNetStar_Remake_3_0,3_0,8176,y7BXcMSNByN5Q4Ycs,1FF0,"(3, 0)"
star net,,Pink,Color,No,Yes,1.0,Normal,1000.0,30,1,2500,625.0,0,,,Pink,Pink,1x1,,,,Nook's Cranny,Available in Nook's Cranny (upgraded only),,,Yes,,No lighting,For sale,1.0.0,Yes,ToolNetStar_Remake_4_0,4_0,8176,ajfxbnCnpzWsxsk9q,1FF0,"(4, 0)"
star net,,Purple,Color,No,Yes,1.0,Normal,1000.0,30,1,2500,625.0,0,,,Purple,Purple,1x1,,,,Nook's Cranny,Available in Nook's Cranny (upgraded only),,,Yes,,No lighting,For sale,1.0.0,Yes,ToolNetStar_Remake_5_0,5_0,8176,4mcfWQJQeebqu4az6,1FF0,"(5, 0)"
star net,,Light blue,Color,No,Yes,1.0,Normal,1000.0,30,1,2500,625.0,0,,,Aqua,Aqua,1x1,,,,Nook's Cranny,Available in Nook's Cranny (upgraded only),,,Yes,,No lighting,For sale,1.0.0,Yes,ToolNetStar_Remake_6_0,6_0,8176,ngWXLftz3J8uf7WZq,1FF0,"(6, 0)"
star net,,Green,Color,No,Yes,1.0,Normal,1000.0,30,1,2500,625.0,0,,,Green,Green,1x1,,,,Nook's Cranny,Available in Nook's Cranny (upgraded only),,,Yes,,No lighting,For sale,1.0.0,Yes,ToolNetStar_Remake_7_0,7_0,8176,YZeGaCuXAbFSpEg3h,1FF0,"(7, 0)"
star wand,,,,Yes,No,,,,Unlimited,1,NFS,6500.0,0,,,Yellow,Aqua,1x1,,,,Crafting,,,,No,,No lighting,Not for sale,1.0.0,Yes,ToolChangeStick,,2544,mMwQ96ZbuiBMzgutd,09F0,
starry cheer megaphone,,,,No,No,,,,Unlimited,1,1500,375.0,201,fitness,,Yellow,Colorful,1x1,,,,Nook Shopping Seasonal,,Big Game Celebration,Yes,No,,No lighting,Seasonal,1.7.0,Yes,ToolMegaphone2,,14014,AuWqSWWeNacnwYhyk,36BE,
stone axe,,,,Yes,No,,,,100,1,NFS,560.0,0,,,Beige,Gray,1x1,,,,Crafting,,,,No,,No lighting,Not for sale,1.0.0,Yes,ToolAxeStoneNormal,,5856,NKHsBuYu25RHWjMBx,16E0,
strawberry cone,,,,No,No,,,,3,1,NFS,150.0,0,,,Pink,Beige,1x1,,500.0,Bells,Redd's Co-op Raffle,,,,No,1.0,No lighting,Not for sale,2.0.0,Yes,ToolIcecream2,,14837,c97LXNZRkhn8tDBJ3,39F5,
strawberry cotton candy,,,,No,No,,,,3,1,600,150.0,0,,,Pink,Beige,1x1,,500.0,Bells,Redd's Raffle,,Fireworks Show (1); Fireworks Show (2); Fireworks Show (3); Fireworks Show (4); Fireworks Show (5),Yes,No,1.0,No lighting,Not for sale,1.11.0,Yes,ToolCandyfloss1,,14748,CdFxYJ9eRjApQfEQM,399C,
strawberry donut,,,,No,No,,,,3,1,NFS,150.0,0,,,Pink,Pink,1x1,,500.0,Bells,Redd's Co-op Raffle,,,,No,1.0,No lighting,Not for sale,2.0.0,Yes,ToolDonutPlayer2,,334,6xEQLktM6S7yGBhSA,014E,
takeout coffee,,,,No,No,,,,3,1,NFS,75.0,0,,,Brown,White,1x1,,,,Brewster,,,,No,1.0,No lighting,Not for sale,2.0.0,Yes,ToolCupTakeout,,14541,tELkNKkmj6HbDxy8m,38CD,
tambourine,,,,No,No,,,,Unlimited,1,1500,375.0,103,,,White,Beige,1x1,,,,Nook's Cranny,Available in the re-buyable slot in Nook's Cranny,,,No,,No lighting,For sale,1.0.0,Yes,ToolTambourine,,5430,eYwGmK6fQwz2XJcht,1536,
timer,,,,No,No,,,,Unlimited,1,840,210.0,0,,,,,1x1,,,,Nook's Cranny,,,,No,,No lighting,Not in catalog,1.0.0,Yes,ToolTimer,,3331,vEEPnFx9FEcKKuzg2,0D03,
transceiver,,,,No,No,,,,Unlimited,1,NFS,,0,,,,,1x1,,,,Resetti,,,,No,,No lighting,Not in catalog,3.0.0,Yes,Transceiver,,1233,cxgtsYesQuMu5uhSt,04D1,
tree-branch wand,,,,Yes,No,,,,Unlimited,1,NFS,1550.0,0,,,Brown,White,1x1,,,,Crafting,,,,No,,No lighting,Not for sale,1.0.0,Yes,ToolStickTree,,7587,KnHhJXtuXEhqcPMTx,1DA3,
Tri Rod,,,,No,No,,,,Unlimited,1,13330,3332.0,201,,,Yellow,Green,1x1,,,,Nook Shopping Promotion,,,,No,,No lighting,Not in catalog,3.0.0,Yes,ToolStickTri0,,1048,QojJMSosWgbHRhNPJ,0418,
tulip wand,,,,Yes,No,,,,Unlimited,1,NFS,1580.0,0,,,Red,Green,1x1,,,,Crafting,,,,No,,No lighting,Not for sale,1.0.0,Yes,ToolStickTulip,,5085,u7ZfCMpDYtPRbK2vc,13DD,
tweeter,,,,No,No,,,,Unlimited,1,800,200.0,0,,,Yellow,Aqua,1x1,,500.0,Bells,Redd's Raffle; Nook's Cranny,Available from Redd's Raffle during Fireworks Shows; Available from Nook's Cranny rotating cabinet stock outside of August,Fireworks Show (1); Fireworks Show (2); Fireworks Show (3); Fireworks Show (4); Fireworks Show (5),No,No,,No lighting,For sale,1.4.0,Yes,ToolBlowouts,,5742,QxaQCNrLi393nadSQ,166E,
uchiwa fan,,,,No,No,,,,Unlimited,1,800,200.0,0,,,Blue,Purple,1x1,,500.0,Bells,Redd's Raffle; Nook's Cranny,Available from Redd's Raffle during Fireworks Shows; Available from Nook's Cranny rotating cabinet stock outside of August,Fireworks Show (1); Fireworks Show (2); Fireworks Show (3); Fireworks Show (4); Fireworks Show (5),No,No,,No lighting,For sale,1.4.0,Yes,ToolPaperFan,,5319,bPKsESXK5jLNWXAof,14C7,
vanilla cone,,,,No,No,,,,3,1,NFS,150.0,0,,,White,Beige,1x1,,500.0,Bells,Redd's Co-op Raffle,,,,No,1.0,No lighting,Not for sale,2.0.0,Yes,ToolIcecream0,,14635,oZLLmRsTp5HZ6tAvw,392B,
vanilla soft serve,,,,No,No,,,,3,1,NFS,150.0,0,,,White,Beige,1x1,,500.0,Bells,Redd's Co-op Raffle,,,,No,1.0,No lighting,Not for sale,2.0.0,Yes,ToolIcesoft0,,14636,GRzhsozbuwfpdSxAu,392C,
vaulting pole,,,,Yes,No,,,,Unlimited,1,NFS,600.0,0,,,Beige,Red,1x1,,,,Crafting,,,,No,,No lighting,Not for sale,1.0.0,Yes,LongWoodenStick,,4703,2vD5XPKHSCCSjy882,125F,
vine ladder set-up kit,,Light brown,Color,Yes,Yes,1.0,Normal,1000.0,Unlimited,1,NFS,1940.0,103,,,,,1x1,,,,Crafting,,,,No,,No lighting,Not in catalog,2.0.0,Yes,LadderKitA0_Remake_0_0,0_0,13526,WW5vXJpgHWbZNqN6t,34D6,"(0, 0)"
vine ladder set-up kit,,Dark brown,Color,Yes,Yes,1.0,Normal,1000.0,Unlimited,1,NFS,1940.0,103,,,,,1x1,,,,Crafting,,,,No,,No lighting,Not in catalog,2.0.0,Yes,LadderKitA0_Remake_1_0,1_0,13526,2Bn52xsRMR52qYrJg,34D6,"(1, 0)"
vine ladder set-up kit,,White,Color,Yes,Yes,1.0,Normal,1000.0,Unlimited,1,NFS,1940.0,103,,,,,1x1,,,,Crafting,,,,No,,No lighting,Not in catalog,2.0.0,Yes,LadderKitA0_Remake_2_0,2_0,13526,rJYqpe4XHCbBsvfKR,34D6,"(2, 0)"
wand,,,,Yes,No,,,,Unlimited,1,NFS,1000.0,0,,,Brown,Brown,1x1,,,,Crafting,,,,No,,No lighting,Not for sale,1.0.0,Yes,ToolStickWood,,7584,2Re2yBHTfLRDiTWRb,1DA0,
watering can,,Blue,Color,Yes,Yes,1.0,Normal,1000.0,60,1,NFS,600.0,0,,,Blue,Blue,1x1,,,,Crafting,,,,Yes,,No lighting,Not for sale,1.0.0,Yes,ToolWatering_Remake_0_0,0_0,2379,wLChevsx2T9Sm6yf4,094B,"(0, 0)"
watering can,,Orange,Color,Yes,Yes,1.0,Normal,1000.0,60,1,NFS,600.0,0,,,Orange,Orange,1x1,,,,Crafting,,,,Yes,,No lighting,Not for sale,1.0.0,Yes,ToolWatering_Remake_1_0,1_0,2379,29SBgiL9wQWpYmfa4,094B,"(1, 0)"
watering can,,Green,Color,Yes,Yes,1.0,Normal,1000.0,60,1,NFS,600.0,0,,,Green,Green,1x1,,,,Crafting,,,,Yes,,No lighting,Not for sale,1.0.0,Yes,ToolWatering_Remake_2_0,2_0,2379,m8fFeTsh7z7JgjB6H,094B,"(2, 0)"
watering can,,Red,Color,Yes,Yes,1.0,Normal,1000.0,60,1,NFS,600.0,0,,,Red,Red,1x1,,,,Crafting,,,,Yes,,No lighting,Not for sale,1.0.0,Yes,ToolWatering_Remake_3_0,3_0,2379,95zusTkvS5ou2wPEC,094B,"(3, 0)"
watering can,,Purple,Color,Yes,Yes,1.0,Normal,1000.0,60,1,NFS,600.0,0,,,Purple,Purple,1x1,,,,Crafting,,,,Yes,,No lighting,Not for sale,1.0.0,Yes,ToolWatering_Remake_4_0,4_0,2379,wiAp8rGXiDM3kyxpo,094B,"(4, 0)"
watering can,,Pink,Color,Yes,Yes,1.0,Normal,1000.0,60,1,NFS,600.0,0,,,Pink,Pink,1x1,,,,Crafting,,,,Yes,,No lighting,Not for sale,1.0.0,Yes,ToolWatering_Remake_5_0,5_0,2379,JSe4Du3wPtE2TT98X,094B,"(5, 0)"
watering can,,White,Color,Yes,Yes,1.0,Normal,1000.0,60,1,NFS,600.0,0,,,White,White,1x1,,,,Crafting,,,,Yes,,No lighting,Not for sale,1.0.0,Yes,ToolWatering_Remake_6_0,6_0,2379,Z7ggDgjzNii2RWjNQ,094B,"(6, 0)"
watering can,,Black,Color,Yes,Yes,1.0,Normal,1000.0,60,1,NFS,600.0,0,,,Black,Black,1x1,,,,Crafting,,,,Yes,,No lighting,Not for sale,1.0.0,Yes,ToolWatering_Remake_7_0,7_0,2379,77zFHmNrGhuJAvvjA,094B,"(7, 0)"
wedding wand,,,,Yes,No,,,,Unlimited,1,NFS,3500.0,437,,,Pink,Aqua,1x1,,,,Crafting,,Wedding Season,Yes,No,,No lighting,Not for sale,1.2.0,Yes,ToolStickJune,,12695,syPb2baTrP3zqi66f,3197,
white-chocolate donut,,,,No,No,,,,3,1,NFS,150.0,0,,,Brown,White,1x1,,500.0,Bells,Redd's Co-op Raffle,,,,No,1.0,No lighting,Not for sale,2.0.0,Yes,ToolDonutPlayer1,,337,H8TDicKFng43vpWy2,0151,
windflower wand,,,,Yes,No,,,,Unlimited,1,NFS,1580.0,0,,,Orange,Green,1x1,,,,Crafting,,,,No,,No lighting,Not for sale,1.0.0,Yes,ToolStickAnemones,,5084,ERMKczYuvS6Eff7C9,13DC,
wooden ladder set-up kit,,Natural,Paint color,Yes,Yes,1.0,Normal,1000.0,Unlimited,1,NFS,2040.0,103,,,,,1x1,,,,Crafting,,,,No,,No lighting,Not in catalog,2.0.0,Yes,LadderKitB0_Remake_0_0,0_0,13530,Apjs6HkLwMsryuvbt,34DA,"(0, 0)"
wooden ladder set-up kit,,Blue,Paint color,Yes,Yes,1.0,Normal,1000.0,Unlimited,1,NFS,2040.0,103,,,,,1x1,,,,Crafting,,,,No,,No lighting,Not in catalog,2.0.0,Yes,LadderKitB0_Remake_1_0,1_0,13530,e68rdW5MrXueaLt35,34DA,"(1, 0)"
wooden ladder set-up kit,,Red,Paint color,Yes,Yes,1.0,Normal,1000.0,Unlimited,1,NFS,2040.0,103,,,,,1x1,,,,Crafting,,,,No,,No lighting,Not in catalog,2.0.0,Yes,LadderKitB0_Remake_2_0,2_0,13530,kG85Xou84e8PKg7hD,34DA,"(2, 0)"
wooden ladder set-up kit,,Yellow,Paint color,Yes,Yes,1.0,Normal,1000.0,Unlimited,1,NFS,2040.0,103,,,,,1x1,,,,Crafting,,,,No,,No lighting,Not in catalog,2.0.0,Yes,LadderKitB0_Remake_3_0,3_0,13530,4Ymt3v2EFoZL7mghy,34DA,"(3, 0)"
wooden ladder set-up kit,,Green,Paint color,Yes,Yes,1.0,Normal,1000.0,Unlimited,1,NFS,2040.0,103,,,,,1x1,,,,Crafting,,,,No,,No lighting,Not in catalog,2.0.0,Yes,LadderKitB0_Remake_4_0,4_0,13530,oGJNcNSyTYjQAgg8Y,34DA,"(4, 0)"
wooden ladder set-up kit,,White,Paint color,Yes,Yes,1.0,Normal,1000.0,Unlimited,1,NFS,2040.0,103,,,,,1x1,,,,Crafting,,,,No,,No lighting,Not in catalog,2.0.0,Yes,LadderKitB0_Remake_5_0,5_0,13530,ZPMwEtEspQwqSGLCg,34DA,"(5, 0)"
worn axe,,,,No,No,,,,3,1,NFS,10.0,0,,,,,1x1,,,,May Day Tour,,May Day,Yes,No,,No lighting,Not in catalog,1.2.0,Yes,ToolAxeFragile,,12615,xqXJch47cQrNT65jG,3147,
yellow balloon,,,,No,No,,,,Unlimited,1,600,150.0,0,,,Yellow,Yellow,1x1,,500.0,Bells,Redd's Raffle; Nook's Cranny,Available from Redd's Raffle during Fireworks Shows; Available from Nook's Cranny rotating cabinet stock outside of August,Fireworks Show (1); Fireworks Show (2); Fireworks Show (3); Fireworks Show (4); Fireworks Show (5),No,No,,No lighting,For sale,1.4.0,Yes,ToolBalloonNormal2,,13124,dF8pTGMJY5465vatR,3344,
