Name,Image,VFX,VFX Type,DIY,Buy,Sell,Color 1,Color 2,Exchange Price,Exchange Currency,Source,Source Notes,Season/Event,Season/Event Exclusive,Window Type,Window Color,Pane Type,Curtain Type,Curtain Color,Ceiling Type,HHA Base Points,HHA Concept 1,HHA Concept 2,HHA Series,Tag,Catalog,Version Added,Unlocked?,Filename,Internal ID,Unique Entry ID,Internal ID as hex
abstract wall,,No,,No,1560,390,White,Colorful,1400.0,Poki,Nook's Cranny,,,,Four Pane,Grey Wood,Glass,Roller Shades,White,Cloth,151,restaurant,facility,,Cloth Walls,For sale,1.0.0,Yes,RoomTexWallAbstract00,4873,FpdbDr4PMe5WdEZkA,1309
airplane wall,,Yes,Synchro,No,3000,750,White,White,,,Saharah's Co-op,,,,,,,,,Cloth,451,facility,,,Special Walls,Not for sale,2.0.0,Yes,RoomSpWallAirplane00,5497,Z62odoapxLDBurx9r,1579
ancient wall,,No,,No,3000,750,Beige,Brown,,,Saharah; Saharah's Co-op,,,,,,,,,Stone,451,ancient,,,Asia,Not for sale,1.0.0,Yes,RoomTexWallEgypt00,4936,Y2pykQMhqbEoGGa62,1348
antique brick wall,,No,,No,3000,750,Brown,Black,,,Saharah's Co-op,,,,Four Pane,Dark Wood,Glass,,,Stone,451,café,restaurant,,Brick,Not for sale,2.0.0,Yes,RoomTexWallAntique00,13331,ETTnjcgHmkCL56GxD,3413
apparel-shop wall,,No,,No,3000,750,Colorful,White,,,Saharah's Co-op,,,,,,,,,Stone,451,apparel shop,,,WallFacility,Not for sale,2.0.0,Yes,RoomTexWallDisplay00,12911,njfAsLH73QkJBxgg5,326F
apple wall,,No,,Yes,NFS,4000,Red,Red,,,Crafting,,,,Four Pane,Grey Wood,Glass,Roller Shades,White,Cloth,103,fancy,child's room,fruits,Fruit Walls,Not for sale,1.0.0,Yes,RoomTexWallApple00,4916,roJZFWataeLQK6vqa,1334
aqua tile wall,,No,,No,1420,355,Aqua,Aqua,1300.0,Poki,Nook's Cranny,,,,Single Pane,White Metal,Glass,Slatted Blinds,White Plastic,Stone,151,bathroom,public bath,,Tile Walls,For sale,1.0.0,Yes,RoomTexWallTile01,4930,6NXvjsdpxJLbd96RM,1342
arched-window wall,,Yes,,No,2150,537,Brown,Aqua,1900.0,Poki,Nook's Cranny,,,,,,,,,Wood,151,restaurant,European,,Special Walls,For sale,1.0.0,Yes,RoomSpWallGlass00,5482,TzS5oe6a7KyBezmLS,156A
aurora wall,,Yes,Synchro,No,7000,1750,Blue,Aqua,,,Nook Shopping Seasonal,,Winter Solstice,Yes,,,,,,Plain,201,freezing cold,,,Special Cool Nature Walls,Seasonal,1.6.0,Yes,RoomSpWallAurora00,13609,9FGZqwB77ofG4cC8k,3529
autumn wall,,Yes,Random,Yes,NFS,4700,Brown,Orange,,,Crafting,,maple leaves,Yes,,,,,,Wood,201,garden,nature,tree's bounty or leaves,Special Warm Nature Walls,Not for sale,1.0.0,Yes,RoomSpWallAutumun00,4905,KfLqJKhWtys8v86ig,1329
backyard-fence wall,,Yes,Synchro,No,3000,750,Aqua,White,,,Saharah; Saharah's Co-op,,,,,,,,,Plain,451,garden,local,,Special Cool Nature Walls,Not for sale,1.0.0,Yes,RoomSpWallBackyard00,5481,oPYWjEfm7BqHTYipq,1569
bamboo wall,,No,,Yes,NFS,2400,Green,Beige,,,Crafting,,,,,,,,,Wood,103,harmonious,retro,bamboo,Nature Walls,Not for sale,1.0.0,Yes,RoomTexWallBamboo00,4833,MYpD6DoNCPDw6d9t3,12E1
bamboo-grove wall,,No,,Yes,NFS,4300,Green,Green,,,Crafting,,young spring bamboo,Yes,,,,,,Wood,201,harmonious,garden,bamboo,Nature Walls,Not for sale,1.0.0,Yes,RoomTexWallChikurin00,4853,LbsrED9Rwg6SHTCpa,12F5
bamboo-screen wall,,No,,No,1770,442,Brown,Brown,1600.0,Poki,Nook's Cranny,,,,,,,,,Stone,151,heritage,harmonious,,Wood Walls,For sale,1.0.0,Yes,RoomTexWallRattan00,4836,MZt39wkPG6P7iWG2M,12E4
bank-vault wall,,No,,No,3000,750,Gray,Gray,,,Saharah; Saharah's Co-op,,,,,,,,,Tile,451,facility,expensive,,Iron Walls,Not for sale,1.0.0,Yes,RoomTexWallSafeBox00,4839,HrgjLfo8tPzP2zpbE,12E7
basic wall,,Yes,,No,600,150,White,White,540.0,Poki,Nook's Cranny,,,,,,,,,Tile,151,office,facility,,Special Walls,For sale,1.0.0,Yes,RoomSpWallSimplePanel00,5559,FJxKPu5W2sd2YWQfA,15B7
bathhouse wall,,No,,No,3000,750,Aqua,Aqua,,,Saharah's Co-op,,,,,,,,,Stone,451,bathroom,public bath,,Neta Walls,Not for sale,2.0.0,Yes,RoomTexWallPublicBath00,4829,x5kZ8HpHrN5mXe8wX,12DD
beaded-curtain wall,,No,,No,1720,430,White,Orange,1500.0,Poki,Nook's Cranny,,,,Four Pane,Natural Wood,Glass,Curtains,White Lace,Wood,151,shop,kitchen,,Cloth Walls,For sale,1.0.0,Yes,RoomTexWallBeadsCurtain00,4877,M3mNZS2vSaHaiujcH,130D
beige art-deco wall,,No,,No,2780,695,Beige,Beige,2500.0,Poki,Nook's Cranny,,,,Arch,Wood,Glass,,,Wood,151,European,living room,,Art Deco Walls,For sale,1.0.0,Yes,RoomTexWallArtDeco00,4817,2zmJaMB2B9i8gLTKt,12D1
beige blossoming wall,,No,,No,1760,440,Beige,Brown,1600.0,Poki,Nook's Cranny,,,,Four Pane,Natural Wood,Glass,Curtains,Red Checkered,Wood,151,fancy,living room,,Country,For sale,1.0.0,Yes,RoomTexWallCountry00,4831,CF5325jZx7pNsqb6Z,12DF
beige Moroccan wall,,No,,No,2440,610,Beige,Beige,2200.0,Poki,Nook's Cranny,,,,Sliding Pane,White Metal,Glass,,,Stone,151,bathroom,public bath,Moroccan,Morocco,For sale,1.0.0,Yes,RoomTexWallMorocco00,4834,qZrgjoMjxz9ehXqa4,12E2
black botanical-tile wall,,No,,No,1240,310,Black,Black,1100.0,Poki,Nook's Cranny,,,,Single Pane,Black Metal,Glass,Slatted Blinds,Black Plastic,Stone,151,facility,expensive,,Wood Tile Walls,For sale,1.0.0,Yes,RoomTexWallWoodTile03,6877,PEcX9J774Ffd6Gn8S,1ADD
black European-style wall,,Yes,,No,3000,750,Black,Aqua,,,Saharah's Co-op,,,,,,,,,Stone,451,European,restaurant,,Special Walls,Not for sale,2.0.0,Yes,RoomSpWallFrench01,13866,sQ5tk8wwoJhvHBj44,362A
black hallway wall,,No,,No,2000,500,Black,Black,1800.0,Poki,Nook's Cranny,,,,,,,,,Wood,151,facility,music,,Hall Walls,For sale,1.0.0,Yes,RoomTexWallHall03,6862,pQrYRHsmovBApejNJ,1ACE
black perforated-board wall,,No,,No,1180,295,Black,Black,1100.0,Poki,Nook's Cranny,,,,,,,,,Tile,151,music,facility,,Pegboard Walls,For sale,1.0.0,Yes,RoomTexWallPegboard02,4922,7fMiJATy4fWP4DpoC,133A
black two-toned tile wall,,No,,No,1850,462,Black,Black,1700.0,Poki,Nook's Cranny,,,,Sliding Pane,White Metal,Glass,,,Stone,151,bathroom,public bath,,Two-Tone Tile Walls,For sale,1.0.0,Yes,RoomTexWallTwoToneTile06,6859,aF8tqscwpShhhsASx,1ACB
black window-panel wall,,Yes,,No,2800,700,Black,Aqua,2500.0,Poki,Nook's Cranny,,,,,,,,,Stone,151,,,,Special Walls,For sale,2.0.0,Yes,RoomSpWallWindow01,13438,LXuaBG839ogDDzkPe,347E
black-brick wall,,No,,No,1000,250,Black,Black,900.0,Poki,Nook's Cranny,,,,Four Pane,Dark Wood,Glass,,,Wood,151,café,city life,,Brick,For sale,1.0.0,Yes,RoomTexWallBrick02,4929,tCex7y47sAsaD44Wm,1341
black-crown wall,,No,,No,2350,587,Black,Black,2100.0,Poki,Nook's Cranny,,,,,,,,,Tile,151,restaurant,facility,,Crown Walls,For sale,1.0.0,Yes,RoomTexWallCrown01,4815,4cCAvP8bbCYcyAyBE,12CF
blackboard wall,,No,,No,3000,750,Black,Colorful,,,Saharah; Saharah's Co-op,,,,,,,,,Wood,451,shop,school,,Neta Walls,Not for sale,1.0.0,Yes,RoomTexWallBlackBoard00,4882,Aseoowo4cuXJqyWaA,1312
blue blossoming wall,,No,,No,1760,440,Aqua,Blue,1600.0,Poki,Nook's Cranny,,,,Four Pane,Grey Wood,Glass,Curtains,Blue Checkered,Wood,151,fancy,living room,,Country,For sale,1.0.0,Yes,RoomTexWallCountry02,4896,SZWxorHWvT7vhGXsj,1320
blue camo wall,,No,,No,1150,287,Blue,Blue,1000.0,Poki,Nook's Cranny,,,,Single Pane,Grey Wood,Glass,Slatted Blinds,White Plastic,Cloth,151,party,child's room,,Camouflage,For sale,1.0.0,Yes,RoomTexWallCamouflage01,4884,xQ2EDvGyh76skJyX3,1314
blue delicate-blooms wall,,No,,No,1900,475,Blue,Black,1700.0,Poki,Nook's Cranny,,,,Four Pane,Dark Wood,Glass,Roller Shades,Undyed,Wood,151,expensive,living room,,Manor Walls,For sale,1.0.0,Yes,RoomTexWallManor03,6852,7Fb4nvMvoxtCZRQv7,1AC4
blue diner wall,,No,,No,2420,605,Blue,Aqua,2200.0,Poki,Nook's Cranny,,,,Single Pane,White Metal,Glass,Slatted Blinds,White Plastic,Stone,151,restaurant,café,diner,Diner Walls,For sale,1.0.0,Yes,RoomTexWallDiner00,7241,GjJT3k3neqwzenXku,1C49
blue flower-print wall,,No,,No,1780,445,Blue,Aqua,1600.0,Poki,Nook's Cranny,,,,Four Pane,Dark Wood,Glass,Curtains,Light Blue,Wood,151,fancy,living room,,Flower Walls,For sale,1.0.0,Yes,RoomTexWallFlower03,6873,Hfm5a2EozWyQws3Tv,1AD9
blue heart-pattern wall,,No,,No,1280,320,Blue,Aqua,1200.0,Poki,Nook's Cranny,,,,Four Pane,White Wood,Glass,Roller Shades,White,Cloth,151,fancy,child's room,,Heart Walls,For sale,1.0.0,Yes,RoomTexWallHeart00,4874,9dXvZ4H39kton3Tcj,130A
blue honeycomb-tile wall,,No,,No,1680,420,Blue,Blue,1500.0,Poki,Nook's Cranny,,,,Sliding Pane,Black Metal,Glass,,,Stone,151,bathroom,public bath,,Honeycomb,For sale,1.0.0,Yes,RoomTexWallHoneycomb01,4912,Fht6yazsmMqdtEYQb,1330
blue intricate wall,,No,,No,1570,392,Blue,White,1400.0,Poki,Nook's Cranny,,,,Four Pane,Grey Wood,Glass,Roller Shades,White,Wood,151,living room,shop,,Flower Pop Walls,For sale,1.0.0,Yes,RoomTexWallFlowerPop00,4848,p65nAJPAzQRgrjmDk,12F0
blue molded-panel wall,,No,,No,1980,495,Blue,Brown,1800.0,Poki,Nook's Cranny,,,,Sliding Pane,White Metal,Glass,,,Cloth,151,facility,living room,,Panel Mold Walls,For sale,1.0.0,Yes,RoomTexWallPanelMold01,4871,NpLfp6Jj3N5SDZJGK,1307
blue Moroccan wall,,No,,No,2440,610,Blue,White,2200.0,Poki,Nook's Cranny,,,,Sliding Pane,White Metal,Glass,,,Stone,151,bathroom,public bath,Moroccan,Morocco,For sale,1.0.0,Yes,RoomTexWallMorocco01,4835,vgNuogZ2JG2eZEBni,12E3
blue Moroccan-style wall,,No,,No,3000,750,Blue,Blue,,,Saharah's Co-op,,,,,,,,,Stone,451,stylish,living room,,Asia,Not for sale,2.0.0,Yes,RoomTexWallTadelakt00,13487,stCTPTZtxH5iakJzd,34AF
blue painted-wood wall,,No,,No,1650,412,Blue,Aqua,1500.0,Poki,Nook's Cranny,,,,Four Pane,White Wood,Glass,,,Wood,151,child's room,living room,,Painted Wood,For sale,1.0.0,Yes,RoomTexWallPaintWood00,4948,taLRgdodXzdzaAqA5,1354
blue playroom wall,,No,,No,2540,635,Aqua,Blue,2300.0,Poki,Nook's Cranny,,,,Sliding Pane,White Metal,Glass,,,Cloth,151,child's room,fancy,kids,Toy Walls,For sale,1.0.0,Yes,RoomTexWallToy00,4888,GFvGWj5w9m6i5eRwu,1318
blue quilt wall,,No,,No,2150,537,Blue,White,1900.0,Poki,Nook's Cranny,,,,Four Pane,White Wood,Glass,Curtains,White Lace,Cloth,151,fancy,child's room,,Dollhouse Walls,For sale,1.0.0,Yes,RoomTexWallDollhouse01,7277,PPTLt5GQAdAhgRkxx,1C6D
blue shanty wall,,No,,No,620,155,Blue,Blue,560.0,Poki,Nook's Cranny,,,,Single Pane,Grey Wood,Glass,Slatted Blinds,White Plastic,Stone,151,workshop,construction site,,Tin Walls,For sale,1.0.0,Yes,RoomTexWallTin02,4925,izNEFpPcp7pZaokHC,133D
blue simple-cloth wall,,No,,No,750,187,Blue,Aqua,680.0,Poki,Nook's Cranny,,,,Four Pane,White Wood,Glass,Curtains,White,Wood,151,child's room,living room,simple,Simple Walls,For sale,1.0.0,Yes,RoomTexWallSimple03,4869,KEN3oXsCwXwBcrfyD,1305
blue subway-tile wall,,No,,No,1340,335,Blue,Aqua,1200.0,Poki,Nook's Cranny,,,,Sliding Pane,White Metal,Glass,,,Stone,151,facility,shop,,Metro Walls,For sale,1.0.0,Yes,RoomTexWallMetro00,4940,mJ2HZDvnKgWB4TfXD,134C
blue tile wall,,No,,No,1420,355,Blue,Blue,1300.0,Poki,Nook's Cranny,,,,Single Pane,White Metal,Glass,Slatted Blinds,White Plastic,Stone,151,bathroom,public bath,,Tile Walls,For sale,1.0.0,Yes,RoomTexWallTile03,7127,gFc6NFYEbm8AqnpNu,1BD7
blue two-toned tile wall,,No,,No,1850,462,Blue,Blue,1700.0,Poki,Nook's Cranny,,,,Sliding Pane,White Metal,Glass,,,Stone,151,bathroom,public bath,,Two-Tone Tile Walls,For sale,1.0.0,Yes,RoomTexWallTwoToneTile05,6858,97tHxtBzbMechYNAe,1ACA
blue-crown wall,,No,,No,2350,587,Blue,Black,2100.0,Poki,Nook's Cranny,,,,,,,,,Tile,151,restaurant,facility,,Crown Walls,For sale,1.0.0,Yes,RoomTexWallCrown00,4814,k3b6CntCn3X84TN8X,12CE
blue-paint wall,,No,,No,1600,400,Blue,Blue,1400.0,Poki,Nook's Cranny,,,,Four Pane,Dark Wood,Glass,,,Stone,151,fancy,living room,,Stucco Walls,For sale,1.0.0,Yes,RoomTexWallStucco03,4811,Pdr9WyCDQ9MBgG2qf,12CB
blue-rose wall,,No,,No,1720,430,Blue,Aqua,1500.0,Poki,Nook's Cranny,,,,Arch,Grey Metal,Glass,,,Wood,151,fancy,child's room,,Rose Walls,For sale,1.0.0,Yes,RoomTexWallRose03,6869,24hAjZQPsBXg3qHgw,1AD5
blue-striped wall,,No,,No,1520,380,Blue,White,1400.0,Poki,Nook's Cranny,,,,Four Pane,White Wood,Glass,Roller Shades,White,Cloth,151,fancy,child's room,,Stripe Walls,For sale,1.0.0,Yes,RoomTexWallStripe03,4945,ZN2NXtCWSxQyeY9TF,1351
botanical-tile wall,,No,,No,1240,310,Beige,Yellow,1100.0,Poki,Nook's Cranny,,,,Single Pane,Natural Wood,Glass,Slatted Blinds,Natural Wood,Stone,151,facility,expensive,,Wood Tile Walls,For sale,1.0.0,Yes,RoomTexWallWoodTile02,6876,gAvEyZiovXdKht7Db,1ADC
brick garden wall,,Yes,Synchro,No,3000,750,Brown,Aqua,,,Saharah's Co-op,,,,,,,,,Plain,451,city life,amusement park,,Nature Walls,Not for sale,2.0.0,Yes,RoomSpWallSchoolyard00,12855,r6GkwPtTHqgKbKD8c,3237
brown botanical-tile wall,,No,,No,1240,310,Brown,Brown,1100.0,Poki,Nook's Cranny,,,,Single Pane,Dark Wood,Glass,Slatted Blinds,Dark Brown Wood,Stone,151,facility,expensive,,Wood Tile Walls,For sale,1.0.0,Yes,RoomTexWallWoodTile01,4827,FBLdaz4BkJbYvtdhy,12DB
brown diner wall,,No,,No,2420,605,Brown,Colorful,2200.0,Poki,Nook's Cranny,,,,Single Pane,White Metal,Glass,Slatted Blinds,White Plastic,Stone,151,restaurant,café,diner,Diner Walls,For sale,1.0.0,Yes,RoomTexWallDiner03,7244,wtnNQikxNEJkL753p,1C4C
brown hallway wall,,No,,No,2000,500,Brown,Brown,1800.0,Poki,Nook's Cranny,,,,,,,,,Wood,151,facility,music,,Hall Walls,For sale,1.0.0,Yes,RoomTexWallHall00,4806,hFcaZ4n9ktaGNSTBE,12C6
brown herringbone wall,,No,,Yes,NFS,1800,Brown,Brown,,,Crafting,,,,Single Pane,Natural Wood,Glass,Slatted Blinds,Brown Wood,Wood,103,living room,stylish,,Herringbone,Not for sale,1.0.0,Yes,RoomTexWallHerringbone00,4804,oYALopoXWt2ZRT7Ej,12C4
brown shanty wall,,No,,No,620,155,Brown,Brown,560.0,Poki,Nook's Cranny,,,,Single Pane,Grey Wood,Glass,Slatted Blinds,White Plastic,Stone,151,workshop,construction site,,Tin Walls,For sale,1.0.0,Yes,RoomTexWallTin03,4926,MHxmHT82gP3odiLwv,133E
brown wedding wall,,Yes,,No,NFS,750,Beige,Brown,12.0,Heart Crystals,Cyrus,,Wedding Season,Yes,,,,,,Stone,437,party,expensive,wedding,Cloth Walls,Not for sale,1.2.0,Yes,RoomSpWallChurch01,12468,micAswPDNsNS2A2mb,30B4
brown-brick wall,,No,,No,1000,250,Brown,Brown,900.0,Poki,Nook's Cranny,,,,Four Pane,Natural Wood,Glass,,,Wood,151,city life,amusement park,,Brick,For sale,1.0.0,Yes,RoomTexWallBrick03,6850,BE69b25WcF47xAqdG,1AC2
brown-crown wall,,No,,No,2350,587,Brown,Brown,2100.0,Poki,Nook's Cranny,,,,,,,,,Tile,151,restaurant,facility,,Crown Walls,For sale,1.0.0,Yes,RoomTexWallCrown03,6851,oL8aBjZoFCFKEEgAg,1AC3
Bunny Day wall,,No,,Yes,NFS,4800,Yellow,Colorful,,,Crafting,,Bunny Day (days before); Bunny Day,Yes,Four Pane,White Wood,Glass,Curtains,White Lace,Cloth,351,fancy,child's room,Bunny Day,Cloth Walls,Not for sale,1.1.0,Yes,RoomTexWallEaster00,5231,dEoSTZADDLkvmDHuY,146F
butterflies wall,,No,,No,NFS,840,White,Colorful,,,Flick,,Bug-Off (1); Bug-Off (2); Bug-Off (3); Bug-Off (4),Yes,Four Pane,White Wood,Glass,Roller Shades,White,Wood,501,fancy,stylish,,Nature Walls,Not for sale,1.0.0,Yes,RoomTexWallInsect00,4880,gJEmy4shFTnDB9Pjy,1310
cabin wall,,No,,Yes,NFS,1800,Beige,Beige,,,Crafting,,,,Four Pane,Natural Wood,Glass,Curtains,White Lace,Wood,103,living room,resort,,Wood Walls,Not for sale,1.0.0,Yes,RoomTexWallLog00,4840,sAEWR5uKGAXM6utL7,12E8
café-curtain wall,,Yes,,No,3000,750,Black,White,,,Saharah; Saharah's Co-op,,,,,,,,,Wood,451,shop,café,,Special Walls,Not for sale,1.0.0,Yes,RoomSpWallCafe00,5483,ficQ2fw73rzF5EJBB,156B
camo wall,,No,,No,1150,287,Black,Green,1000.0,Poki,Nook's Cranny,,,,Single Pane,Grey Wood,Glass,Slatted Blinds,White Plastic,Cloth,151,party,child's room,,Camouflage,For sale,1.0.0,Yes,RoomTexWallCamouflage00,4883,gBLHTGPLB65iZypbn,1313
candles wall,,Yes,LightOff,No,3000,750,Black,Black,,,Saharah's Co-op,,,,,,,,,Wood,451,horror,facility,,Special Inorganic Walls,Not for sale,2.0.0,Yes,RoomSpWallCandle00,5492,XmH9GSRmcFZ7HfECB,1574
chain-link fence,,Yes,,No,3000,750,Gray,Gray,,,Saharah; Saharah's Co-op,,,,,,,,,Plain,451,city life,workshop,,Special Cool Nature Walls,Not for sale,1.0.0,Yes,RoomSpWallEmptyLot00,5485,Qwbt8qxT8yN9XfXdR,156D
cherry wall,,No,,Yes,NFS,4000,Pink,Red,,,Crafting,,,,Four Pane,Grey Wood,Glass,Roller Shades,White,Cloth,103,child's room,fancy,fruits,Fruit Walls,Not for sale,1.0.0,Yes,RoomTexWallCherry00,4919,tcMuDzZqtDYs29Asm,1337
cherry-blossom-trees wall,,Yes,Random,Yes,NFS,4600,Brown,Pink,,,Crafting,,cherry-blossom petals,Yes,,,,,,Stone,201,garden,nature,cherry blossoms,Special Warm Nature Walls,Not for sale,1.0.0,Yes,RoomSpWallSakura00,7205,LrRvk9Twg87SSqNR4,1C25
chic LEGO® wall,,No,,No,3000,750,Gray,Gray,,,Nook Shopping Promotion,,,,,,,,,Plain,201,child's room,,LEGO®,LEGO Walls,Not in catalog,3.0.0,Yes,RoomTexWallLego03,1292,xG5WsXZmDzvxPBiMS,050C
chic tearoom wall,,No,,No,1750,437,Black,Black,1600.0,Poki,Nook's Cranny,,,,Circle,Dark Wood,Screen,,,Wood,151,harmonious,retro,,Tea Room Walls,For sale,1.0.0,Yes,RoomTexWallMud03,11176,juLfiYnkF3x3wSAMZ,2BA8
chic wall,,No,,No,1960,490,Yellow,Beige,1800.0,Poki,Nook's Cranny,,,,Four Pane,White Wood,Glass,Curtains,White Lace,Wood,151,European,living room,,Cloth Walls,For sale,1.0.0,Yes,RoomTexWallClassic00,4828,QMofvFznsaNcsDTqg,12DC
chocolate hallway wall,,No,,No,2000,500,Brown,Brown,1800.0,Poki,Nook's Cranny,,,,,,,,,Wood,151,facility,music,,Hall Walls,For sale,1.0.0,Yes,RoomTexWallHall01,4807,WZfDqbGb3cACFJWrg,12C7
chocolate herringbone wall,,No,,Yes,NFS,1800,Brown,Brown,,,Crafting,,,,Single Pane,Dark Wood,Glass,Slatted Blinds,Dark Brown Wood,Wood,103,living room,stylish,,Herringbone,Not for sale,1.0.0,Yes,RoomTexWallHerringbone01,4805,TpZxYjK6NorSqDMwu,12C5
Cinnamoroll wall,,No,,No,3000,750,White,Colorful,,,Nook Shopping Promotion,Scan the associated Sanrio amiibo card,,,,,,,,Cloth,201,fancy,,Cinnamoroll,Sanrio Walls,Not in catalog,1.9.0,Yes,RoomTexWallCinnamon00,10172,XAaoMY22k2S8T26bA,27BC
circuit-board wall,,No,,No,3000,750,Green,Green,,,Saharah; Saharah's Co-op,,,,,,,,,Stone,451,facility,,,Neta Walls,Not for sale,1.0.0,Yes,RoomTexWallGeek00,4821,Ms4DDtXTTGMwXdvvy,12D5
circus wall,,Yes,Synchro,No,3000,750,Colorful,Colorful,,,Saharah's Co-op,,,,,,,,,Stone,451,facility,amusement park,,Stripe Walls,Not for sale,2.0.0,Yes,RoomSpWallSummer00,12721,ixM9xgbth7JXjE8Mp,31B1
cityscape wall,,Yes,,No,3000,750,Black,Black,,,Saharah; Saharah's Co-op,,,,,,,,,Cloth,451,restaurant,expensive,,Special Walls,Not for sale,1.0.0,Yes,RoomSpWallNightView00,5400,9B4hFDTD7xM8goPGs,1518
classic-library wall,,No,,Yes,NFS,1450,Black,Black,,,Crafting,,,,,,,,,Wood,103,den,facility,,Library Walls,Not for sale,1.0.0,Yes,RoomTexWallLibrary00,4837,YbYmnjKXc49cyT6GB,12E5
club wall,,Yes,Synchro,No,3000,750,Black,Black,,,Saharah's Co-op,,,,,,,,,Tile,451,party,concert,,Special Walls,Not for sale,2.0.0,Yes,RoomSpWallClub00,13130,Dsyv8o4HCHf92g9j5,334A
coffee-shop wall,,No,,No,3000,750,Black,Beige,,,Saharah's Co-op,,,,,,,,,Wood,451,café,shop,,WallFacility,Not for sale,2.0.0,Yes,RoomTexWallCoffee00,12908,kzCjxQsgHnvqNcHjY,326C
colorful LEGO® wall,,No,,No,3000,750,Yellow,Yellow,,,Nook Shopping Promotion,,,,,,,,,Plain,201,child's room,,LEGO®,LEGO Walls,Not in catalog,3.0.0,Yes,RoomTexWallLego00,1282,nhwkuBYzogRZ684o9,0502
colorful puzzle wall,,No,,No,1540,385,Colorful,Colorful,1400.0,Poki,Nook's Cranny,,,,Single Pane,White Metal,Glass,Slatted Blinds,White Plastic,Cloth,151,fancy,child's room,,Puzzle Walls,For sale,1.0.0,Yes,RoomTexWallPuzzle01,4887,gpsYwFiGd3coj2eBS,1317
colorful-tile wall,,No,,No,1420,355,Colorful,Colorful,1300.0,Poki,Nook's Cranny,,,,Single Pane,White Metal,Glass,Slatted Blinds,White Plastic,Stone,151,bathroom,public bath,,Tile Walls,For sale,1.0.0,Yes,RoomTexWallTile02,4931,yu9xkApAW49Zhhf9i,1343
common wall,,No,,No,800,200,Beige,Brown,720.0,Poki,Nook's Cranny,,,,Four Pane,Natural Wood,Glass,Curtains,White,Wood,151,living room,school,,Stone Walls,For sale,1.0.0,Yes,RoomTexWallCommon00,4795,nLsLm3SoBAKtH5DmF,12BB
concession-stand wall,,Yes,,No,3000,750,Colorful,Colorful,,,Saharah's Co-op,,,,,,,,,Tile,451,restaurant,facility,,WallFacility,Not for sale,2.0.0,Yes,RoomSpWallStand00,12913,heesFhfzdGF2Yf5sq,3271
concrete wall,,No,,No,940,235,Gray,Gray,850.0,Poki,Nook's Cranny,,,,Single Pane,Grey Wood,Glass,Slatted Blinds,White Plastic,Stone,151,workshop,stylish,,Stone Walls,For sale,1.0.0,Yes,RoomTexWallConcrete00,4890,jmixjxLNuH9jRQhyr,131A
construction-site wall,,No,,No,3000,750,Blue,Blue,,,Saharah; Saharah's Co-op,,,,,,,,,Stone,451,workshop,construction site,,Neta Walls,Not for sale,1.0.0,Yes,RoomTexWallBlueSheet00,4843,gDubZLr2wi622j5De,12EB
crepe-design wall,,No,,No,1550,387,White,Colorful,1400.0,Poki,Nook's Cranny,,,,Circle,Grey Wood,Screen,,,Wood,151,harmonious,stylish,,Japanese Style,For sale,1.0.0,Yes,RoomTexWallCrepe00,4841,dBSCiiYyny3ReAbgo,12E9
cute blue wall,,No,,No,1880,470,Blue,White,1700.0,Poki,Nook's Cranny,,,,Four Pane,White Wood,Glass,Curtains,White Lace,Cloth,151,fancy,child's room,,Cute Walls,For sale,1.0.0,Yes,RoomTexWallCute02,7217,KFhQNtCs6tx9sj7dy,1C31
cute LEGO® wall,,No,,No,3000,750,Pink,Pink,,,Nook Shopping Promotion,,,,,,,,,Plain,201,child's room,,LEGO®,LEGO Walls,Not in catalog,3.0.0,Yes,RoomTexWallLego02,1291,q9oMMzxz2AEYTuJZ7,050B
cute red wall,,No,,No,1880,470,Red,White,1700.0,Poki,Nook's Cranny,,,,Four Pane,Grey Wood,Glass,Curtains,White Lace,Cloth,151,fancy,child's room,,Cute Walls,For sale,1.0.0,Yes,RoomTexWallCute01,7216,qYZyrdquxzvHErF5n,1C30
cute white wall,,No,,No,1880,470,White,White,1700.0,Poki,Nook's Cranny,,,,Four Pane,Grey Wood,Glass,Curtains,White Lace,Cloth,151,fancy,child's room,,Cute Walls,For sale,1.0.0,Yes,RoomTexWallCute00,7215,McKcAab2qjAaviYvA,1C2F
cute yellow wall,,No,,No,1880,470,Yellow,White,1700.0,Poki,Nook's Cranny,,,,Four Pane,White Wood,Glass,Curtains,White Lace,Cloth,151,fancy,child's room,,Cute Walls,For sale,1.0.0,Yes,RoomTexWallCute03,7218,6j8PFwiuCwkN7GP5b,1C32
dark wooden-mosaic wall,,No,,Yes,NFS,1800,Black,Black,,,Crafting,,,,Single Pane,Dark Wood,Glass,Slatted Blinds,Dark Brown Wood,Stone,103,living room,shop,,Wood Plank Walls,Not for sale,1.0.0,Yes,RoomTexWallMixPlankWood01,4860,zZ6oMsuRibBQMkCA7,12FC
dark-chocolate wall,,No,,No,3000,750,Brown,Brown,,,Saharah; Saharah's Co-op,,,,,,,,,Tile,451,fancy,,,Chocolate,Not for sale,1.0.0,Yes,RoomTexWallChocolate00,4932,MWLvj23WuHrEJkMjk,1344
desert vista,,Yes,Synchro,No,3000,750,Beige,Gray,,,Saharah; Saharah's Co-op,,,,,,,,,Plain,451,ancient,local,,Special Cool Nature Walls,Not for sale,1.0.0,Yes,RoomSpWallDesert00,5488,o45mte3eFoaM3ts98,1570
dig-site wall,,No,,No,3000,750,Brown,Beige,,,Saharah; Saharah's Co-op,,,,,,,,,Stone,451,local,ancient,,Stone Walls,Not for sale,1.0.0,Yes,RoomTexWallStratum00,5222,Rj3X2dJ5WfYu3wpMP,1466
dirt-clod wall,,No,,No,200,50,Beige,Brown,180.0,Poki,Nook's Cranny,,,,Four Pane,Natural Wood,Screen,,,Wood,151,horror,retro,,Stone Walls,For sale,1.0.0,Yes,RoomTexWallOldSoil00,4856,LCJDGnfwuHqkgfxJB,12F8
dojo wall,,No,,No,3000,750,Yellow,Beige,,,Saharah; Saharah's Co-op,,,,,,,,,Wood,451,sports,harmonious,,Wood Walls,Not for sale,1.0.0,Yes,RoomTexWallBaseboards00,5227,sLYrC9TRZJDMCZjM6,146B
dungeon wall,,Yes,,No,3000,750,Black,Gray,,,Saharah; Saharah's Co-op,,,,,,,,,Stone,451,horror,fantasy,,Special Inorganic Walls,Not for sale,1.0.0,Yes,RoomSpWallJail00,5509,zcHJb34EruL2Szn87,1585
Eeltail Alley wall,,Yes,Synchro,No,3000,750,White,Aqua,,,Nook Shopping Promotion,,,,,,,,,Plain,201,child's room,,Splatoon,Splatoon Walls,Not in catalog,3.0.0,Yes,RoomSpWallSplatoon00,1140,efdsxy8td4sWzMQBw,0474
exquisite wall,,No,,No,3000,750,Brown,White,,,Saharah; Saharah's Co-op,,,,,,,,,Wood,451,harmonious,restaurant,,Asia,Not for sale,1.0.0,Yes,RoomTexWallChina00,4866,TPZRP5K6z87YHs6TC,1302
falling-snow wall,,Yes,Random,Yes,NFS,2700,Brown,Blue,,,Crafting,,snowflakes,Yes,,,,,,Stone,201,freezing cold,living room,,Special Walls,Not for sale,1.6.0,Yes,RoomSpWallSnowy00,13603,EufJsvAbx2PSzr8jz,3523
fireworks-show wall,,Yes,,No,3000,750,Black,Black,,,Nintendo; Saharah; Saharah's Co-op,Mailed to players after the 1.4.0 update in a letter from Nintendo,,,,,,,,Plain,451,outdoors,ocean,,Special Warm Nature Walls,Not for sale,1.4.0,Yes,RoomSpWallFireworks00,13230,poLXZmMTa2bYsAYpe,33AE
forest wall,,No,,Yes,NFS,44000,Black,Black,,,Crafting,,mushrooms,Yes,,,,,,Stone,201,nature,local,mush,Nature Walls,Not for sale,1.0.0,Yes,RoomTexWallMushForest00,7187,ogwkK7pveFmag6MXj,1C13
frozen-foods freezer wall,,Yes,,No,3000,750,Colorful,White,,,Saharah's Co-op,,,,,,,,,Stone,451,supermarket,workshop,,WallFacility,Not for sale,2.0.0,Yes,RoomSpWallFrozenFood00,13358,hMLoXRHP2DGtEfoRE,342E
future-tech wall,,Yes,Synchro,No,3000,750,Black,Black,,,Saharah; Saharah's Co-op,,,,,,,,,Stone,451,ancient,sci-fi,,Special Inorganic Walls,Not for sale,1.0.0,Yes,RoomSpWallTechnology00,5494,JawM9P46KeFwGXdsm,1576
garbage-heap wall,,No,,Yes,NFS,120,Aqua,Gray,,,Crafting,,,,,,,,,Plain,103,workshop,horror,,Neta Walls,Not for sale,1.0.0,Yes,RoomTexWallGarbage00,5229,KfoTScCc4NZruFYd8,146D
glowing-moss cave wall,,Yes,,Yes,NFS,2500,Green,Black,,,Crafting,,,,,,,,,Stone,103,ancient,fantasy,,Nature Walls,Not for sale,2.0.0,Yes,RoomSpWallGlowCave00,13881,jMHwiBTGKCvtCF5GN,3639
glowing-moss forest wall,,Yes,,Yes,NFS,1700,Green,Green,,,Crafting,,,,,,,,,Plain,103,ancient,nature,,Nature Walls,Not for sale,2.0.0,Yes,RoomSpWallGlowMoss00,13019,9R9RS7LePEZwAMDrT,32DB
glowing-moss ruins wall,,Yes,Synchro,Yes,NFS,2000,Gray,Green,,,Crafting,,,,,,,,,Stone,103,ancient,fantasy,,Nature Walls,Not for sale,2.0.0,Yes,RoomSpWallGlowRemains00,13874,MpgCdjR8QPeo5TtGg,3632
gold-screen wall,,No,,Yes,NFS,20750,Yellow,Yellow,,,Crafting,,,,,,,,,Wood,103,harmonious,expensive,,Japanese Style,Not for sale,1.0.0,Yes,RoomTexWallFusumaGorgeous00,4820,CucFATJt8EtZmbKFX,12D4
golden wall,,No,,Yes,NFS,40000,Yellow,Brown,,,Crafting,,,,,,,,,Gold,103,expensive,ancient,golden,Asia,Not for sale,1.0.0,Yes,RoomTexWallGold00,4894,uyLj28ErYLEjpYzEF,131E
graveyard wall,,Yes,,No,3000,750,Brown,Blue,,,Saharah's Co-op,,,,,,,,,Plain,451,horror,,,Special Cool Nature Walls,Not for sale,2.0.0,Yes,RoomSpWallCemetery00,5511,aNSptq7wunS7ezfQe,1587
gray diner wall,,No,,No,2420,605,White,Colorful,2200.0,Poki,Nook's Cranny,,,,Single Pane,White Metal,Glass,Slatted Blinds,White Plastic,Stone,151,restaurant,café,diner,Diner Walls,For sale,1.0.0,Yes,RoomTexWallDiner02,7243,eTcpWCGHCzsdGRs7k,1C4B
gray locker-room wall,,No,,No,3000,750,Gray,White,,,Saharah's Co-op,,,,,,,,,Tile,451,school,,,Iron Walls,Not for sale,2.0.0,Yes,RoomTexWallLocker01,13441,DThEXePPszmFcsCpv,3481
gray molded-panel wall,,No,,No,1980,495,Gray,Gray,1800.0,Poki,Nook's Cranny,,,,Sliding Pane,Black Metal,Glass,,,Cloth,151,facility,living room,,Panel Mold Walls,For sale,1.0.0,Yes,RoomTexWallPanelMold02,4872,49g9WCb7cvS8kpqDF,1308
gray shanty wall,,No,,No,620,155,Gray,Gray,560.0,Poki,Nook's Cranny,,,,Single Pane,Grey Wood,Glass,Slatted Blinds,White Plastic,Stone,151,workshop,construction site,,Tin Walls,For sale,1.0.0,Yes,RoomTexWallTin00,4923,7uz4sbe5zSfsa8PqK,133B
gray-shelving wall,,No,,No,3000,750,Brown,Gray,,,Saharah's Co-op,,,,,,,,,Wood,451,apparel shop,workshop,,WallFacility,Not for sale,2.0.0,Yes,RoomTexWallShelf01,13442,xujwrSS3Q7YKTRGLA,3482
gray-striped wall,,No,,No,1520,380,Gray,White,1400.0,Poki,Nook's Cranny,,,,Four Pane,White Wood,Glass,Roller Shades,White,Cloth,151,fancy,child's room,,Stripe Walls,For sale,1.0.0,Yes,RoomTexWallStripe02,4944,xWHnQXK7duTWZ8GrD,1350
green blossoming wall,,No,,No,1760,440,Green,Brown,1600.0,Poki,Nook's Cranny,,,,Four Pane,Light Wood,Glass,Curtains,Green Checkered,Wood,151,fancy,living room,,Country,For sale,1.0.0,Yes,RoomTexWallCountry03,4903,ZPCtPY4gYYKPn7ipQ,1327
green delicate-blooms wall,,No,,No,1900,475,Green,Black,1700.0,Poki,Nook's Cranny,,,,Four Pane,Dark Wood,Glass,Roller Shades,Undyed,Wood,151,expensive,living room,,Manor Walls,For sale,1.0.0,Yes,RoomTexWallManor02,4898,rsBmsGkcmQYWzEivw,1322
green flower-print wall,,No,,No,1780,445,Green,Beige,1600.0,Poki,Nook's Cranny,,,,Four Pane,White Wood,Glass,Curtains,Green,Wood,151,fancy,living room,,Flower Walls,For sale,1.0.0,Yes,RoomTexWallFlower01,4935,oYN6MCEQENZymoKdm,1347
green honeycomb-tile wall,,No,,No,1680,420,Green,Green,1500.0,Poki,Nook's Cranny,,,,Sliding Pane,Grey Metal,Glass,,,Stone,151,bathroom,public bath,,Honeycomb,For sale,1.0.0,Yes,RoomTexWallHoneycomb02,4913,Aws33pgNCEygKeaB4,1331
green intricate wall,,No,,No,1570,392,Green,White,1400.0,Poki,Nook's Cranny,,,,Four Pane,Grey Wood,Glass,Roller Shades,White,Wood,151,living room,shop,,Flower Pop Walls,For sale,1.0.0,Yes,RoomTexWallFlowerPop02,6878,hD6uCKiZPpJC6eqom,1ADE
green molded-panel wall,,No,,No,1980,495,Green,White,1800.0,Poki,Nook's Cranny,,,,Sliding Pane,White Metal,Glass,,,Cloth,151,facility,living room,,Panel Mold Walls,For sale,1.0.0,Yes,RoomTexWallPanelMold03,6854,L5cttCqv5dPEpZNwm,1AC6
green painted-wood wall,,No,,No,1650,412,Green,Green,1500.0,Poki,Nook's Cranny,,,,Four Pane,White Wood,Glass,,,Wood,151,living room,child's room,,Painted Wood,For sale,1.0.0,Yes,RoomTexWallPaintWood01,4949,wDrM2ExdLkKTKohtr,1355
green playroom wall,,No,,No,2540,635,Green,Green,2300.0,Poki,Nook's Cranny,,,,Sliding Pane,White Metal,Glass,,,Cloth,151,child's room,fancy,kids,Toy Walls,For sale,1.0.0,Yes,RoomTexWallToy02,6866,hrZPmBpEgQ8SZm2oe,1AD2
green wedding wall,,Yes,,No,NFS,750,Green,Aqua,12.0,Heart Crystals,Cyrus,,Wedding Season,Yes,,,,,,Stone,437,party,expensive,wedding,Cloth Walls,Not for sale,1.2.0,Yes,RoomSpWallChurch02,12469,WvGCWHyf2NKwuiZ7Z,30B5
green-paint wall,,No,,No,1600,400,Green,Green,1400.0,Poki,Nook's Cranny,,,,Four Pane,Dark Wood,Glass,,,Stone,151,fancy,living room,,Stucco Walls,For sale,1.0.0,Yes,RoomTexWallStucco04,4812,3ZHQo8e8Wqgw4cpwy,12CC
greenhouse wall,,Yes,,No,3000,750,Aqua,Gray,,,Saharah's Co-op,,,,,,,,,Stone,451,local,facility,,Neta Walls,Not for sale,2.0.0,Yes,RoomSpWallGreenHouse00,13434,hdknyvkKdgrsWfqx5,347A
groovy wall,,No,,No,1280,320,Orange,Orange,1200.0,Poki,Nook's Cranny,,,,Single Pane,Natural Wood,Glass,Slatted Blinds,Brown Wood,Cloth,151,party,retro,,Cloth Walls,For sale,1.0.0,Yes,RoomTexWallPsyche00,4846,gt5Bv4qHoaZ9QCyj4,12EE
hallway wall,,No,,No,3000,750,Aqua,White,,,Saharah's Co-op,,,,,,,,,Wood,451,school,facility,,WallFacility,Not for sale,2.0.0,Yes,RoomTexWallBoard00,12848,NCBd3TwM7prv5MPfM,3230
harmonious wall,,No,,No,1780,445,Brown,Brown,1600.0,Poki,Nook's Cranny,,,,,,,,,Stone,151,harmonious,shop,,Asia,For sale,1.0.0,Yes,RoomTexWallOriental00,11180,uCzqeq8GvfKRsWRd4,2BAC
heavy-curtain wall,,No,,No,3000,750,Red,Black,,,Saharah; Saharah's Co-op,,,,,,,,,Wood,451,music,party,,Cloth Walls,Not for sale,1.0.0,Yes,RoomTexWallThickCurtain00,4878,mKPtEN398qGZ7Yryu,130E
Hello Kitty wall,,No,,No,3000,750,Red,Blue,,,Nook Shopping Promotion,Scan the associated Sanrio amiibo card,,,,,,,,Cloth,201,fancy,,Hello Kitty,Sanrio Walls,Not in catalog,1.9.0,Yes,RoomTexWallKitty00,10171,annG3qKgFvLLenENq,27BB
honeycomb wall,,No,,Yes,NFS,3600,Yellow,Yellow,,,Crafting,,,,,,,,,Stone,103,fancy,nature,,Tile Walls,Not for sale,1.0.0,Yes,RoomTexWallHoney00,4865,hB3LqvkNidDmzrZ8z,1301
honeycomb-tile wall,,No,,No,1680,420,Brown,Brown,1500.0,Poki,Nook's Cranny,,,,Sliding Pane,Black Metal,Glass,,,Stone,151,bathroom,public bath,,Honeycomb,For sale,1.0.0,Yes,RoomTexWallHoneycomb00,4909,S3bCMm6KGHKF6Ynzg,132D
ice wall,,Yes,,Yes,NFS,8200,Aqua,Aqua,,,Crafting,,snowflakes,Yes,,,,,,Stone,444,freezing cold,fantasy,frozen,Special Walls,Not for sale,1.0.0,Yes,RoomSpWallIce00,5505,d84Y3R4CzrtjCasov,1581
ice-cream-shoppe wall,,No,,No,3000,750,Colorful,Pink,,,Saharah's Co-op,,,,,,,,,Wood,451,café,shop,,WallFacility,Not for sale,2.0.0,Yes,RoomTexWallIcecream00,12909,wFAgqt6mCbvc9qjo4,326D
iceberg wall,,No,,Yes,NFS,4000,Aqua,White,,,Crafting,,snowflakes,Yes,,,,,,Plain,201,freezing cold,,,Neta Walls,Not for sale,1.0.0,Yes,RoomTexWallIceFloe00,5662,XqrwARWP9bzsmsjiF,161E
imperial wall,,No,,No,3000,750,Red,Red,,,Saharah; Saharah's Co-op,,,,,,,,,Stone,451,expensive,harmonious,,Asia,Not for sale,1.0.0,Yes,RoomTexWallDynasty00,5224,YkuzvDjqXDB9CYHhm,1468
industrial wall,,No,,No,3000,750,Black,Black,,,Saharah; Saharah's Co-op,,,,,,,,,Stone,451,facility,lab,,Iron Walls,Not for sale,1.0.0,Yes,RoomTexWallFactory00,4876,ao5GCHQqnwssDNRGN,130C
ivy wall,,No,,No,3000,750,Brown,Green,,,Saharah; Saharah's Co-op,,,,,,,,,Stone,451,local,sci-fi,,Nature Walls,Not for sale,1.0.0,Yes,RoomTexWallIvy00,4850,t6XmWqkyhZt8Axyeh,12F2
Jingle wall,,Yes,Synchro,Yes,NFS,2500,Green,Colorful,,,Crafting,,ornaments,Yes,,,,,,Wood,201,fancy,party,festive,Special Walls,Not for sale,1.0.0,Yes,RoomSpWallXmas00,5230,ZjBHKK8ckePAaKpxe,146E
jungle wall,,No,,Yes,NFS,1380,Green,Green,,,Crafting,,,,,,,,,Stone,103,ancient,nature,,Nature Walls,Not for sale,1.0.0,Yes,RoomTexWallJungle00,5457,pJFdFWHgQRiYAn67i,1551
Kerokerokeroppi wall,,No,,No,3000,750,Green,Green,,,Nook Shopping Promotion,Scan the associated Sanrio amiibo card,,,,,,,,Cloth,201,garden,harmonious,Kerokerokeroppi,Sanrio Walls,Not in catalog,1.9.0,Yes,RoomTexWallKeroppi00,10175,rcc2xxFF6iEZFWCwD,27BF
Kiki & Lala wall,,No,,No,3000,750,Pink,Colorful,,,Nook Shopping Promotion,Scan the associated Sanrio amiibo card,,,,,,,,Cloth,201,fancy,,Kiki & Lala,Sanrio Walls,Not in catalog,1.9.0,Yes,RoomTexWallKikilala00,10176,FEueHTF7kRxdi32bM,27C0
kisses wall,,No,,No,3000,750,Pink,White,,,Saharah; Saharah's Co-op,,,,Single Pane,White Metal,Glass,Slatted Blinds,White Plastic,Cloth,451,party,fancy,,Cloth Walls,Not for sale,1.0.0,Yes,RoomTexWallKiss00,4881,ZeuGwoWptbyaQDsbu,1311
Korok Forest wall,,Yes,,No,3000,750,Green,Green,,,Nook Shopping Promotion,,,,,,,,,Plain,201,fantasy,ancient,The Legend of Zelda,Zelda Walls,Not in catalog,3.0.0,Yes,RoomSpWallZeldaForest00,1057,AWM5mc797FNs8RY3z,0421
laboratory wall,,Yes,Random,No,3000,750,Black,Black,,,Saharah; Saharah's Co-op,,,,,,,,,Tile,451,sci-fi,lab,,Special Inorganic Walls,Not for sale,1.0.0,Yes,RoomSpWallLabo00,5495,kNrqC5Xs7RFybYfkN,1577
lattice wall,,No,,No,1780,445,Brown,Brown,1600.0,Poki,Nook's Cranny,,,,,,,,,Wood,151,garden,shop,,Asia,For sale,1.0.0,Yes,RoomTexWallLattice00,4830,ZQFuCuh6fdtufMYzs,12DE
limestone-cave wall,,Yes,Synchro,No,3000,750,Beige,White,,,Saharah's Co-op,,,,,,,,,Stone,451,fantasy,ancient,,Special Warm Nature Walls,Not for sale,2.0.0,Yes,RoomSpWallLimestone00,5507,vcz2byxybzfXkuCSX,1583
magma-cavern wall,,Yes,Synchro,No,3000,750,Orange,Orange,,,Saharah; Saharah's Co-op,,,,,,,,,Stone,451,horror,ancient,,Special Warm Nature Walls,Not for sale,1.0.0,Yes,RoomSpWallVolcano00,5506,ugvpYYqX4F9bgLbnj,1582
manga-library wall,,No,,Yes,NFS,1050,White,White,,,Crafting,,,,,,,,,Cloth,103,facility,den,,Library Walls,Not for sale,1.0.0,Yes,RoomTexWallLibrary01,4838,wRBeXRoDHw6Curx44,12E6
mangrove wall,,No,,No,3000,750,Green,Green,,,Saharah; Saharah's Co-op,,,,,,,,,Plain,451,nature,local,,Nature Walls,Not for sale,1.0.0,Yes,RoomTexWallMangrove00,5514,j8cYo8ozHYBaAm3JH,158A
marine pop wall,,No,,No,NFS,805,Aqua,Blue,,,C.J.,,Fishing Tourney (Spring); Fishing Tourney (Summer); Fishing Tourney (Fall); Fishing Tourney (Winter),Yes,Four Pane,Grey Wood,Glass,Roller Shades,White,Wood,501,ocean,child's room,,Cloth Walls,Not for sale,1.0.0,Yes,RoomTexWallFish00,4879,DmheJHpCg6xk8dX3R,130F
meadow vista,,Yes,Synchro,No,3000,750,Green,Aqua,,,Saharah; Saharah's Co-op,,,,,,,,,Plain,451,nature,local,,Special Cool Nature Walls,Not for sale,1.0.0,Yes,RoomSpWallHighLands00,5484,QdWj45HftWrWwC3dH,156C
mermaid wall,,Yes,Random,Yes,NFS,23520,Pink,Aqua,,,Crafting,,,,,,,,,Stone,451,ocean,fancy,mermaid,Special Warm Nature Walls,Not for sale,1.3.0,Yes,RoomSpWallMermaid00,12566,MP44TSDm3ADQzbMq2,3116
misty-garden wall,,Yes,Random,No,3000,750,Gray,Gray,,,Saharah; Saharah's Co-op,,,,,,,,,Stone,451,garden,harmonious,,Special Cool Nature Walls,Not for sale,1.0.0,Yes,RoomSpWallRain00,11915,hgiWgFTr76YtZH8sH,2E8B
mod wall,,No,,No,1220,305,Orange,Orange,1100.0,Poki,Nook's Cranny,,,,Four Pane,Natural Wood,Glass,Roller Shades,Undyed,Cloth,151,party,retro,,Cloth Walls,For sale,1.0.0,Yes,RoomTexWallMod00,4908,Tiya4QoMRwThyKcG8,132C
modern LEGO® wall,,No,,No,3000,750,White,Colorful,,,Nook Shopping Promotion,,,,,,,,,Plain,201,child's room,,LEGO®,LEGO Walls,Not in catalog,3.0.0,Yes,RoomTexWallLego01,1290,5aY2FCma48tNnG6gM,050A
modern shoji-screen wall,,Yes,,No,1150,287,Brown,White,1000.0,Poki,Nook's Cranny,,,,,,,,,Wood,151,harmonious,restaurant,,Japanese Style,For sale,1.0.0,Yes,RoomSpWallShojiModem00,4864,WBh8T7xJBavLRKZpB,1300
modern tearoom wall,,No,,No,1750,437,Brown,Brown,1600.0,Poki,Nook's Cranny,,,,Circle,Dark Wood,Screen,,,Wood,151,harmonious,shop,,Tea Room Walls,For sale,1.0.0,Yes,RoomTexWallMud02,11178,Yk5NZC7SSyjDEpnA7,2BAA
modern wood wall,,No,,Yes,NFS,1800,Brown,Brown,,,Crafting,,,,Single Pane,Natural Wood,Glass,Slatted Blinds,Brown Wood,Stone,103,living room,child's room,,Wood Walls,Not for sale,1.0.0,Yes,RoomTexWallMixwood00,4904,KZjTLMR8uhbpJGQ64,1328
monochromatic dotted wall,,No,,No,1100,275,Gray,White,990.0,Poki,Nook's Cranny,,,,Four Pane,Dark Wood,Glass,Curtains,White,Wood,151,fancy,child's room,,Dot,For sale,1.0.0,Yes,RoomTexWallDot00,4892,SWkrbmL8ME6NeQd9Q,131C
monochromatic-tile wall,,No,,No,1420,355,Gray,White,1300.0,Poki,Nook's Cranny,,,,Single Pane,White Metal,Glass,Slatted Blinds,White Plastic,Stone,151,bathroom,public bath,,Tile Walls,For sale,1.0.0,Yes,RoomTexWallTile00,4910,6pk8nNbm4EmT3PrBr,132E
mortar wall,,No,,No,3000,750,Gray,Gray,,,Saharah; Saharah's Co-op,,,,,,,,,Stone,451,harmonious,,,Stone Walls,Not for sale,1.0.0,Yes,RoomTexWallPlaster00,5215,mfRLEniEAEB9YAjCY,145F
mosaic-tile wall,,No,,No,1450,362,Black,White,1300.0,Poki,Nook's Cranny,,,,Four Pane,Grey Wood,Glass,Roller Shades,White,Stone,151,bathroom,public bath,,Tile Walls,For sale,1.0.0,Yes,RoomTexWallMosaicTile00,4862,2T8d9sRKwijHhESDS,12FE
mossy-garden wall,,No,,No,3000,750,Green,Green,,,Saharah; Saharah's Co-op,,,,,,,,,Stone,451,local,ancient,,Nature Walls,Not for sale,1.0.0,Yes,RoomTexWallMoss00,5458,nuuPHdxH5skMPdehs,1552
museum wall,,No,,No,3000,750,White,White,,,Saharah's Co-op,,,,,,,,,Stone,451,facility,expensive,,Special Inorganic Walls,Not for sale,2.0.0,Yes,RoomTexWallMuseum00,4842,NQvZs3xkbGd6azYxB,12EA
mush wall,,No,,Yes,NFS,21400,Orange,Brown,,,Crafting,,mushrooms,Yes,Four Pane,White Wood,Glass,Roller Shades,Undyed,Cloth,201,fancy,,mush,Cloth Walls,Not for sale,1.0.0,Yes,RoomTexWallMush00,5164,6xJHWgQgJA9e2n4jJ,142C
mushroom mural,,Yes,Synchro,No,3000,750,Aqua,Colorful,,,Nintendo; Nook Shopping Promotion,Mailed to players after the 1.8.0 update in a letter from Nintendo; Not available before March 1st 2021,,,,,,,,Plain,201,fancy,child's room,Mario,Mario Walls,Not in catalog,1.8.0,Yes,RoomSpWallMario00,13805,Z5kYqifx5im2Ywe6P,35ED
My Melody wall,,No,,No,3000,750,Pink,Red,,,Nook Shopping Promotion,Scan the associated Sanrio amiibo card,,,,,,,,Cloth,201,fancy,,My Melody,Sanrio Walls,Not in catalog,1.9.0,Yes,RoomTexWallMymelody00,10173,s97854TNLM2ipgGKY,27BD
Nook Inc. wall,,No,,No,NFS,6000,White,Aqua,1200.0,Nook Miles,Nook Miles Redemption,,,,Four Pane,Dark Wood,Glass,Curtains,White,Wood,151,fancy,shop,,Cloth Walls,Not for sale,1.0.0,Yes,RoomTexWallFirst00,6004,e7uEC5di7XvHpvkuk,1774
ocean-horizon wall,,Yes,Synchro,No,3000,750,Blue,Aqua,,,Saharah; Saharah's Co-op,,,,,,,,,Plain,451,ocean,resort,,Special Cool Nature Walls,Not for sale,1.0.0,Yes,RoomSpWallHorizon00,5486,BYpn3AZyJ8PWCAxHj,156E
office wall,,No,,No,3000,750,White,Aqua,,,Saharah; Saharah's Co-op,,,,,,,,,Tile,451,office,,,Special Walls,Not for sale,1.0.0,Yes,RoomTexWallOffice00,5218,gSMtrRvmA9mYgtKtD,1462
old wallpaper,,No,,No,200,50,Beige,Beige,180.0,Poki,Nook's Cranny,,,,Four Pane,White Wood,Glass,,,Wood,151,horror,,,Cloth Walls,For sale,1.0.0,Yes,RoomTexWallOld00,4857,LvLyyhmz3TH3qjBi4,12F9
olive Moroccan wall,,No,,No,2440,610,Yellow,Yellow,2200.0,Poki,Nook's Cranny,,,,Sliding Pane,White Metal,Glass,,,Stone,151,bathroom,public bath,Moroccan,Morocco,For sale,1.0.0,Yes,RoomTexWallMorocco03,6863,z5bNEBbKNL56CwQKo,1ACF
operating-room wall,,No,,No,3000,750,Gray,Gray,,,Saharah's Co-op,,,,,,,,,Tile,451,hospital,lab,,WallFacility,Not for sale,2.0.0,Yes,RoomTexWallOperatingRoom00,12851,BS7HgCFLJpppWYxrD,3233
orange camo wall,,No,,No,1150,287,Orange,Orange,1000.0,Poki,Nook's Cranny,,,,Single Pane,Grey Wood,Glass,Slatted Blinds,White Plastic,Cloth,151,party,child's room,,Camouflage,For sale,1.0.0,Yes,RoomTexWallCamouflage03,6855,xiaFSrf6okC624pCz,1AC7
orange molded-panel wall,,No,,No,1980,495,Orange,Beige,1800.0,Poki,Nook's Cranny,,,,Sliding Pane,White Metal,Glass,,,Cloth,151,facility,living room,,Panel Mold Walls,For sale,1.0.0,Yes,RoomTexWallPanelMold00,4870,zW3vwqmKDGhK68rCJ,1306
orange Moroccan-style wall,,No,,No,3000,750,Orange,Orange,,,Saharah's Co-op,,,,,,,,,Stone,451,stylish,living room,,Asia,Not for sale,2.0.0,Yes,RoomTexWallTadelakt01,13497,tN3DQ95fSAWs3o5SM,34B9
orange wall,,No,,Yes,NFS,4000,Orange,Orange,,,Crafting,,,,Four Pane,Grey Wood,Glass,Roller Shades,White,Cloth,103,fancy,child's room,fruits,Fruit Walls,Not for sale,1.0.0,Yes,RoomTexWallOrange00,4915,4GirW6p4notkWfhs7,1333
orange-paint wall,,No,,No,1600,400,Orange,Orange,1400.0,Poki,Nook's Cranny,,,,Four Pane,Natural Wood,Glass,,,Stone,151,fancy,child's room,,Stucco Walls,For sale,1.0.0,Yes,RoomTexWallStucco01,4809,TFsdbmb9sti7Gz3pt,12C9
outdoor-window wall,,No,,No,3000,750,Beige,Green,,,Saharah's Co-op,,,,,,,,,Wood,451,city life,café,,Nature Walls,Not for sale,2.0.0,Yes,RoomTexWallTeahouse00,12910,BrjPZz2J4AvQBgpR3,326E
paintball wall,,No,,No,3000,750,White,Colorful,,,Saharah; Saharah's Co-op,,,,Single Pane,Grey Metal,Glass,Slatted Blinds,Aluminium,Stone,451,workshop,facility,,Stone Walls,Not for sale,1.0.0,Yes,RoomTexWallAtelier00,4854,qnE76Sd6WdnihirBL,12F6
palace wall,,Yes,,No,3000,750,Beige,White,,,Saharah; Saharah's Co-op,,,,,,,,,Stone,451,expensive,ancient,,Special Inorganic Walls,Not for sale,1.0.0,Yes,RoomSpWallPalace00,5502,fGigBL7P6sRsv25Au,157E
Paradise Planning wall,,No,,No,NFS,750,Yellow,Yellow,2700.0,Poki,Wardell,,Happy Home Paradise,Yes,,,,,,Gold,151,living room,,,WallGoldSilverBronze,Not for sale,2.0.0,Yes,RoomTexWallGoldRich00,13020,z22bvaYd3o8NtChdj,32DC
party wall,,No,,No,NFS,370,Colorful,White,,,Birthday,,Birthday,Yes,Four Pane,Dark Wood,Glass,Roller Shades,White,Cloth,573,party,fancy,,Cloth Walls,Not for sale,1.0.0,Yes,RoomTexWallParty00,5226,9v4H4NeFMQR9tKLj7,146A
pastel dotted wall,,No,,No,1100,275,White,Colorful,990.0,Poki,Nook's Cranny,,,,Four Pane,Dark Wood,Glass,Curtains,White,Wood,151,fancy,child's room,,Dot,For sale,1.0.0,Yes,RoomTexWallDot01,4899,m4ha6kr7tPuio5AcL,1323
pastel puzzle wall,,No,,No,1540,385,White,White,1400.0,Poki,Nook's Cranny,,,,Single Pane,White Metal,Glass,Slatted Blinds,White Plastic,Cloth,151,fancy,child's room,,Puzzle Walls,For sale,1.0.0,Yes,RoomTexWallPuzzle00,4886,b3EvGiavTx8QPHrfP,1316
paw-print wall,,No,,No,1160,290,Yellow,Beige,1000.0,Poki,Nook's Cranny,,,,Four Pane,Natural Wood,Glass,Curtains,White Lace,Cloth,151,,,,Cute Walls,For sale,2.0.0,Yes,RoomTexWallFootmark00,13482,m5usCdM6aRQPQme5x,34AA
peach two-toned tile wall,,No,,No,1850,462,Pink,Pink,1700.0,Poki,Nook's Cranny,,,,Sliding Pane,White Metal,Glass,,,Stone,151,bathroom,public bath,,Two-Tone Tile Walls,For sale,1.0.0,Yes,RoomTexWallTwoToneTile04,6857,m9bGMPzT4cjdMddyY,1AC9
peach wall,,No,,Yes,NFS,4000,Pink,Pink,,,Crafting,,,,Four Pane,Grey Wood,Glass,Roller Shades,White,Cloth,103,fancy,child's room,fruits,Fruit Walls,Not for sale,1.0.0,Yes,RoomTexWallPeach00,4918,cpGXBrDm4SXGAXraz,1336
pear wall,,No,,Yes,NFS,4000,Green,Green,,,Crafting,,,,Four Pane,Grey Wood,Glass,Roller Shades,White,Cloth,103,fancy,child's room,fruits,Fruit Walls,Not for sale,1.0.0,Yes,RoomTexWallPear00,4917,vtaaw7vsoJD8meQuM,1335
perforated-board wall,,No,,No,1180,295,Brown,Brown,1100.0,Poki,Nook's Cranny,,,,,,,,,Tile,151,music,facility,,Pegboard Walls,For sale,1.0.0,Yes,RoomTexWallPegboard01,4921,BThQrmfp4EnBqyfv3,1339
pharmacy-shelving wall,,No,,No,3000,750,White,Aqua,,,Saharah's Co-op,,,,,,,,,Tile,451,hospital,lab,,WallFacility,Not for sale,2.0.0,Yes,RoomTexWallMedicineRoom00,12724,RsJaDrDCjLfrtCB9G,31B4
pink blossoming wall,,No,,No,1760,440,Pink,Brown,1600.0,Poki,Nook's Cranny,,,,Four Pane,Dark Wood,Glass,Curtains,Red Checkered,Wood,151,fancy,living room,,Country,For sale,1.0.0,Yes,RoomTexWallCountry01,4895,zgZSrtarnCJG53AdD,131F
pink diner wall,,No,,No,2420,605,Pink,Colorful,2200.0,Poki,Nook's Cranny,,,,Single Pane,White Metal,Glass,Slatted Blinds,White Plastic,Stone,151,restaurant,café,diner,Diner Walls,For sale,1.0.0,Yes,RoomTexWallDiner01,7242,MXeKHor4q66HH3GJs,1C4A
pink flower-print wall,,No,,No,1780,445,Pink,Pink,1600.0,Poki,Nook's Cranny,,,,Four Pane,Natural Wood,Glass,Curtains,Pink,Wood,151,fancy,living room,,Flower Walls,For sale,1.0.0,Yes,RoomTexWallFlower00,4893,eCN5rZb7sXsoWSCmW,131D
pink heart-pattern wall,,No,,No,1280,320,Pink,Pink,1200.0,Poki,Nook's Cranny,,,,Four Pane,White Wood,Glass,Roller Shades,White,Cloth,151,fancy,child's room,,Heart Walls,For sale,1.0.0,Yes,RoomTexWallHeart01,4875,4f732CJdDvXxHDQsd,130B
pink painted-wood wall,,No,,No,1650,412,Pink,Pink,1500.0,Poki,Nook's Cranny,,,,Four Pane,White Wood,Glass,,,Wood,151,living room,child's room,,Painted Wood,For sale,1.0.0,Yes,RoomTexWallPaintWood02,4802,tjx2TsuHTcr4jaMHM,12C2
pink playroom wall,,No,,No,2540,635,Pink,Pink,2300.0,Poki,Nook's Cranny,,,,Sliding Pane,White Metal,Glass,,,Cloth,151,child's room,fancy,kids,Toy Walls,For sale,1.0.0,Yes,RoomTexWallToy01,4889,xYNWemEyTsD9zG8iC,1319
pink quilt wall,,No,,No,2150,537,Pink,White,1900.0,Poki,Nook's Cranny,,,,Four Pane,White Wood,Glass,Curtains,White Lace,Cloth,151,fancy,child's room,,Dollhouse Walls,For sale,1.0.0,Yes,RoomTexWallDollhouse00,7274,gToedZLPo7MbMvpah,1C6A
pink shanty wall,,No,,No,620,155,Pink,Pink,560.0,Poki,Nook's Cranny,,,,Single Pane,Grey Wood,Glass,Slatted Blinds,White Plastic,Stone,151,workshop,construction site,,Tin Walls,For sale,1.0.0,Yes,RoomTexWallTin01,4924,WfmPknxrLpp25SMbS,133C
pink simple-cloth wall,,No,,No,750,187,Pink,Pink,680.0,Poki,Nook's Cranny,,,,Four Pane,White Wood,Glass,Curtains,White,Wood,151,child's room,living room,simple,Simple Walls,For sale,1.0.0,Yes,RoomTexWallSimple02,4868,mH2zs7NpfPgERmHwm,1304
pink-crown wall,,No,,No,2350,587,Pink,White,2100.0,Poki,Nook's Cranny,,,,,,,,,Tile,151,fancy,restaurant,,Crown Walls,For sale,1.0.0,Yes,RoomTexWallCrown02,4816,cwBg3xvzjfh2qm7Lg,12D0
pink-striped wall,,No,,No,1520,380,Pink,White,1400.0,Poki,Nook's Cranny,,,,Four Pane,White Wood,Glass,Roller Shades,White,Cloth,151,fancy,child's room,,Stripe Walls,For sale,1.0.0,Yes,RoomTexWallStripe01,4943,Pwd2z87xxFm52tA28,134F
pirate wall,,Yes,,No,NFS,750,Blue,Brown,,,Gullivarrr,,,,,,,,,Wood,451,ocean,expensive,pirate,Special Walls,Not for sale,1.3.0,Yes,RoomSpWallPirates00,12567,DydGczJz6fqyAZJuA,3117
Pompompurin wall,,No,,No,3000,750,Yellow,Brown,,,Nook Shopping Promotion,Scan the associated Sanrio amiibo card,,,,,,,,Cloth,201,fancy,,Pompompurin,Sanrio Walls,Not in catalog,1.9.0,Yes,RoomTexWallPurin00,10174,AzWS3tTqRkGWGcTZz,27BE
prom wall,,Yes,Synchro,No,3000,750,Purple,Colorful,,,Nook Shopping Seasonal,,Prom,Yes,,,,,,Cloth,201,party,,,Special Walls,Seasonal,1.9.0,Yes,RoomSpWallBallroom00,14252,PSDiTRHahnqgc3vEY,37AC
purple camo wall,,No,,No,1150,287,Purple,Purple,1000.0,Poki,Nook's Cranny,,,,Single Pane,White Metal,Glass,Slatted Blinds,White Plastic,Cloth,151,party,child's room,,Camouflage,For sale,1.0.0,Yes,RoomTexWallCamouflage02,4885,AY2jSyyAd4BD74xQ7,1315
purple dotted wall,,No,,No,1100,275,Purple,White,990.0,Poki,Nook's Cranny,,,,Four Pane,Natural Wood,Glass,Curtains,White,Wood,151,fancy,child's room,,Dot,For sale,1.0.0,Yes,RoomTexWallDot04,4902,JRu4Xs5kYG4ognk2P,1326
purple Moroccan wall,,No,,No,2440,610,Purple,Purple,2200.0,Poki,Nook's Cranny,,,,Sliding Pane,White Metal,Glass,,,Stone,151,bathroom,public bath,Moroccan,Morocco,For sale,1.0.0,Yes,RoomTexWallMorocco02,6864,2y5jPPPs3so7APToC,1AD0
purple puzzle wall,,No,,No,1540,385,Purple,Colorful,1400.0,Poki,Nook's Cranny,,,,Single Pane,White Metal,Glass,Slatted Blinds,White Plastic,Cloth,151,fancy,child's room,,Puzzle Walls,For sale,1.0.0,Yes,RoomTexWallPuzzle03,6875,iG8MR3f2F2jDsLjT9,1ADB
purple quilt wall,,No,,No,2150,537,Purple,White,1900.0,Poki,Nook's Cranny,,,,Four Pane,White Wood,Glass,Curtains,White Lace,Cloth,151,fancy,child's room,,Dollhouse Walls,For sale,1.0.0,Yes,RoomTexWallDollhouse03,7275,tmY5uczEnYXA6fdeQ,1C6B
purple-rose wall,,No,,No,1720,430,Purple,Purple,1500.0,Poki,Nook's Cranny,,,,Arch,Grey Metal,Glass,,,Wood,151,fancy,child's room,,Rose Walls,For sale,1.0.0,Yes,RoomTexWallRose01,4907,kHEHhFZSfDXTHtZAa,132B
rammed-earth wall,,No,,No,1800,450,Brown,Beige,1600.0,Poki,Nook's Cranny,,,,,,,,,Stone,151,heritage,harmonious,,Stone Walls,For sale,1.0.0,Yes,RoomTexWallHanchiku00,4845,9AafcLh3QkLp2tdWj,12ED
ramshackle wall,,No,,No,3000,750,Brown,Beige,,,Saharah; Saharah's Co-op,,,,Four Pane,Dark Wood,Glass,,,Stone,451,horror,,,Stone Walls,Not for sale,1.0.0,Yes,RoomTexWallRuins00,5225,bTb98gEchXobwaqdt,1469
red art-deco wall,,No,,No,2780,695,Red,Black,2500.0,Poki,Nook's Cranny,,,,Arch,Grey Metal,Glass,,,Wood,151,European,living room,,Art Deco Walls,For sale,1.0.0,Yes,RoomTexWallArtDeco01,4818,R3zgKkrxc3ar4y9A8,12D2
red delicate-blooms wall,,No,,No,1900,475,Red,Brown,1700.0,Poki,Nook's Cranny,,,,Four Pane,Dark Wood,Glass,Roller Shades,Undyed,Wood,151,expensive,living room,,Manor Walls,For sale,1.0.0,Yes,RoomTexWallManor01,4897,F7oWFwEAh4evtkJcb,1321
red dotted wall,,No,,No,1100,275,Red,Red,990.0,Poki,Nook's Cranny,,,,Four Pane,White Wood,Glass,Curtains,White,Wood,151,fancy,child's room,,Dot,For sale,1.0.0,Yes,RoomTexWallDot02,4900,3mfqbt8sXR88eDfTk,1324
red heart-pattern wall,,No,,No,1280,320,Red,Red,1200.0,Poki,Nook's Cranny,,,,Four Pane,White Wood,Glass,Roller Shades,White,Cloth,151,fancy,child's room,,Heart Walls,For sale,1.0.0,Yes,RoomTexWallHeart03,6870,TPrtAkkWJa7KpLady,1AD6
red intricate wall,,No,,No,1570,392,Red,White,1400.0,Poki,Nook's Cranny,,,,Four Pane,Grey Wood,Glass,Roller Shades,White,Wood,151,living room,shop,,Flower Pop Walls,For sale,1.0.0,Yes,RoomTexWallFlowerPop03,6879,yasngHr44QgXc9tYs,1ADF
red locker-room wall,,No,,No,3000,750,Red,White,,,Saharah's Co-op,,,,,,,,,Tile,451,school,,,Iron Walls,Not for sale,2.0.0,Yes,RoomTexWallLocker00,12849,9KJS7LeM7STiSXYKH,3231
red perforated-board wall,,No,,No,1180,295,Red,Red,1100.0,Poki,Nook's Cranny,,,,,,,,,Tile,151,music,facility,,Pegboard Walls,For sale,1.0.0,Yes,RoomTexWallPegboard03,6853,TCLSE3BdkCQeiM7wX,1AC5
red two-toned tile wall,,No,,No,1850,462,Red,Red,1700.0,Poki,Nook's Cranny,,,,Sliding Pane,White Metal,Glass,,,Stone,151,bathroom,public bath,,Two-Tone Tile Walls,For sale,1.0.0,Yes,RoomTexWallTwoToneTile03,6856,u9dKmtft32t4cxxiW,1AC8
red-brick wall,,No,,No,1000,250,Red,Brown,900.0,Poki,Nook's Cranny,,,,Four Pane,Dark Wood,Glass,,,Wood,151,city life,amusement park,,Brick,For sale,1.0.0,Yes,RoomTexWallBrick01,4928,Hu3jyiCP23j78PCdX,1340
retro flower-print wall,,No,,No,1660,415,Green,Green,1500.0,Poki,Nook's Cranny,,,,Four Pane,White Wood,Glass,Curtains,White Lace,Wood,151,fancy,living room,,Cloth Walls,For sale,1.0.0,Yes,RoomTexWallKitsch00,4847,MdWwebM7zyeBdykxp,12EF
retro restaurant wall,,No,,No,3000,750,Brown,Beige,,,Saharah's Co-op,,,,,,,,,Wood,451,restaurant,retro,,Brick,Not for sale,2.0.0,Yes,RoomTexWallRestaurant00,12907,HCYc3GcoJqWhMM7nc,326B
rice-paddy wall,,Yes,Synchro,No,3000,750,Aqua,Green,,,Saharah; Saharah's Co-op,,,,,,,,,Plain,451,nature,local,,Special Cool Nature Walls,Not for sale,1.0.0,Yes,RoomSpWallFarm00,5487,TnHvGeJGKioxc95mH,156F
ringside seating,,Yes,,No,3000,750,Black,Black,,,Saharah; Saharah's Co-op,,,,,,,,,Plain,451,sports,,,Special Walls,Not for sale,1.0.0,Yes,RoomSpWallWrestling00,5512,bg9rQRYAbzeD8rLCw,1588
robo-wall,,No,,No,3000,750,Gray,Gray,,,Saharah's Co-op,,,,,,,,,Tile,451,sci-fi,lab,,Iron Walls,Not for sale,2.0.0,Yes,RoomTexWallRobo00,5455,hJZQA7tyayEK3spG6,154F
rock-climbing wall,,No,,No,3000,750,White,Colorful,,,Saharah; Saharah's Co-op,,,,,,,,,Stone,451,fitness,sports,,Neta Walls,Not for sale,1.0.0,Yes,RoomTexWallBouldering00,4851,CRvqDNWfXzY2ibXvG,12F3
Room Sketch wall,,Yes,,No,NFS,750,White,White,2700.0,Poki,Wardell,,Happy Home Paradise,Yes,,,,,,Plain,151,,,,Special Inorganic Walls,Not for sale,2.0.0,Yes,RoomSpWallSketch00,14896,faa5CutSpc3i8ZSY8,3A30
rope-net wall,,Yes,,Yes,NFS,2200,Brown,Beige,,,Crafting,,,,,,,,,Plain,103,nature,park,,Nature Walls,Not for sale,2.0.0,Yes,RoomSpWallRopenet00,13875,kjhatSss6jpDHcG5j,3633
rose wall,,No,,No,1720,430,Red,White,1500.0,Poki,Nook's Cranny,,,,Arch,Wood,Glass,,,Wood,151,fancy,child's room,,Rose Walls,For sale,1.0.0,Yes,RoomTexWallRose00,4906,azgSWFRcgeuopRWrH,132A
ruins wall,,No,,No,3000,750,Black,Gray,,,Saharah; Saharah's Co-op,,,,,,,,,Stone,451,horror,ancient,,Nature Walls,Not for sale,1.0.0,Yes,RoomTexWallRemains00,5228,ZHiKhqts5brebhYH9,146C
rustic-stone wall,,No,,Yes,NFS,1750,Gray,Gray,,,Crafting,,,,Four Pane,Dark Wood,Glass,,,Stone,103,European,ancient,,Stone Walls,Not for sale,1.0.0,Yes,RoomTexWallStone00,4813,xP7S673w2oNwNHowp,12CD
sakura-wood wall,,No,,Yes,NFS,3200,Pink,Pink,,,Crafting,,cherry-blossom petals,Yes,Four Pane,Grey Wood,Glass,Curtains,Pink,Wood,201,child's room,fancy,cherry blossoms,Wood Walls,Not for sale,1.0.0,Yes,RoomTexWallSolidWood00,4947,jFtMrj8NBC3o4ALzG,1353
sci-fi wall,,Yes,Random,Yes,NFS,7500,Black,Black,,,Crafting,,,,,,,,,Tile,103,space,sci-fi,,Special Inorganic Walls,Not for sale,1.0.0,Yes,RoomSpWallSF00,5510,y48TLWMbXCbrWQp5a,1586
screen wall,,No,,No,3000,750,White,White,2700.0,Poki,Nook's Cranny,,,,,,,,,Wood,151,harmonious,retro,,Japanese Style,For sale,1.0.0,Yes,RoomTexWallFusuma00,4819,wk4ST89FjabXnZPXy,12D3
sea view,,Yes,Synchro,No,3000,750,Aqua,Blue,,,Saharah; Saharah's Co-op,,,,,,,,,Plain,451,ocean,fantasy,,Special Cool Nature Walls,Not for sale,1.0.0,Yes,RoomSpWallSeaView00,5501,fHQn9EzoTxznm7nJ9,157D
security-monitors wall,,Yes,Random,No,3000,750,Black,Gray,,,Saharah; Saharah's Co-op,,,,,,,,,Tile,451,facility,sci-fi,,Special Inorganic Walls,Not for sale,1.0.0,Yes,RoomSpWallMonitor00,5491,N6T3rBvQdYoJoXkrH,1573
sepia puzzle wall,,No,,No,1540,385,Beige,Colorful,1400.0,Poki,Nook's Cranny,,,,Single Pane,White Metal,Glass,Slatted Blinds,White Plastic,Cloth,151,fancy,child's room,,Puzzle Walls,For sale,1.0.0,Yes,RoomTexWallPuzzle02,6874,2mtYv7D25wDqMWi6P,1ADA
server-room wall,,Yes,Random,No,3000,750,Black,Black,,,Saharah; Saharah's Co-op,,,,,,,,,Tile,451,facility,sci-fi,,Special Inorganic Walls,Not for sale,1.0.0,Yes,RoomSpWallServer00,5490,ycnhxNaWfeXEq5x7A,1572
shoji screen,,Yes,,No,1880,470,Beige,White,1700.0,Poki,Nook's Cranny,,,,,,,,,Wood,151,harmonious,retro,,Japanese Style,For sale,1.0.0,Yes,RoomSpWallShoji00,4863,5RdqeAZAvdCR5QxqM,12FF
shutter wall,,No,,No,3000,750,White,Gray,,,Saharah; Saharah's Co-op,,,,,,,,,Stone,451,facility,workshop,,Iron Walls,Not for sale,1.0.0,Yes,RoomTexWallShutter00,4825,4ez74JDpR9kmiroQr,12D9
ski-slope wall,,Yes,Synchro,Yes,NFS,3200,White,White,,,Crafting,,snowflakes,Yes,,,,,,Plain,201,freezing cold,,,Special Cool Nature Walls,Not for sale,1.0.0,Yes,RoomSpWallGelande00,5498,hCdDcFDBWEe6pmctp,157A
skull wall,,Yes,LightOff,No,3000,750,Black,Black,2700.0,Poki,Nook's Cranny,,,,Single Pane,Black Metal,Glass,Slatted Blinds,Black Plastic,Cloth,151,horror,child's room,,Special Inorganic Walls,For sale,1.0.0,Yes,RoomSpWallSkull00,5520,7GLt2YDxMDyp8EJth,1590
sky wall,,Yes,Synchro,No,3000,750,Aqua,White,,,Saharah; Saharah's Co-op,,,,,,,,,Plain,451,fancy,,,Special Cool Nature Walls,Not for sale,1.0.0,Yes,RoomSpWallCloud00,5504,9YmTrPqSZRCvxRtLi,1580
skyscraper wall,,No,,No,3000,750,Black,Gray,,,Saharah; Saharah's Co-op,,,,,,,,,Stone,451,expensive,city life,,Neta Walls,Not for sale,1.0.0,Yes,RoomTexWallSkyscraper00,4852,Ah36ZRM9QBHBt7HZF,12F4
snowflake wall,,No,,Yes,NFS,4800,Aqua,Aqua,,,Crafting,,snowflakes,Yes,Four Pane,Grey Wood,Glass,Roller Shades,White,Cloth,201,freezing cold,fancy,,Cloth Walls,Not for sale,1.0.0,Yes,RoomTexWallSnowCrystal00,4855,w5MEjbgphAwDo42mk,12F7
soothing tearoom wall,,No,,No,1750,437,White,Beige,1600.0,Poki,Nook's Cranny,,,,Circle,Natural Wood,Screen,,,Wood,151,harmonious,retro,,Tea Room Walls,For sale,1.0.0,Yes,RoomTexWallMud01,11177,Bke28iGoY3LhDagx4,2BA9
spooky wall,,No,,No,NFS,3000,Orange,Purple,,,All villagers,Trade candy or a lollipop with a villager,Halloween,Yes,Four Pane,Dark Wood,Glass,,,Cloth,231,horror,party,spooky,Stripe Walls,Not for sale,1.5.0,Yes,RoomTexWallHalloween00,13224,hD6Y9zX2se2nKpxWy,33A8
stacked-wood wall,,No,,Yes,NFS,1800,Brown,Brown,,,Crafting,,,,,,,,,Wood,103,workshop,facility,,Wood Walls,Not for sale,1.0.0,Yes,RoomTexWallFireWood00,4844,TZi9bo7GYzJxPJNNe,12EC
stadium wall,,Yes,,No,3000,750,Colorful,Colorful,,,Saharah; Saharah's Co-op,,,,,,,,,Plain,451,sports,,,Special Cool Nature Walls,Not for sale,1.0.0,Yes,RoomSpWallStadium00,5503,oJoGTXMzLnYTpdBaf,157F
standard tearoom wall,,No,,No,1750,437,Green,Green,1600.0,Poki,Nook's Cranny,,,,Circle,Natural Wood,Screen,,,Wood,151,harmonious,,,Tea Room Walls,For sale,1.0.0,Yes,RoomTexWallMud00,5521,4Zv8KLzxrsm6k53pN,1591
starry wall,,Yes,LightOff,Yes,NFS,7500,Gray,White,,,Crafting,,,,Four Pane,White Wood,Glass,Roller Shades,White,Cloth,103,fancy,child's room,,Special Cool Nature Walls,Not for sale,1.0.0,Yes,RoomSpWallStarPrint00,5528,sjnLXANKDEPMzdGbn,1598
starry-sky wall,,Yes,,Yes,NFS,7500,Blue,Blue,,,Crafting,,,,,,,,,Plain,103,space,fantasy,stars,Special Cool Nature Walls,Not for sale,1.0.0,Yes,RoomSpWallStarSky00,5500,iMQgW8pWYPWbj9Qom,157C
stately wall,,No,,No,2450,612,White,White,2200.0,Poki,Nook's Cranny,,,,,,,,,Stone,151,expensive,European,,Asia,For sale,1.0.0,Yes,RoomTexWallRenaissance00,4861,BdPATBHc8m7YvJzwP,12FD
steampunk wall,,No,,No,3000,750,Brown,Black,,,Saharah's Co-op,,,,,,,,,Stone,451,sci-fi,lab,,Iron Walls,Not for sale,2.0.0,Yes,RoomTexWallSteampunk00,4937,DhX6XzLy3Bg7s4owN,1349
steel-frame wall,,No,,Yes,NFS,6000,Red,Gray,,,Crafting,,,,,,,,,Stone,103,workshop,construction site,,Iron Walls,Not for sale,1.0.0,Yes,RoomTexWallSteel00,4801,K2uSKanJ3r6bQt6MG,12C1
stone wall,,No,,Yes,NFS,1500,Black,Gray,,,Crafting,,,,,,,,,Stone,103,horror,ancient,,Stone Walls,Not for sale,1.0.0,Yes,RoomTexWallBasement00,5216,8hnPcADHfoEpvgSAS,1460
stormy-night wall,,Yes,Random,No,3000,750,Black,Gray,,,Saharah; Saharah's Co-op,,,,,,,,,Plain,451,horror,,,Special Warm Nature Walls,Not for sale,1.0.0,Yes,RoomSpWallThunder00,5499,Y3sjyMeHtDFcdBfrM,157B
straw wall,,No,,No,3000,750,Beige,Beige,,,Saharah; Saharah's Co-op,,,,,,,,,Stone,451,heritage,retro,,Wood Walls,Not for sale,1.0.0,Yes,RoomTexWallStraw00,5217,u3orRaGAX2iwdtCLG,1461
strawberry-chocolate wall,,No,,No,3000,750,Pink,Pink,,,Saharah; Saharah's Co-op,,,,,,,,,Tile,451,fancy,,,Chocolate,Not for sale,1.0.0,Yes,RoomTexWallChocolate02,4934,G5QeNa2L26MwuCexA,1346
street-art wall,,No,,No,3000,750,Colorful,Colorful,,,Saharah; Saharah's Co-op,,,,,,,,,Stone,451,workshop,city life,,Neta Walls,Not for sale,1.0.0,Yes,RoomTexWallStreetArt00,5221,88hCuytidryqimPXr,1465
summit wall,,Yes,Synchro,No,3000,750,Black,White,,,Saharah; Saharah's Co-op,,,,,,,,,Plain,451,nature,outdoors,,Special Cool Nature Walls,Not for sale,1.0.0,Yes,RoomSpWallMountainTop00,5513,hFmF2iNjDvLGfF3Rf,1589
supermarket wall,,No,,No,3000,750,Colorful,Colorful,,,Saharah's Co-op,,,,,,,,,Tile,451,shop,supermarket,,WallFacility,Not for sale,2.0.0,Yes,RoomTexWallSupermarket00,5220,tttMaoMYDWcGjpCSD,1464
tent wall,,No,,No,3000,750,Beige,Beige,,,Saharah's Co-op,,,,,,,,,Cloth,451,outdoors,facility,,Simple Walls,Not for sale,2.0.0,Yes,RoomTexWallGlamping00,13435,T5kHeh2QvsQNQ5avc,347B
train-window wall,,Yes,Synchro,No,3000,750,Beige,Black,,,Saharah's Co-op,,,,,,,,,Tile,451,facility,,,Special Walls,Not for sale,2.0.0,Yes,RoomSpWallTrain00,5496,pkPNcpqbtoB3fNmCT,1578
tree-lined wall,,No,,No,3000,750,Green,Aqua,,,Saharah; Saharah's Co-op,,,,,,,,,Stone,451,city life,local,,Nature Walls,Not for sale,1.0.0,Yes,RoomTexWallRoadsideTree00,5456,aLzrLXC7Nyk6h6pDw,1550
tropical vista,,Yes,Synchro,Yes,NFS,6000,Aqua,Beige,,,Crafting,,summer shells,Yes,,,,,,Plain,201,ocean,resort,,Special Cool Nature Walls,Not for sale,1.0.0,Yes,RoomSpWallTropical00,5661,sZgNFwEcxpLSAxB4X,161D
Turkey Day wall,,No,,No,NFS,750,Beige,Beige,,,Franklin,Reward for giving Franklin the requested ingredients,Turkey Day,Yes,,,,,,Cloth,351,party,,Turkey Day,Cloth Walls,Not for sale,1.6.0,Yes,RoomTexWallHarvest00,13318,FofB2mpArZFhp3QJC,3406
underwater wall,,Yes,Synchro,Yes,NFS,8600,Blue,Aqua,,,Crafting,,summer shells,Yes,,,,,,Plain,201,ocean,,,Special Cool Nature Walls,Not for sale,1.0.0,Yes,RoomSpWallFishTank00,5508,QXNnruZcwJursNmjP,1584
wavy-tile wall,,No,,No,1740,435,Gray,White,1600.0,Poki,Nook's Cranny,,,,,,,,,Stone,151,shop,facility,,Tile Walls,For sale,1.0.0,Yes,RoomTexWallWaveTile00,4832,eLQ2JDZKjrzcnP9gn,12E0
wedding-party wall,,No,,No,NFS,437,White,White,12.0,Heart Crystals,Cyrus,,Wedding Season,Yes,,,,,,Stone,437,party,expensive,wedding,Cloth Walls,Not for sale,1.2.0,Yes,RoomTexWallJuneBride00,12461,xT6kyFtbGPpR8nRM3,30AD
western vista,,Yes,Synchro,No,3000,750,Brown,Beige,,,Saharah; Saharah's Co-op,,,,,,,,,Plain,451,local,ancient,,Special Cool Nature Walls,Not for sale,1.0.0,Yes,RoomSpWallWilderness00,5489,tYFKmm4XzGGGQAcfG,1571
white botanical-tile wall,,No,,No,1240,310,White,White,1100.0,Poki,Nook's Cranny,,,,Single Pane,White Wood,Glass,Slatted Blinds,White Plastic,Stone,151,facility,expensive,,Wood Tile Walls,For sale,1.0.0,Yes,RoomTexWallWoodTile00,4826,QyrvwKiKMmNvm7KxR,12DA
white delicate-blooms wall,,No,,No,1900,475,White,White,1700.0,Poki,Nook's Cranny,,,,Four Pane,Dark Wood,Glass,Roller Shades,Undyed,Wood,151,expensive,living room,,Manor Walls,For sale,1.0.0,Yes,RoomTexWallManor00,4891,ZDpt8b6TTGr2hihP5,131B
white European-style wall,,Yes,,No,3000,750,White,Aqua,,,Saharah's Co-op,,,,,,,,,Stone,451,European,restaurant,,Special Walls,Not for sale,2.0.0,Yes,RoomSpWallFrench00,12906,itpyDq45huqbfAcqB,326A
white hallway wall,,No,,No,2000,500,White,White,1800.0,Poki,Nook's Cranny,,,,,,,,,Wood,151,facility,music,,Hall Walls,For sale,1.0.0,Yes,RoomTexWallHall02,6861,HZoM3iHpKrQPBK2Gh,1ACD
white honeycomb-tile wall,,No,,No,1680,420,White,White,1500.0,Poki,Nook's Cranny,,,,Sliding Pane,White Metal,Glass,,,Stone,151,bathroom,public bath,,Honeycomb,For sale,1.0.0,Yes,RoomTexWallHoneycomb03,4914,K8mdzBZZeBLxZEAzZ,1332
white painted-wood wall,,No,,No,1650,412,White,White,1500.0,Poki,Nook's Cranny,,,,Four Pane,White Wood,Glass,,,Wood,151,living room,child's room,,Painted Wood,For sale,1.0.0,Yes,RoomTexWallPaintWood03,4803,cN4bnHaw4mruhnMZk,12C3
white perforated-board wall,,No,,No,1180,295,White,White,1100.0,Poki,Nook's Cranny,,,,,,,,,Tile,151,music,facility,,Pegboard Walls,For sale,1.0.0,Yes,RoomTexWallPegboard00,4920,krohWS7x49N2hCKrF,1338
white simple-cloth wall,,No,,No,750,187,White,White,680.0,Poki,Nook's Cranny,,,,Four Pane,Light Wood,Glass,Curtains,White,Wood,151,child's room,living room,simple,Simple Walls,For sale,1.0.0,Yes,RoomTexWallSimple00,4939,z2Zh2fzFwCbvMDm8J,134B
white subway-tile wall,,No,,No,1340,335,White,White,1200.0,Poki,Nook's Cranny,,,,Sliding Pane,White Metal,Glass,,,Stone,151,facility,shop,,Metro Walls,For sale,1.0.0,Yes,RoomTexWallMetro01,4941,ajXm5zy9pwf7XEyHF,134D
white wedding wall,,Yes,,No,NFS,750,White,Pink,12.0,Heart Crystals,Cyrus,,Wedding Season,Yes,,,,,,Stone,437,party,expensive,wedding,Cloth Walls,Not for sale,1.2.0,Yes,RoomSpWallChurch00,12466,mKuptCLkH2MknX2PN,30B2
white window-panel wall,,Yes,,No,2800,700,White,Aqua,2500.0,Poki,Nook's Cranny,,,,,,,,,Stone,151,,,,Special Walls,For sale,2.0.0,Yes,RoomSpWallWindow00,13332,DZQQvsrgHThm5gHZZ,3414
white-brick wall,,No,,No,1000,250,White,White,900.0,Poki,Nook's Cranny,,,,Four Pane,White Wood,Glass,,,Wood,151,café,city life,,Brick,For sale,1.0.0,Yes,RoomTexWallBrick00,4927,htjwxjceb2hc6GxjX,133F
white-chocolate wall,,No,,No,3000,750,White,Beige,,,Saharah; Saharah's Co-op,,,,,,,,,Tile,451,fancy,,,Chocolate,Not for sale,1.0.0,Yes,RoomTexWallChocolate01,4933,6qMhFdc2nDSvJSCfT,1345
white-rose wall,,No,,No,1720,430,Pink,White,1500.0,Poki,Nook's Cranny,,,,Arch,Grey Metal,Glass,,,Wood,151,fancy,child's room,,Rose Walls,For sale,1.0.0,Yes,RoomTexWallRose02,6868,yksDvcnnKqM7tnzas,1AD4
white-shelving wall,,No,,No,3000,750,White,White,,,Saharah's Co-op,,,,,,,,,Wood,451,apparel shop,workshop,,WallFacility,Not for sale,2.0.0,Yes,RoomTexWallShelf00,12912,sNhncamcj9AS7Fq2Z,3270
wild-wood wall,,No,,Yes,NFS,1800,Black,Black,,,Crafting,,,,Single Pane,Dark Wood,Glass,Slatted Blinds,Dark Brown Wood,Stone,103,living room,restaurant,,Wood Walls,Not for sale,1.0.0,Yes,RoomTexWallWildWood00,4858,vhJr7B96SnG3xQQCs,12FA
wooden-knot wall,,No,,Yes,NFS,1800,Brown,Brown,,,Crafting,,,,Four Pane,Natural Wood,Glass,Roller Shades,Undyed,Wood,103,living room,child's room,,Wood Walls,Not for sale,1.0.0,Yes,RoomTexWallCedar00,4911,puQYs9hygxfcQWsjt,132F
wooden-mosaic wall,,No,,Yes,NFS,1800,Brown,Brown,,,Crafting,,,,Single Pane,Natural Wood,Glass,Slatted Blinds,Brown Wood,Stone,103,living room,shop,,Wood Plank Walls,Not for sale,1.0.0,Yes,RoomTexWallMixPlankWood00,4859,RgzoarteJyzD4xSAm,12FB
woodland wall,,No,,Yes,NFS,1380,Green,Green,,,Crafting,,,,,,,,,Stone,103,horror,nature,,Nature Walls,Not for sale,1.0.0,Yes,RoomTexWallJukai00,5223,2B4YTYqnm64vgANY4,1467
yellow flower-print wall,,No,,No,1780,445,Yellow,Yellow,1600.0,Poki,Nook's Cranny,,,,Four Pane,Dark Wood,Glass,Curtains,Yellow,Wood,151,fancy,living room,,Flower Walls,For sale,1.0.0,Yes,RoomTexWallFlower02,6872,esknqzcAenk8uqzYk,1AD8
yellow heart-pattern wall,,No,,No,1280,320,Yellow,Yellow,1200.0,Poki,Nook's Cranny,,,,Four Pane,White Wood,Glass,Roller Shades,White,Cloth,151,fancy,child's room,,Heart Walls,For sale,1.0.0,Yes,RoomTexWallHeart02,6871,BqWMEqc2tL8CnPAmd,1AD7
yellow intricate wall,,No,,No,1570,392,Yellow,White,1400.0,Poki,Nook's Cranny,,,,Four Pane,Grey Wood,Glass,Roller Shades,White,Wood,151,living room,shop,,Flower Pop Walls,For sale,1.0.0,Yes,RoomTexWallFlowerPop01,4849,FrZas8MjMdjDTPvkX,12F1
yellow playroom wall,,No,,No,2540,635,Yellow,Yellow,2300.0,Poki,Nook's Cranny,,,,Sliding Pane,White Metal,Glass,,,Cloth,151,child's room,fancy,kids,Toy Walls,For sale,1.0.0,Yes,RoomTexWallToy03,6865,mraytANoYBQvA8qAk,1AD1
yellow quilt wall,,No,,No,2150,537,Yellow,White,1900.0,Poki,Nook's Cranny,,,,Four Pane,White Wood,Glass,Curtains,White Lace,Cloth,151,fancy,child's room,,Dollhouse Walls,For sale,1.0.0,Yes,RoomTexWallDollhouse02,7276,ysEdh2vpCpg5qBcNg,1C6C
yellow simple-cloth wall,,No,,No,750,187,Beige,Yellow,680.0,Poki,Nook's Cranny,,,,Four Pane,White Wood,Glass,Curtains,White,Wood,151,child's room,living room,simple,Simple Walls,For sale,1.0.0,Yes,RoomTexWallSimple01,4867,7sSXFNqcYgPMcGY8k,1303
yellow-paint wall,,No,,No,1600,400,Yellow,Yellow,1400.0,Poki,Nook's Cranny,,,,Four Pane,Natural Wood,Glass,,,Stone,151,fancy,child's room,,Stucco Walls,For sale,1.0.0,Yes,RoomTexWallStucco00,4808,TySAA4kKqyvGGeZ5C,12C8
yellow-striped wall,,No,,No,1520,380,Yellow,Beige,1400.0,Poki,Nook's Cranny,,,,Four Pane,White Wood,Glass,Roller Shades,White,Cloth,151,fancy,child's room,,Stripe Walls,For sale,1.0.0,Yes,RoomTexWallStripe04,4946,N6sef3YhY973LDgdR,1352
zen architecture wall,,No,,No,1880,470,Beige,Beige,1700.0,Poki,Nook's Cranny,,,,Four Pane,Light Wood,Glass,,,Wood,151,,,,Japanese Style,For sale,2.0.0,Yes,RoomTexWallTwotone00,13333,puwFr4WzMEfameWnz,3415
